ISO-10303-21;
HEADER;
FILE_DESCRIPTION(('KiCad electronic assembly'),'2;1');
FILE_NAME('B-MT3608-BRK_R1.0_Step.step','2026-04-28T04:58:28',('Pcbnew')
  ,('Kicad'),'Open CASCADE STEP processor 7.6','KiCad to STEP converter'
  ,'Unknown');
FILE_SCHEMA(('AUTOMOTIVE_DESIGN { 1 0 10303 214 1 1 1 1 }'));
ENDSEC;
DATA;
#1 = APPLICATION_PROTOCOL_DEFINITION('international standard',
  'automotive_design',2000,#2);
#2 = APPLICATION_CONTEXT(
  'core data for automotive mechanical design processes');
#3 = SHAPE_DEFINITION_REPRESENTATION(#4,#10);
#4 = PRODUCT_DEFINITION_SHAPE('','',#5);
#5 = PRODUCT_DEFINITION('design','',#6,#9);
#6 = PRODUCT_DEFINITION_FORMATION('','',#7);
#7 = PRODUCT('B-MT3608-BRK_R1.0_Step 1','B-MT3608-BRK_R1.0_Step 1','',(
    #8));
#8 = PRODUCT_CONTEXT('',#2,'mechanical');
#9 = PRODUCT_DEFINITION_CONTEXT('part definition',#2,'design');
#10 = SHAPE_REPRESENTATION('',(#11,#15,#19,#23,#27,#31,#35,#39,#43,#47,
    #51,#55,#59),#63);
#11 = AXIS2_PLACEMENT_3D('',#12,#13,#14);
#12 = CARTESIAN_POINT('',(0.,0.,0.));
#13 = DIRECTION('',(0.,0.,1.));
#14 = DIRECTION('',(1.,0.,-0.));
#15 = AXIS2_PLACEMENT_3D('',#16,#17,#18);
#16 = CARTESIAN_POINT('',(10.1,3.425,1.595));
#17 = DIRECTION('',(0.,-0.,1.));
#18 = DIRECTION('',(1.110223024625E-16,1.,0.));
#19 = AXIS2_PLACEMENT_3D('',#20,#21,#22);
#20 = CARTESIAN_POINT('',(3.885780586188E-16,0.25,1.595));
#21 = DIRECTION('',(-0.,0.,1.));
#22 = DIRECTION('',(1.110223024625E-16,-1.,0.));
#23 = AXIS2_PLACEMENT_3D('',#24,#25,#26);
#24 = CARTESIAN_POINT('',(12.5,-4.55,1.595));
#25 = DIRECTION('',(-0.,0.,1.));
#26 = DIRECTION('',(1.110223024625E-16,-1.,0.));
#27 = AXIS2_PLACEMENT_3D('',#28,#29,#30);
#28 = CARTESIAN_POINT('',(18.6,5.5875,1.595));
#29 = DIRECTION('',(0.,-0.,1.));
#30 = DIRECTION('',(1.110223024625E-16,1.,0.));
#31 = AXIS2_PLACEMENT_3D('',#32,#33,#34);
#32 = CARTESIAN_POINT('',(-10.76,-0.59,1.595));
#33 = DIRECTION('',(0.,-0.,1.));
#34 = DIRECTION('',(1.110223024625E-16,1.,0.));
#35 = AXIS2_PLACEMENT_3D('',#36,#37,#38);
#36 = CARTESIAN_POINT('',(-8.5,-6.5,1.595));
#37 = DIRECTION('',(0.,-0.,1.));
#38 = DIRECTION('',(1.110223024625E-16,1.,0.));
#39 = AXIS2_PLACEMENT_3D('',#40,#41,#42);
#40 = CARTESIAN_POINT('',(-7.67,-0.81,1.595));
#41 = DIRECTION('',(0.,0.,1.));
#42 = DIRECTION('',(-1.,1.224646799147E-16,0.));
#43 = AXIS2_PLACEMENT_3D('',#44,#45,#46);
#44 = CARTESIAN_POINT('',(10.41,-4.55,1.595));
#45 = DIRECTION('',(-0.,0.,1.));
#46 = DIRECTION('',(1.110223024625E-16,-1.,0.));
#47 = AXIS2_PLACEMENT_3D('',#48,#49,#50);
#48 = CARTESIAN_POINT('',(16.8,5.5875,1.595));
#49 = DIRECTION('',(0.,-0.,1.));
#50 = DIRECTION('',(1.110223024625E-16,1.,0.));
#51 = AXIS2_PLACEMENT_3D('',#52,#53,#54);
#52 = CARTESIAN_POINT('',(-10.5,-6.5,1.595));
#53 = DIRECTION('',(-0.,0.,1.));
#54 = DIRECTION('',(1.110223024625E-16,-1.,0.));
#55 = AXIS2_PLACEMENT_3D('',#56,#57,#58);
#56 = CARTESIAN_POINT('',(8.29,-4.55,1.595));
#57 = DIRECTION('',(-0.,0.,1.));
#58 = DIRECTION('',(1.110223024625E-16,-1.,0.));
#59 = AXIS2_PLACEMENT_3D('',#60,#61,#62);
#60 = CARTESIAN_POINT('',(0.,0.,0.));
#61 = DIRECTION('',(0.,0.,1.));
#62 = DIRECTION('',(1.,0.,-0.));
#63 = ( GEOMETRIC_REPRESENTATION_CONTEXT(3) 
GLOBAL_UNCERTAINTY_ASSIGNED_CONTEXT((#67)) GLOBAL_UNIT_ASSIGNED_CONTEXT(
(#64,#65,#66)) REPRESENTATION_CONTEXT('Context #1',
  '3D Context with UNIT and UNCERTAINTY') );
#64 = ( LENGTH_UNIT() NAMED_UNIT(*) SI_UNIT(.MILLI.,.METRE.) );
#65 = ( NAMED_UNIT(*) PLANE_ANGLE_UNIT() SI_UNIT($,.RADIAN.) );
#66 = ( NAMED_UNIT(*) SI_UNIT($,.STERADIAN.) SOLID_ANGLE_UNIT() );
#67 = UNCERTAINTY_MEASURE_WITH_UNIT(LENGTH_MEASURE(1.E-07),#64,
  'distance_accuracy_value','confusion accuracy');
#68 = PRODUCT_RELATED_PRODUCT_CATEGORY('part',$,(#7));
#69 = SHAPE_DEFINITION_REPRESENTATION(#70,#76);
#70 = PRODUCT_DEFINITION_SHAPE('','',#71);
#71 = PRODUCT_DEFINITION('design','',#72,#75);
#72 = PRODUCT_DEFINITION_FORMATION('','',#73);
#73 = PRODUCT('D_SMC','D_SMC','',(#74));
#74 = PRODUCT_CONTEXT('',#2,'mechanical');
#75 = PRODUCT_DEFINITION_CONTEXT('part definition',#2,'design');
#76 = ADVANCED_BREP_SHAPE_REPRESENTATION('',(#11,#77),#1285);
#77 = MANIFOLD_SOLID_BREP('',#78);
#78 = CLOSED_SHELL('',(#79,#119,#202,#227,#302,#319,#336,#353,#370,#387,
    #403,#450,#485,#524,#553,#592,#621,#675,#718,#741,#764,#787,#838,
    #861,#878,#952,#976,#1043,#1055,#1067,#1084,#1113,#1136,#1159,#1176,
    #1198,#1210,#1227,#1244,#1261,#1273));
#79 = ADVANCED_FACE('',(#80),#114,.T.);
#80 = FACE_BOUND('',#81,.T.);
#81 = EDGE_LOOP('',(#82,#92,#100,#108));
#82 = ORIENTED_EDGE('',*,*,#83,.T.);
#83 = EDGE_CURVE('',#84,#86,#88,.T.);
#84 = VERTEX_POINT('',#85);
#85 = CARTESIAN_POINT('',(2.64,1.5,0.));
#86 = VERTEX_POINT('',#87);
#87 = CARTESIAN_POINT('',(3.853333333333,1.5,-2.775557561563E-17));
#88 = LINE('',#89,#90);
#89 = CARTESIAN_POINT('',(3.78,1.5,0.));
#90 = VECTOR('',#91,1.);
#91 = DIRECTION('',(1.,-3.445092848398E-16,0.));
#92 = ORIENTED_EDGE('',*,*,#93,.T.);
#93 = EDGE_CURVE('',#86,#94,#96,.T.);
#94 = VERTEX_POINT('',#95);
#95 = CARTESIAN_POINT('',(3.853333333333,-1.5,-2.775557561563E-17));
#96 = LINE('',#97,#98);
#97 = CARTESIAN_POINT('',(3.853333333333,1.5,-2.775557561563E-17));
#98 = VECTOR('',#99,1.);
#99 = DIRECTION('',(-3.445092848398E-16,-1.,0.));
#100 = ORIENTED_EDGE('',*,*,#101,.T.);
#101 = EDGE_CURVE('',#94,#102,#104,.T.);
#102 = VERTEX_POINT('',#103);
#103 = CARTESIAN_POINT('',(2.64,-1.5,0.));
#104 = LINE('',#105,#106);
#105 = CARTESIAN_POINT('',(3.78,-1.5,0.));
#106 = VECTOR('',#107,1.);
#107 = DIRECTION('',(-1.,3.445092848398E-16,0.));
#108 = ORIENTED_EDGE('',*,*,#109,.T.);
#109 = EDGE_CURVE('',#102,#84,#110,.T.);
#110 = LINE('',#111,#112);
#111 = CARTESIAN_POINT('',(2.64,-1.5,0.));
#112 = VECTOR('',#113,1.);
#113 = DIRECTION('',(3.445092848398E-16,1.,0.));
#114 = PLANE('',#115);
#115 = AXIS2_PLACEMENT_3D('',#116,#117,#118);
#116 = CARTESIAN_POINT('',(3.246666666667,-1.023932462494E-15,
    -9.881336255564E-18));
#117 = DIRECTION('',(-1.683864530617E-17,5.518604438398E-33,-1.));
#118 = DIRECTION('',(1.,-2.22044604925E-16,-1.683864530617E-17));
#119 = ADVANCED_FACE('',(#120),#197,.T.);
#120 = FACE_BOUND('',#121,.T.);
#121 = EDGE_LOOP('',(#122,#132,#139,#140,#148,#156,#166,#174,#182,#190)
  );
#122 = ORIENTED_EDGE('',*,*,#123,.F.);
#123 = EDGE_CURVE('',#124,#126,#128,.T.);
#124 = VERTEX_POINT('',#125);
#125 = CARTESIAN_POINT('',(4.,1.5,0.146666666667));
#126 = VERTEX_POINT('',#127);
#127 = CARTESIAN_POINT('',(4.,1.5,0.882438333333));
#128 = LINE('',#129,#130);
#129 = CARTESIAN_POINT('',(4.,1.5,0.));
#130 = VECTOR('',#131,1.);
#131 = DIRECTION('',(0.,0.,1.));
#132 = ORIENTED_EDGE('',*,*,#133,.T.);
#133 = EDGE_CURVE('',#124,#86,#134,.T.);
#134 = CIRCLE('',#135,0.146666666667);
#135 = AXIS2_PLACEMENT_3D('',#136,#137,#138);
#136 = CARTESIAN_POINT('',(3.853333333333,1.5,0.146666666667));
#137 = DIRECTION('',(3.445092848398E-16,1.,-0.));
#138 = DIRECTION('',(0.,0.,1.));
#139 = ORIENTED_EDGE('',*,*,#83,.F.);
#140 = ORIENTED_EDGE('',*,*,#141,.T.);
#141 = EDGE_CURVE('',#84,#142,#144,.T.);
#142 = VERTEX_POINT('',#143);
#143 = CARTESIAN_POINT('',(2.64,1.5,0.22));
#144 = LINE('',#145,#146);
#145 = CARTESIAN_POINT('',(2.64,1.5,0.));
#146 = VECTOR('',#147,1.);
#147 = DIRECTION('',(0.,0.,1.));
#148 = ORIENTED_EDGE('',*,*,#149,.F.);
#149 = EDGE_CURVE('',#150,#142,#152,.T.);
#150 = VERTEX_POINT('',#151);
#151 = CARTESIAN_POINT('',(3.722413392981,1.5,0.22));
#152 = LINE('',#153,#154);
#153 = CARTESIAN_POINT('',(3.61018227461,1.5,0.22));
#154 = VECTOR('',#155,1.);
#155 = DIRECTION('',(-1.,5.011787523891E-16,0.));
#156 = ORIENTED_EDGE('',*,*,#157,.T.);
#157 = EDGE_CURVE('',#150,#158,#160,.T.);
#158 = VERTEX_POINT('',#159);
#159 = CARTESIAN_POINT('',(3.722567987899,1.5,0.2222));
#160 = B_SPLINE_CURVE_WITH_KNOTS('',4,(#161,#162,#163,#164,#165),
  .UNSPECIFIED.,.F.,.F.,(5,5),(0.,1.),.PIECEWISE_BEZIER_KNOTS.);
#161 = CARTESIAN_POINT('',(3.722413392981,1.5,0.22));
#162 = CARTESIAN_POINT('',(3.736627291807,1.5,0.422274290687));
#163 = CARTESIAN_POINT('',(3.750841285433,1.5,0.624549930449));
#164 = CARTESIAN_POINT('',(3.765055369213,1.5,0.826826853172));
#165 = CARTESIAN_POINT('',(3.779269539012,1.5,1.029105));
#166 = ORIENTED_EDGE('',*,*,#167,.T.);
#167 = EDGE_CURVE('',#158,#168,#170,.T.);
#168 = VERTEX_POINT('',#169);
#169 = CARTESIAN_POINT('',(3.78,1.5,0.2222));
#170 = LINE('',#171,#172);
#171 = CARTESIAN_POINT('',(2.64,1.5,0.2222));
#172 = VECTOR('',#173,1.);
#173 = DIRECTION('',(1.,-3.445092848398E-16,0.));
#174 = ORIENTED_EDGE('',*,*,#175,.T.);
#175 = EDGE_CURVE('',#168,#176,#178,.T.);
#176 = VERTEX_POINT('',#177);
#177 = CARTESIAN_POINT('',(3.78,1.5,1.029105));
#178 = LINE('',#179,#180);
#179 = CARTESIAN_POINT('',(3.78,1.5,0.));
#180 = VECTOR('',#181,1.);
#181 = DIRECTION('',(0.,0.,1.));
#182 = ORIENTED_EDGE('',*,*,#183,.T.);
#183 = EDGE_CURVE('',#176,#184,#186,.T.);
#184 = VERTEX_POINT('',#185);
#185 = CARTESIAN_POINT('',(3.853333333333,1.5,1.029105));
#186 = LINE('',#187,#188);
#187 = CARTESIAN_POINT('',(3.78,1.5,1.029105));
#188 = VECTOR('',#189,1.);
#189 = DIRECTION('',(1.,-3.445092848398E-16,0.));
#190 = ORIENTED_EDGE('',*,*,#191,.F.);
#191 = EDGE_CURVE('',#126,#184,#192,.T.);
#192 = CIRCLE('',#193,0.146666666667);
#193 = AXIS2_PLACEMENT_3D('',#194,#195,#196);
#194 = CARTESIAN_POINT('',(3.853333333333,1.5,0.882438333333));
#195 = DIRECTION('',(-3.445092848398E-16,-1.,0.));
#196 = DIRECTION('',(0.,0.,1.));
#197 = PLANE('',#198);
#198 = AXIS2_PLACEMENT_3D('',#199,#200,#201);
#199 = CARTESIAN_POINT('',(3.49795115624,1.5,0.316605682137));
#200 = DIRECTION('',(5.011787523891E-16,1.,1.16718139746E-16));
#201 = DIRECTION('',(-1.,5.011787523891E-16,0.));
#202 = ADVANCED_FACE('',(#203),#222,.T.);
#203 = FACE_BOUND('',#204,.T.);
#204 = EDGE_LOOP('',(#205,#213,#220,#221));
#205 = ORIENTED_EDGE('',*,*,#206,.T.);
#206 = EDGE_CURVE('',#124,#207,#209,.T.);
#207 = VERTEX_POINT('',#208);
#208 = CARTESIAN_POINT('',(4.,-1.5,0.146666666667));
#209 = LINE('',#210,#211);
#210 = CARTESIAN_POINT('',(4.,1.5,0.146666666667));
#211 = VECTOR('',#212,1.);
#212 = DIRECTION('',(-3.445092848398E-16,-1.,0.));
#213 = ORIENTED_EDGE('',*,*,#214,.T.);
#214 = EDGE_CURVE('',#207,#94,#215,.T.);
#215 = CIRCLE('',#216,0.146666666667);
#216 = AXIS2_PLACEMENT_3D('',#217,#218,#219);
#217 = CARTESIAN_POINT('',(3.853333333333,-1.5,0.146666666667));
#218 = DIRECTION('',(3.445092848398E-16,1.,-0.));
#219 = DIRECTION('',(0.,0.,1.));
#220 = ORIENTED_EDGE('',*,*,#93,.F.);
#221 = ORIENTED_EDGE('',*,*,#133,.F.);
#222 = CYLINDRICAL_SURFACE('',#223,0.146666666667);
#223 = AXIS2_PLACEMENT_3D('',#224,#225,#226);
#224 = CARTESIAN_POINT('',(3.853333333333,1.5,0.146666666667));
#225 = DIRECTION('',(-3.445092848398E-16,-1.,0.));
#226 = DIRECTION('',(1.,-3.445092848398E-16,0.));
#227 = ADVANCED_FACE('',(#228),#297,.T.);
#228 = FACE_BOUND('',#229,.T.);
#229 = EDGE_LOOP('',(#230,#231,#239,#248,#256,#264,#272,#282,#290,#296)
  );
#230 = ORIENTED_EDGE('',*,*,#214,.F.);
#231 = ORIENTED_EDGE('',*,*,#232,.T.);
#232 = EDGE_CURVE('',#207,#233,#235,.T.);
#233 = VERTEX_POINT('',#234);
#234 = CARTESIAN_POINT('',(4.,-1.5,0.882438333333));
#235 = LINE('',#236,#237);
#236 = CARTESIAN_POINT('',(4.,-1.5,0.));
#237 = VECTOR('',#238,1.);
#238 = DIRECTION('',(0.,0.,1.));
#239 = ORIENTED_EDGE('',*,*,#240,.T.);
#240 = EDGE_CURVE('',#233,#241,#243,.T.);
#241 = VERTEX_POINT('',#242);
#242 = CARTESIAN_POINT('',(3.853333333333,-1.5,1.029105));
#243 = CIRCLE('',#244,0.146666666667);
#244 = AXIS2_PLACEMENT_3D('',#245,#246,#247);
#245 = CARTESIAN_POINT('',(3.853333333333,-1.5,0.882438333333));
#246 = DIRECTION('',(-3.445092848398E-16,-1.,0.));
#247 = DIRECTION('',(0.,0.,1.));
#248 = ORIENTED_EDGE('',*,*,#249,.T.);
#249 = EDGE_CURVE('',#241,#250,#252,.T.);
#250 = VERTEX_POINT('',#251);
#251 = CARTESIAN_POINT('',(3.78,-1.5,1.029105));
#252 = LINE('',#253,#254);
#253 = CARTESIAN_POINT('',(4.,-1.5,1.029105));
#254 = VECTOR('',#255,1.);
#255 = DIRECTION('',(-1.,3.445092848398E-16,0.));
#256 = ORIENTED_EDGE('',*,*,#257,.F.);
#257 = EDGE_CURVE('',#258,#250,#260,.T.);
#258 = VERTEX_POINT('',#259);
#259 = CARTESIAN_POINT('',(3.78,-1.5,0.2222));
#260 = LINE('',#261,#262);
#261 = CARTESIAN_POINT('',(3.78,-1.5,0.));
#262 = VECTOR('',#263,1.);
#263 = DIRECTION('',(0.,0.,1.));
#264 = ORIENTED_EDGE('',*,*,#265,.T.);
#265 = EDGE_CURVE('',#258,#266,#268,.T.);
#266 = VERTEX_POINT('',#267);
#267 = CARTESIAN_POINT('',(3.722567987899,-1.5,0.2222));
#268 = LINE('',#269,#270);
#269 = CARTESIAN_POINT('',(3.78,-1.5,0.2222));
#270 = VECTOR('',#271,1.);
#271 = DIRECTION('',(-1.,3.445092848398E-16,0.));
#272 = ORIENTED_EDGE('',*,*,#273,.F.);
#273 = EDGE_CURVE('',#274,#266,#276,.T.);
#274 = VERTEX_POINT('',#275);
#275 = CARTESIAN_POINT('',(3.722413392981,-1.5,0.22));
#276 = B_SPLINE_CURVE_WITH_KNOTS('',4,(#277,#278,#279,#280,#281),
  .UNSPECIFIED.,.F.,.F.,(5,5),(0.,1.),.PIECEWISE_BEZIER_KNOTS.);
#277 = CARTESIAN_POINT('',(3.722413392981,-1.5,0.22));
#278 = CARTESIAN_POINT('',(3.736627291807,-1.5,0.422274290687));
#279 = CARTESIAN_POINT('',(3.750841285433,-1.5,0.624549930449));
#280 = CARTESIAN_POINT('',(3.765055369213,-1.5,0.826826853172));
#281 = CARTESIAN_POINT('',(3.779269539012,-1.5,1.029105));
#282 = ORIENTED_EDGE('',*,*,#283,.F.);
#283 = EDGE_CURVE('',#284,#274,#286,.T.);
#284 = VERTEX_POINT('',#285);
#285 = CARTESIAN_POINT('',(2.64,-1.5,0.22));
#286 = LINE('',#287,#288);
#287 = CARTESIAN_POINT('',(3.61018227461,-1.5,0.22));
#288 = VECTOR('',#289,1.);
#289 = DIRECTION('',(1.,-3.20565280429E-16,-0.));
#290 = ORIENTED_EDGE('',*,*,#291,.F.);
#291 = EDGE_CURVE('',#102,#284,#292,.T.);
#292 = LINE('',#293,#294);
#293 = CARTESIAN_POINT('',(2.64,-1.5,0.));
#294 = VECTOR('',#295,1.);
#295 = DIRECTION('',(0.,0.,1.));
#296 = ORIENTED_EDGE('',*,*,#101,.F.);
#297 = PLANE('',#298);
#298 = AXIS2_PLACEMENT_3D('',#299,#300,#301);
#299 = CARTESIAN_POINT('',(3.49795115624,-1.5,0.316605682137));
#300 = DIRECTION('',(-3.20565280429E-16,-1.,-1.232586737994E-16));
#301 = DIRECTION('',(2.736892352737E-32,1.232586737994E-16,-1.));
#302 = ADVANCED_FACE('',(#303),#314,.T.);
#303 = FACE_BOUND('',#304,.T.);
#304 = EDGE_LOOP('',(#305,#306,#307,#313));
#305 = ORIENTED_EDGE('',*,*,#109,.F.);
#306 = ORIENTED_EDGE('',*,*,#291,.T.);
#307 = ORIENTED_EDGE('',*,*,#308,.F.);
#308 = EDGE_CURVE('',#142,#284,#309,.T.);
#309 = LINE('',#310,#311);
#310 = CARTESIAN_POINT('',(2.64,-2.19620669649,0.22));
#311 = VECTOR('',#312,1.);
#312 = DIRECTION('',(-3.445092848398E-16,-1.,0.));
#313 = ORIENTED_EDGE('',*,*,#141,.F.);
#314 = PLANE('',#315);
#315 = AXIS2_PLACEMENT_3D('',#316,#317,#318);
#316 = CARTESIAN_POINT('',(2.64,-1.5,0.));
#317 = DIRECTION('',(-1.,3.445092848398E-16,0.));
#318 = DIRECTION('',(3.445092848398E-16,1.,0.));
#319 = ADVANCED_FACE('',(#320),#331,.T.);
#320 = FACE_BOUND('',#321,.T.);
#321 = EDGE_LOOP('',(#322,#323,#329,#330));
#322 = ORIENTED_EDGE('',*,*,#123,.T.);
#323 = ORIENTED_EDGE('',*,*,#324,.T.);
#324 = EDGE_CURVE('',#126,#233,#325,.T.);
#325 = LINE('',#326,#327);
#326 = CARTESIAN_POINT('',(4.,1.5,0.882438333333));
#327 = VECTOR('',#328,1.);
#328 = DIRECTION('',(-3.445092848398E-16,-1.,0.));
#329 = ORIENTED_EDGE('',*,*,#232,.F.);
#330 = ORIENTED_EDGE('',*,*,#206,.F.);
#331 = PLANE('',#332);
#332 = AXIS2_PLACEMENT_3D('',#333,#334,#335);
#333 = CARTESIAN_POINT('',(4.,1.5,0.));
#334 = DIRECTION('',(1.,-3.445092848398E-16,0.));
#335 = DIRECTION('',(-3.445092848398E-16,-1.,0.));
#336 = ADVANCED_FACE('',(#337),#348,.T.);
#337 = FACE_BOUND('',#338,.T.);
#338 = EDGE_LOOP('',(#339,#340,#346,#347));
#339 = ORIENTED_EDGE('',*,*,#191,.T.);
#340 = ORIENTED_EDGE('',*,*,#341,.T.);
#341 = EDGE_CURVE('',#184,#241,#342,.T.);
#342 = LINE('',#343,#344);
#343 = CARTESIAN_POINT('',(3.853333333333,1.5,1.029105));
#344 = VECTOR('',#345,1.);
#345 = DIRECTION('',(-3.445092848398E-16,-1.,0.));
#346 = ORIENTED_EDGE('',*,*,#240,.F.);
#347 = ORIENTED_EDGE('',*,*,#324,.F.);
#348 = CYLINDRICAL_SURFACE('',#349,0.146666666667);
#349 = AXIS2_PLACEMENT_3D('',#350,#351,#352);
#350 = CARTESIAN_POINT('',(3.853333333333,1.5,0.882438333333));
#351 = DIRECTION('',(-3.445092848398E-16,-1.,0.));
#352 = DIRECTION('',(1.,-3.445092848398E-16,0.));
#353 = ADVANCED_FACE('',(#354),#365,.F.);
#354 = FACE_BOUND('',#355,.F.);
#355 = EDGE_LOOP('',(#356,#357,#358,#359));
#356 = ORIENTED_EDGE('',*,*,#183,.T.);
#357 = ORIENTED_EDGE('',*,*,#341,.T.);
#358 = ORIENTED_EDGE('',*,*,#249,.T.);
#359 = ORIENTED_EDGE('',*,*,#360,.T.);
#360 = EDGE_CURVE('',#250,#176,#361,.T.);
#361 = LINE('',#362,#363);
#362 = CARTESIAN_POINT('',(3.78,-1.5,1.029105));
#363 = VECTOR('',#364,1.);
#364 = DIRECTION('',(3.445092848398E-16,1.,0.));
#365 = PLANE('',#366);
#366 = AXIS2_PLACEMENT_3D('',#367,#368,#369);
#367 = CARTESIAN_POINT('',(3.89,-1.33226762955E-15,1.029105));
#368 = DIRECTION('',(0.,0.,-1.));
#369 = DIRECTION('',(3.445092848398E-16,1.,0.));
#370 = ADVANCED_FACE('',(#371),#382,.T.);
#371 = FACE_BOUND('',#372,.T.);
#372 = EDGE_LOOP('',(#373,#379,#380,#381));
#373 = ORIENTED_EDGE('',*,*,#374,.T.);
#374 = EDGE_CURVE('',#168,#258,#375,.T.);
#375 = LINE('',#376,#377);
#376 = CARTESIAN_POINT('',(3.78,1.5,0.2222));
#377 = VECTOR('',#378,1.);
#378 = DIRECTION('',(-3.445092848398E-16,-1.,0.));
#379 = ORIENTED_EDGE('',*,*,#257,.T.);
#380 = ORIENTED_EDGE('',*,*,#360,.T.);
#381 = ORIENTED_EDGE('',*,*,#175,.F.);
#382 = PLANE('',#383);
#383 = AXIS2_PLACEMENT_3D('',#384,#385,#386);
#384 = CARTESIAN_POINT('',(3.78,-1.5,0.));
#385 = DIRECTION('',(-1.,3.445092848398E-16,0.));
#386 = DIRECTION('',(3.445092848398E-16,1.,0.));
#387 = ADVANCED_FACE('',(#388),#398,.F.);
#388 = FACE_BOUND('',#389,.F.);
#389 = EDGE_LOOP('',(#390,#395,#396,#397));
#390 = ORIENTED_EDGE('',*,*,#391,.F.);
#391 = EDGE_CURVE('',#158,#266,#392,.T.);
#392 = B_SPLINE_CURVE_WITH_KNOTS('',1,(#393,#394),.UNSPECIFIED.,.F.,.F.,
  (2,2),(0.,1.),.PIECEWISE_BEZIER_KNOTS.);
#393 = CARTESIAN_POINT('',(3.722567987899,1.5,0.2222));
#394 = CARTESIAN_POINT('',(3.722567987899,-1.5,0.2222));
#395 = ORIENTED_EDGE('',*,*,#167,.T.);
#396 = ORIENTED_EDGE('',*,*,#374,.T.);
#397 = ORIENTED_EDGE('',*,*,#265,.T.);
#398 = PLANE('',#399);
#399 = AXIS2_PLACEMENT_3D('',#400,#401,#402);
#400 = CARTESIAN_POINT('',(3.21,-6.661338147751E-16,0.2222));
#401 = DIRECTION('',(0.,0.,-1.));
#402 = DIRECTION('',(3.445092848398E-16,1.,0.));
#403 = ADVANCED_FACE('',(#404),#445,.T.);
#404 = FACE_BOUND('',#405,.T.);
#405 = EDGE_LOOP('',(#406,#415,#421,#422,#423,#424,#432,#439));
#406 = ORIENTED_EDGE('',*,*,#407,.F.);
#407 = EDGE_CURVE('',#408,#410,#412,.T.);
#408 = VERTEX_POINT('',#409);
#409 = CARTESIAN_POINT('',(3.722413392981,-2.892413392981,0.22));
#410 = VERTEX_POINT('',#411);
#411 = CARTESIAN_POINT('',(3.78,-2.95,1.0395));
#412 = B_SPLINE_CURVE_WITH_KNOTS('',1,(#413,#414),.UNSPECIFIED.,.F.,.F.,
  (2,2),(0.,1.),.PIECEWISE_BEZIER_KNOTS.);
#413 = CARTESIAN_POINT('',(3.722413392981,-2.892413392981,0.22));
#414 = CARTESIAN_POINT('',(3.78,-2.95,1.0395));
#415 = ORIENTED_EDGE('',*,*,#416,.T.);
#416 = EDGE_CURVE('',#408,#274,#417,.T.);
#417 = LINE('',#418,#419);
#418 = CARTESIAN_POINT('',(3.722413392981,-2.892413392981,0.22));
#419 = VECTOR('',#420,1.);
#420 = DIRECTION('',(2.22044604925E-16,1.,0.));
#421 = ORIENTED_EDGE('',*,*,#273,.T.);
#422 = ORIENTED_EDGE('',*,*,#391,.F.);
#423 = ORIENTED_EDGE('',*,*,#157,.F.);
#424 = ORIENTED_EDGE('',*,*,#425,.T.);
#425 = EDGE_CURVE('',#150,#426,#428,.T.);
#426 = VERTEX_POINT('',#427);
#427 = CARTESIAN_POINT('',(3.722413392981,2.892413392981,0.22));
#428 = LINE('',#429,#430);
#429 = CARTESIAN_POINT('',(3.722413392981,-2.892413392981,0.22));
#430 = VECTOR('',#431,1.);
#431 = DIRECTION('',(2.22044604925E-16,1.,0.));
#432 = ORIENTED_EDGE('',*,*,#433,.T.);
#433 = EDGE_CURVE('',#426,#434,#436,.T.);
#434 = VERTEX_POINT('',#435);
#435 = CARTESIAN_POINT('',(3.78,2.95,1.0395));
#436 = B_SPLINE_CURVE_WITH_KNOTS('',1,(#437,#438),.UNSPECIFIED.,.F.,.F.,
  (2,2),(0.,1.),.PIECEWISE_BEZIER_KNOTS.);
#437 = CARTESIAN_POINT('',(3.722413392981,2.892413392981,0.22));
#438 = CARTESIAN_POINT('',(3.78,2.95,1.0395));
#439 = ORIENTED_EDGE('',*,*,#440,.F.);
#440 = EDGE_CURVE('',#410,#434,#441,.T.);
#441 = LINE('',#442,#443);
#442 = CARTESIAN_POINT('',(3.78,-2.95,1.0395));
#443 = VECTOR('',#444,1.);
#444 = DIRECTION('',(2.22044604925E-16,1.,0.));
#445 = B_SPLINE_SURFACE_WITH_KNOTS('',1,1,(
    (#446,#447)
    ,(#448,#449
  )),.UNSPECIFIED.,.F.,.F.,.F.,(2,2),(2,2),(0.,5.9),(0.,1.),
  .PIECEWISE_BEZIER_KNOTS.);
#446 = CARTESIAN_POINT('',(3.722413392981,-2.892413392981,0.22));
#447 = CARTESIAN_POINT('',(3.78,-2.95,1.0395));
#448 = CARTESIAN_POINT('',(3.722413392981,2.892413392981,0.22));
#449 = CARTESIAN_POINT('',(3.78,2.95,1.0395));
#450 = ADVANCED_FACE('',(#451),#480,.T.);
#451 = FACE_BOUND('',#452,.T.);
#452 = EDGE_LOOP('',(#453,#454,#462,#470,#476,#477,#478,#479));
#453 = ORIENTED_EDGE('',*,*,#416,.F.);
#454 = ORIENTED_EDGE('',*,*,#455,.F.);
#455 = EDGE_CURVE('',#456,#408,#458,.T.);
#456 = VERTEX_POINT('',#457);
#457 = CARTESIAN_POINT('',(2.5,-2.892413392981,0.22));
#458 = LINE('',#459,#460);
#459 = CARTESIAN_POINT('',(-3.722413392981,-2.892413392981,0.22));
#460 = VECTOR('',#461,1.);
#461 = DIRECTION('',(1.,-2.22044604925E-16,0.));
#462 = ORIENTED_EDGE('',*,*,#463,.T.);
#463 = EDGE_CURVE('',#456,#464,#466,.T.);
#464 = VERTEX_POINT('',#465);
#465 = CARTESIAN_POINT('',(2.5,2.892413392981,0.22));
#466 = LINE('',#467,#468);
#467 = CARTESIAN_POINT('',(2.5,-2.892413392981,0.22));
#468 = VECTOR('',#469,1.);
#469 = DIRECTION('',(2.22044604925E-16,1.,0.));
#470 = ORIENTED_EDGE('',*,*,#471,.F.);
#471 = EDGE_CURVE('',#426,#464,#472,.T.);
#472 = LINE('',#473,#474);
#473 = CARTESIAN_POINT('',(3.722413392981,2.892413392981,0.22));
#474 = VECTOR('',#475,1.);
#475 = DIRECTION('',(-1.,2.22044604925E-16,0.));
#476 = ORIENTED_EDGE('',*,*,#425,.F.);
#477 = ORIENTED_EDGE('',*,*,#149,.T.);
#478 = ORIENTED_EDGE('',*,*,#308,.T.);
#479 = ORIENTED_EDGE('',*,*,#283,.T.);
#480 = PLANE('',#481);
#481 = AXIS2_PLACEMENT_3D('',#482,#483,#484);
#482 = CARTESIAN_POINT('',(3.722413392981,-2.892413392981,0.22));
#483 = DIRECTION('',(0.,0.,-1.));
#484 = DIRECTION('',(-0.789639670435,0.613570852368,0.));
#485 = ADVANCED_FACE('',(#486),#519,.T.);
#486 = FACE_BOUND('',#487,.T.);
#487 = EDGE_LOOP('',(#488,#498,#504,#505,#506,#514));
#488 = ORIENTED_EDGE('',*,*,#489,.T.);
#489 = EDGE_CURVE('',#490,#492,#494,.T.);
#490 = VERTEX_POINT('',#491);
#491 = CARTESIAN_POINT('',(-3.722413392981,-2.892413392981,0.22));
#492 = VERTEX_POINT('',#493);
#493 = CARTESIAN_POINT('',(-2.5,-2.892413392981,0.22));
#494 = LINE('',#495,#496);
#495 = CARTESIAN_POINT('',(-3.722413392981,-2.892413392981,0.22));
#496 = VECTOR('',#497,1.);
#497 = DIRECTION('',(1.,-2.22044604925E-16,0.));
#498 = ORIENTED_EDGE('',*,*,#499,.T.);
#499 = EDGE_CURVE('',#492,#456,#500,.T.);
#500 = LINE('',#501,#502);
#501 = CARTESIAN_POINT('',(-2.5,-2.892413392981,0.22));
#502 = VECTOR('',#503,1.);
#503 = DIRECTION('',(1.,-2.22044604925E-16,0.));
#504 = ORIENTED_EDGE('',*,*,#455,.T.);
#505 = ORIENTED_EDGE('',*,*,#407,.T.);
#506 = ORIENTED_EDGE('',*,*,#507,.F.);
#507 = EDGE_CURVE('',#508,#410,#510,.T.);
#508 = VERTEX_POINT('',#509);
#509 = CARTESIAN_POINT('',(-3.78,-2.95,1.0395));
#510 = LINE('',#511,#512);
#511 = CARTESIAN_POINT('',(-3.78,-2.95,1.0395));
#512 = VECTOR('',#513,1.);
#513 = DIRECTION('',(1.,-2.22044604925E-16,0.));
#514 = ORIENTED_EDGE('',*,*,#515,.F.);
#515 = EDGE_CURVE('',#490,#508,#516,.T.);
#516 = B_SPLINE_CURVE_WITH_KNOTS('',1,(#517,#518),.UNSPECIFIED.,.F.,.F.,
  (2,2),(0.,1.),.PIECEWISE_BEZIER_KNOTS.);
#517 = CARTESIAN_POINT('',(-3.722413392981,-2.892413392981,0.22));
#518 = CARTESIAN_POINT('',(-3.78,-2.95,1.0395));
#519 = B_SPLINE_SURFACE_WITH_KNOTS('',1,1,(
    (#520,#521)
    ,(#522,#523
    )),.UNSPECIFIED.,.F.,.F.,.F.,(2,2),(2,2),(0.,7.56),(0.,1.),
  .PIECEWISE_BEZIER_KNOTS.);
#520 = CARTESIAN_POINT('',(-3.722413392981,-2.892413392981,0.22));
#521 = CARTESIAN_POINT('',(-3.78,-2.95,1.0395));
#522 = CARTESIAN_POINT('',(3.722413392981,-2.892413392981,0.22));
#523 = CARTESIAN_POINT('',(3.78,-2.95,1.0395));
#524 = ADVANCED_FACE('',(#525),#548,.T.);
#525 = FACE_BOUND('',#526,.T.);
#526 = EDGE_LOOP('',(#527,#528,#535,#543));
#527 = ORIENTED_EDGE('',*,*,#440,.T.);
#528 = ORIENTED_EDGE('',*,*,#529,.T.);
#529 = EDGE_CURVE('',#434,#530,#532,.T.);
#530 = VERTEX_POINT('',#531);
#531 = CARTESIAN_POINT('',(3.690721434755,2.860721434755,2.31));
#532 = B_SPLINE_CURVE_WITH_KNOTS('',1,(#533,#534),.UNSPECIFIED.,.F.,.F.,
  (2,2),(0.,1.),.PIECEWISE_BEZIER_KNOTS.);
#533 = CARTESIAN_POINT('',(3.78,2.95,1.0395));
#534 = CARTESIAN_POINT('',(3.690721434755,2.860721434755,2.31));
#535 = ORIENTED_EDGE('',*,*,#536,.F.);
#536 = EDGE_CURVE('',#537,#530,#539,.T.);
#537 = VERTEX_POINT('',#538);
#538 = CARTESIAN_POINT('',(3.690721434755,-2.860721434755,2.31));
#539 = LINE('',#540,#541);
#540 = CARTESIAN_POINT('',(3.690721434755,-2.860721434755,2.31));
#541 = VECTOR('',#542,1.);
#542 = DIRECTION('',(2.22044604925E-16,1.,0.));
#543 = ORIENTED_EDGE('',*,*,#544,.F.);
#544 = EDGE_CURVE('',#410,#537,#545,.T.);
#545 = B_SPLINE_CURVE_WITH_KNOTS('',1,(#546,#547),.UNSPECIFIED.,.F.,.F.,
  (2,2),(0.,1.),.PIECEWISE_BEZIER_KNOTS.);
#546 = CARTESIAN_POINT('',(3.78,-2.95,1.0395));
#547 = CARTESIAN_POINT('',(3.690721434755,-2.860721434755,2.31));
#548 = B_SPLINE_SURFACE_WITH_KNOTS('',1,1,(
    (#549,#550)
    ,(#551,#552
  )),.UNSPECIFIED.,.F.,.F.,.F.,(2,2),(2,2),(0.,5.9),(0.,1.),
  .PIECEWISE_BEZIER_KNOTS.);
#549 = CARTESIAN_POINT('',(3.78,-2.95,1.0395));
#550 = CARTESIAN_POINT('',(3.690721434755,-2.860721434755,2.31));
#551 = CARTESIAN_POINT('',(3.78,2.95,1.0395));
#552 = CARTESIAN_POINT('',(3.690721434755,2.860721434755,2.31));
#553 = ADVANCED_FACE('',(#554),#587,.T.);
#554 = FACE_BOUND('',#555,.T.);
#555 = EDGE_LOOP('',(#556,#557,#565,#573,#580,#586));
#556 = ORIENTED_EDGE('',*,*,#471,.T.);
#557 = ORIENTED_EDGE('',*,*,#558,.T.);
#558 = EDGE_CURVE('',#464,#559,#561,.T.);
#559 = VERTEX_POINT('',#560);
#560 = CARTESIAN_POINT('',(-2.5,2.892413392981,0.22));
#561 = LINE('',#562,#563);
#562 = CARTESIAN_POINT('',(2.5,2.892413392981,0.22));
#563 = VECTOR('',#564,1.);
#564 = DIRECTION('',(-1.,2.22044604925E-16,0.));
#565 = ORIENTED_EDGE('',*,*,#566,.T.);
#566 = EDGE_CURVE('',#559,#567,#569,.T.);
#567 = VERTEX_POINT('',#568);
#568 = CARTESIAN_POINT('',(-3.722413392981,2.892413392981,0.22));
#569 = LINE('',#570,#571);
#570 = CARTESIAN_POINT('',(3.722413392981,2.892413392981,0.22));
#571 = VECTOR('',#572,1.);
#572 = DIRECTION('',(-1.,2.22044604925E-16,0.));
#573 = ORIENTED_EDGE('',*,*,#574,.T.);
#574 = EDGE_CURVE('',#567,#575,#577,.T.);
#575 = VERTEX_POINT('',#576);
#576 = CARTESIAN_POINT('',(-3.78,2.95,1.0395));
#577 = B_SPLINE_CURVE_WITH_KNOTS('',1,(#578,#579),.UNSPECIFIED.,.F.,.F.,
  (2,2),(0.,1.),.PIECEWISE_BEZIER_KNOTS.);
#578 = CARTESIAN_POINT('',(-3.722413392981,2.892413392981,0.22));
#579 = CARTESIAN_POINT('',(-3.78,2.95,1.0395));
#580 = ORIENTED_EDGE('',*,*,#581,.F.);
#581 = EDGE_CURVE('',#434,#575,#582,.T.);
#582 = LINE('',#583,#584);
#583 = CARTESIAN_POINT('',(3.78,2.95,1.0395));
#584 = VECTOR('',#585,1.);
#585 = DIRECTION('',(-1.,2.22044604925E-16,0.));
#586 = ORIENTED_EDGE('',*,*,#433,.F.);
#587 = B_SPLINE_SURFACE_WITH_KNOTS('',1,1,(
    (#588,#589)
    ,(#590,#591
    )),.UNSPECIFIED.,.F.,.F.,.F.,(2,2),(2,2),(0.,7.56),(0.,1.),
  .PIECEWISE_BEZIER_KNOTS.);
#588 = CARTESIAN_POINT('',(3.722413392981,2.892413392981,0.22));
#589 = CARTESIAN_POINT('',(3.78,2.95,1.0395));
#590 = CARTESIAN_POINT('',(-3.722413392981,2.892413392981,0.22));
#591 = CARTESIAN_POINT('',(-3.78,2.95,1.0395));
#592 = ADVANCED_FACE('',(#593),#616,.T.);
#593 = FACE_BOUND('',#594,.T.);
#594 = EDGE_LOOP('',(#595,#605,#610,#611));
#595 = ORIENTED_EDGE('',*,*,#596,.T.);
#596 = EDGE_CURVE('',#597,#599,#601,.T.);
#597 = VERTEX_POINT('',#598);
#598 = CARTESIAN_POINT('',(2.5,-2.876953901163,0.));
#599 = VERTEX_POINT('',#600);
#600 = CARTESIAN_POINT('',(2.5,2.876953901163,0.));
#601 = LINE('',#602,#603);
#602 = CARTESIAN_POINT('',(2.5,-2.876953901163,0.));
#603 = VECTOR('',#604,1.);
#604 = DIRECTION('',(2.22044604925E-16,1.,0.));
#605 = ORIENTED_EDGE('',*,*,#606,.T.);
#606 = EDGE_CURVE('',#599,#464,#607,.T.);
#607 = B_SPLINE_CURVE_WITH_KNOTS('',1,(#608,#609),.UNSPECIFIED.,.F.,.F.,
  (2,2),(0.,1.),.PIECEWISE_BEZIER_KNOTS.);
#608 = CARTESIAN_POINT('',(2.5,2.876953901163,0.));
#609 = CARTESIAN_POINT('',(2.5,2.892413392981,0.22));
#610 = ORIENTED_EDGE('',*,*,#463,.F.);
#611 = ORIENTED_EDGE('',*,*,#612,.F.);
#612 = EDGE_CURVE('',#597,#456,#613,.T.);
#613 = B_SPLINE_CURVE_WITH_KNOTS('',1,(#614,#615),.UNSPECIFIED.,.F.,.F.,
  (2,2),(0.,1.),.PIECEWISE_BEZIER_KNOTS.);
#614 = CARTESIAN_POINT('',(2.5,-2.876953901163,0.));
#615 = CARTESIAN_POINT('',(2.5,-2.892413392981,0.22));
#616 = B_SPLINE_SURFACE_WITH_KNOTS('',1,1,(
    (#617,#618)
    ,(#619,#620
    )),.UNSPECIFIED.,.F.,.F.,.F.,(2,2),(2,2),(0.,5.784826785961),(0.,1.)
  ,.PIECEWISE_BEZIER_KNOTS.);
#617 = CARTESIAN_POINT('',(2.5,-2.876953901163,0.));
#618 = CARTESIAN_POINT('',(2.5,-2.892413392981,0.22));
#619 = CARTESIAN_POINT('',(2.5,2.876953901163,0.));
#620 = CARTESIAN_POINT('',(2.5,2.892413392981,0.22));
#621 = ADVANCED_FACE('',(#622),#670,.T.);
#622 = FACE_BOUND('',#623,.T.);
#623 = EDGE_LOOP('',(#624,#625,#631,#632,#640,#648,#656,#664));
#624 = ORIENTED_EDGE('',*,*,#566,.F.);
#625 = ORIENTED_EDGE('',*,*,#626,.T.);
#626 = EDGE_CURVE('',#559,#492,#627,.T.);
#627 = LINE('',#628,#629);
#628 = CARTESIAN_POINT('',(-2.5,2.892413392981,0.22));
#629 = VECTOR('',#630,1.);
#630 = DIRECTION('',(-2.22044604925E-16,-1.,0.));
#631 = ORIENTED_EDGE('',*,*,#489,.F.);
#632 = ORIENTED_EDGE('',*,*,#633,.F.);
#633 = EDGE_CURVE('',#634,#490,#636,.T.);
#634 = VERTEX_POINT('',#635);
#635 = CARTESIAN_POINT('',(-3.722413392981,-1.5,0.22));
#636 = LINE('',#637,#638);
#637 = CARTESIAN_POINT('',(-3.722413392981,2.892413392981,0.22));
#638 = VECTOR('',#639,1.);
#639 = DIRECTION('',(-2.22044604925E-16,-1.,0.));
#640 = ORIENTED_EDGE('',*,*,#641,.T.);
#641 = EDGE_CURVE('',#634,#642,#644,.T.);
#642 = VERTEX_POINT('',#643);
#643 = CARTESIAN_POINT('',(-2.64,-1.5,0.22));
#644 = LINE('',#645,#646);
#645 = CARTESIAN_POINT('',(0.11223111837,-1.5,0.22));
#646 = VECTOR('',#647,1.);
#647 = DIRECTION('',(1.,-2.22044604925E-16,0.));
#648 = ORIENTED_EDGE('',*,*,#649,.T.);
#649 = EDGE_CURVE('',#642,#650,#652,.T.);
#650 = VERTEX_POINT('',#651);
#651 = CARTESIAN_POINT('',(-2.64,1.5,0.22));
#652 = LINE('',#653,#654);
#653 = CARTESIAN_POINT('',(-2.64,-0.69620669649,0.22));
#654 = VECTOR('',#655,1.);
#655 = DIRECTION('',(2.22044604925E-16,1.,0.));
#656 = ORIENTED_EDGE('',*,*,#657,.T.);
#657 = EDGE_CURVE('',#650,#658,#660,.T.);
#658 = VERTEX_POINT('',#659);
#659 = CARTESIAN_POINT('',(-3.722413392981,1.5,0.22));
#660 = LINE('',#661,#662);
#661 = CARTESIAN_POINT('',(0.11223111837,1.5,0.22));
#662 = VECTOR('',#663,1.);
#663 = DIRECTION('',(-1.,2.22044604925E-16,0.));
#664 = ORIENTED_EDGE('',*,*,#665,.F.);
#665 = EDGE_CURVE('',#567,#658,#666,.T.);
#666 = LINE('',#667,#668);
#667 = CARTESIAN_POINT('',(-3.722413392981,2.892413392981,0.22));
#668 = VECTOR('',#669,1.);
#669 = DIRECTION('',(-2.22044604925E-16,-1.,0.));
#670 = PLANE('',#671);
#671 = AXIS2_PLACEMENT_3D('',#672,#673,#674);
#672 = CARTESIAN_POINT('',(3.722413392981,-2.892413392981,0.22));
#673 = DIRECTION('',(0.,0.,-1.));
#674 = DIRECTION('',(-0.789639670435,0.613570852368,0.));
#675 = ADVANCED_FACE('',(#676),#713,.T.);
#676 = FACE_BOUND('',#677,.T.);
#677 = EDGE_LOOP('',(#678,#679,#680,#690,#697,#705,#706,#707));
#678 = ORIENTED_EDGE('',*,*,#574,.F.);
#679 = ORIENTED_EDGE('',*,*,#665,.T.);
#680 = ORIENTED_EDGE('',*,*,#681,.T.);
#681 = EDGE_CURVE('',#658,#682,#684,.T.);
#682 = VERTEX_POINT('',#683);
#683 = CARTESIAN_POINT('',(-3.722567987899,1.5,0.2222));
#684 = B_SPLINE_CURVE_WITH_KNOTS('',4,(#685,#686,#687,#688,#689),
  .UNSPECIFIED.,.F.,.F.,(5,5),(0.,1.),.PIECEWISE_BEZIER_KNOTS.);
#685 = CARTESIAN_POINT('',(-3.722413392981,1.5,0.22));
#686 = CARTESIAN_POINT('',(-3.736627291807,1.5,0.422274290687));
#687 = CARTESIAN_POINT('',(-3.750841285433,1.5,0.624549930449));
#688 = CARTESIAN_POINT('',(-3.765055369213,1.5,0.826826853172));
#689 = CARTESIAN_POINT('',(-3.779269539012,1.5,1.029105));
#690 = ORIENTED_EDGE('',*,*,#691,.F.);
#691 = EDGE_CURVE('',#692,#682,#694,.T.);
#692 = VERTEX_POINT('',#693);
#693 = CARTESIAN_POINT('',(-3.722567987899,-1.5,0.2222));
#694 = B_SPLINE_CURVE_WITH_KNOTS('',1,(#695,#696),.UNSPECIFIED.,.F.,.F.,
  (2,2),(0.,1.),.PIECEWISE_BEZIER_KNOTS.);
#695 = CARTESIAN_POINT('',(-3.722567987899,-1.5,0.2222));
#696 = CARTESIAN_POINT('',(-3.722567987899,1.5,0.2222));
#697 = ORIENTED_EDGE('',*,*,#698,.F.);
#698 = EDGE_CURVE('',#634,#692,#699,.T.);
#699 = B_SPLINE_CURVE_WITH_KNOTS('',4,(#700,#701,#702,#703,#704),
  .UNSPECIFIED.,.F.,.F.,(5,5),(0.,1.),.PIECEWISE_BEZIER_KNOTS.);
#700 = CARTESIAN_POINT('',(-3.722413392981,-1.5,0.22));
#701 = CARTESIAN_POINT('',(-3.736627291807,-1.5,0.422274290687));
#702 = CARTESIAN_POINT('',(-3.750841285433,-1.5,0.624549930449));
#703 = CARTESIAN_POINT('',(-3.765055369213,-1.5,0.826826853172));
#704 = CARTESIAN_POINT('',(-3.779269539012,-1.5,1.029105));
#705 = ORIENTED_EDGE('',*,*,#633,.T.);
#706 = ORIENTED_EDGE('',*,*,#515,.T.);
#707 = ORIENTED_EDGE('',*,*,#708,.F.);
#708 = EDGE_CURVE('',#575,#508,#709,.T.);
#709 = LINE('',#710,#711);
#710 = CARTESIAN_POINT('',(-3.78,2.95,1.0395));
#711 = VECTOR('',#712,1.);
#712 = DIRECTION('',(-2.22044604925E-16,-1.,0.));
#713 = B_SPLINE_SURFACE_WITH_KNOTS('',1,1,(
    (#714,#715)
    ,(#716,#717
  )),.UNSPECIFIED.,.F.,.F.,.F.,(2,2),(2,2),(0.,5.9),(0.,1.),
  .PIECEWISE_BEZIER_KNOTS.);
#714 = CARTESIAN_POINT('',(-3.722413392981,2.892413392981,0.22));
#715 = CARTESIAN_POINT('',(-3.78,2.95,1.0395));
#716 = CARTESIAN_POINT('',(-3.722413392981,-2.892413392981,0.22));
#717 = CARTESIAN_POINT('',(-3.78,-2.95,1.0395));
#718 = ADVANCED_FACE('',(#719),#736,.T.);
#719 = FACE_BOUND('',#720,.T.);
#720 = EDGE_LOOP('',(#721,#729,#730,#731));
#721 = ORIENTED_EDGE('',*,*,#722,.T.);
#722 = EDGE_CURVE('',#723,#597,#725,.T.);
#723 = VERTEX_POINT('',#724);
#724 = CARTESIAN_POINT('',(-2.5,-2.876953901163,0.));
#725 = LINE('',#726,#727);
#726 = CARTESIAN_POINT('',(-2.5,-2.876953901163,0.));
#727 = VECTOR('',#728,1.);
#728 = DIRECTION('',(1.,-2.22044604925E-16,0.));
#729 = ORIENTED_EDGE('',*,*,#612,.T.);
#730 = ORIENTED_EDGE('',*,*,#499,.F.);
#731 = ORIENTED_EDGE('',*,*,#732,.F.);
#732 = EDGE_CURVE('',#723,#492,#733,.T.);
#733 = B_SPLINE_CURVE_WITH_KNOTS('',1,(#734,#735),.UNSPECIFIED.,.F.,.F.,
  (2,2),(0.,1.),.PIECEWISE_BEZIER_KNOTS.);
#734 = CARTESIAN_POINT('',(-2.5,-2.876953901163,0.));
#735 = CARTESIAN_POINT('',(-2.5,-2.892413392981,0.22));
#736 = PLANE('',#737);
#737 = AXIS2_PLACEMENT_3D('',#738,#739,#740);
#738 = CARTESIAN_POINT('',(-2.5,-2.892413392981,0.22));
#739 = DIRECTION('',(-2.214984063823E-16,-0.997540140447,
    -7.009756199374E-02));
#740 = DIRECTION('',(1.,-2.22044604925E-16,-1.177128382009E-30));
#741 = ADVANCED_FACE('',(#742),#759,.T.);
#742 = FACE_BOUND('',#743,.T.);
#743 = EDGE_LOOP('',(#744,#745,#746,#754));
#744 = ORIENTED_EDGE('',*,*,#507,.T.);
#745 = ORIENTED_EDGE('',*,*,#544,.T.);
#746 = ORIENTED_EDGE('',*,*,#747,.F.);
#747 = EDGE_CURVE('',#748,#537,#750,.T.);
#748 = VERTEX_POINT('',#749);
#749 = CARTESIAN_POINT('',(-3.690721434755,-2.860721434755,2.31));
#750 = LINE('',#751,#752);
#751 = CARTESIAN_POINT('',(-3.690721434755,-2.860721434755,2.31));
#752 = VECTOR('',#753,1.);
#753 = DIRECTION('',(1.,-2.22044604925E-16,0.));
#754 = ORIENTED_EDGE('',*,*,#755,.F.);
#755 = EDGE_CURVE('',#508,#748,#756,.T.);
#756 = B_SPLINE_CURVE_WITH_KNOTS('',1,(#757,#758),.UNSPECIFIED.,.F.,.F.,
  (2,2),(0.,1.),.PIECEWISE_BEZIER_KNOTS.);
#757 = CARTESIAN_POINT('',(-3.78,-2.95,1.0395));
#758 = CARTESIAN_POINT('',(-3.690721434755,-2.860721434755,2.31));
#759 = B_SPLINE_SURFACE_WITH_KNOTS('',1,1,(
    (#760,#761)
    ,(#762,#763
    )),.UNSPECIFIED.,.F.,.F.,.F.,(2,2),(2,2),(0.,7.56),(0.,1.),
  .PIECEWISE_BEZIER_KNOTS.);
#760 = CARTESIAN_POINT('',(-3.78,-2.95,1.0395));
#761 = CARTESIAN_POINT('',(-3.690721434755,-2.860721434755,2.31));
#762 = CARTESIAN_POINT('',(3.78,-2.95,1.0395));
#763 = CARTESIAN_POINT('',(3.690721434755,-2.860721434755,2.31));
#764 = ADVANCED_FACE('',(#765),#782,.T.);
#765 = FACE_BOUND('',#766,.T.);
#766 = EDGE_LOOP('',(#767,#768,#775,#781));
#767 = ORIENTED_EDGE('',*,*,#581,.T.);
#768 = ORIENTED_EDGE('',*,*,#769,.T.);
#769 = EDGE_CURVE('',#575,#770,#772,.T.);
#770 = VERTEX_POINT('',#771);
#771 = CARTESIAN_POINT('',(-3.690721434755,2.860721434755,2.31));
#772 = B_SPLINE_CURVE_WITH_KNOTS('',1,(#773,#774),.UNSPECIFIED.,.F.,.F.,
  (2,2),(0.,1.),.PIECEWISE_BEZIER_KNOTS.);
#773 = CARTESIAN_POINT('',(-3.78,2.95,1.0395));
#774 = CARTESIAN_POINT('',(-3.690721434755,2.860721434755,2.31));
#775 = ORIENTED_EDGE('',*,*,#776,.F.);
#776 = EDGE_CURVE('',#530,#770,#777,.T.);
#777 = LINE('',#778,#779);
#778 = CARTESIAN_POINT('',(3.690721434755,2.860721434755,2.31));
#779 = VECTOR('',#780,1.);
#780 = DIRECTION('',(-1.,2.22044604925E-16,0.));
#781 = ORIENTED_EDGE('',*,*,#529,.F.);
#782 = B_SPLINE_SURFACE_WITH_KNOTS('',1,1,(
    (#783,#784)
    ,(#785,#786
    )),.UNSPECIFIED.,.F.,.F.,.F.,(2,2),(2,2),(0.,7.56),(0.,1.),
  .PIECEWISE_BEZIER_KNOTS.);
#783 = CARTESIAN_POINT('',(3.78,2.95,1.0395));
#784 = CARTESIAN_POINT('',(3.690721434755,2.860721434755,2.31));
#785 = CARTESIAN_POINT('',(-3.78,2.95,1.0395));
#786 = CARTESIAN_POINT('',(-3.690721434755,2.860721434755,2.31));
#787 = ADVANCED_FACE('',(#788,#799),#833,.F.);
#788 = FACE_BOUND('',#789,.F.);
#789 = EDGE_LOOP('',(#790,#791,#792,#798));
#790 = ORIENTED_EDGE('',*,*,#536,.F.);
#791 = ORIENTED_EDGE('',*,*,#747,.F.);
#792 = ORIENTED_EDGE('',*,*,#793,.F.);
#793 = EDGE_CURVE('',#770,#748,#794,.T.);
#794 = LINE('',#795,#796);
#795 = CARTESIAN_POINT('',(-3.690721434755,2.860721434755,2.31));
#796 = VECTOR('',#797,1.);
#797 = DIRECTION('',(-2.22044604925E-16,-1.,0.));
#798 = ORIENTED_EDGE('',*,*,#776,.F.);
#799 = FACE_BOUND('',#800,.F.);
#800 = EDGE_LOOP('',(#801,#811,#819,#827));
#801 = ORIENTED_EDGE('',*,*,#802,.T.);
#802 = EDGE_CURVE('',#803,#805,#807,.T.);
#803 = VERTEX_POINT('',#804);
#804 = CARTESIAN_POINT('',(-3.001442869511,2.771442869511,2.31));
#805 = VERTEX_POINT('',#806);
#806 = CARTESIAN_POINT('',(-3.601442869511,2.771442869511,2.31));
#807 = LINE('',#808,#809);
#808 = CARTESIAN_POINT('',(-3.001442869511,2.771442869511,2.31));
#809 = VECTOR('',#810,1.);
#810 = DIRECTION('',(-1.,2.22044604925E-16,0.));
#811 = ORIENTED_EDGE('',*,*,#812,.T.);
#812 = EDGE_CURVE('',#805,#813,#815,.T.);
#813 = VERTEX_POINT('',#814);
#814 = CARTESIAN_POINT('',(-3.601442869511,-2.771442869511,2.31));
#815 = LINE('',#816,#817);
#816 = CARTESIAN_POINT('',(-3.601442869511,2.771442869511,2.31));
#817 = VECTOR('',#818,1.);
#818 = DIRECTION('',(-2.22044604925E-16,-1.,0.));
#819 = ORIENTED_EDGE('',*,*,#820,.T.);
#820 = EDGE_CURVE('',#813,#821,#823,.T.);
#821 = VERTEX_POINT('',#822);
#822 = CARTESIAN_POINT('',(-3.001442869511,-2.771442869511,2.31));
#823 = LINE('',#824,#825);
#824 = CARTESIAN_POINT('',(-3.601442869511,-2.771442869511,2.31));
#825 = VECTOR('',#826,1.);
#826 = DIRECTION('',(1.,-2.22044604925E-16,0.));
#827 = ORIENTED_EDGE('',*,*,#828,.T.);
#828 = EDGE_CURVE('',#821,#803,#829,.T.);
#829 = LINE('',#830,#831);
#830 = CARTESIAN_POINT('',(-3.001442869511,-2.771442869511,2.31));
#831 = VECTOR('',#832,1.);
#832 = DIRECTION('',(2.22044604925E-16,1.,0.));
#833 = PLANE('',#834);
#834 = AXIS2_PLACEMENT_3D('',#835,#836,#837);
#835 = CARTESIAN_POINT('',(3.690721434755,-2.860721434755,2.31));
#836 = DIRECTION('',(0.,0.,-1.));
#837 = DIRECTION('',(-0.790372296923,0.612626829528,0.));
#838 = ADVANCED_FACE('',(#839),#856,.T.);
#839 = FACE_BOUND('',#840,.T.);
#840 = EDGE_LOOP('',(#841,#849,#854,#855));
#841 = ORIENTED_EDGE('',*,*,#842,.T.);
#842 = EDGE_CURVE('',#599,#843,#845,.T.);
#843 = VERTEX_POINT('',#844);
#844 = CARTESIAN_POINT('',(-2.5,2.876953901163,0.));
#845 = LINE('',#846,#847);
#846 = CARTESIAN_POINT('',(2.5,2.876953901163,0.));
#847 = VECTOR('',#848,1.);
#848 = DIRECTION('',(-1.,2.22044604925E-16,0.));
#849 = ORIENTED_EDGE('',*,*,#850,.T.);
#850 = EDGE_CURVE('',#843,#559,#851,.T.);
#851 = B_SPLINE_CURVE_WITH_KNOTS('',1,(#852,#853),.UNSPECIFIED.,.F.,.F.,
  (2,2),(0.,1.),.PIECEWISE_BEZIER_KNOTS.);
#852 = CARTESIAN_POINT('',(-2.5,2.876953901163,0.));
#853 = CARTESIAN_POINT('',(-2.5,2.892413392981,0.22));
#854 = ORIENTED_EDGE('',*,*,#558,.F.);
#855 = ORIENTED_EDGE('',*,*,#606,.F.);
#856 = PLANE('',#857);
#857 = AXIS2_PLACEMENT_3D('',#858,#859,#860);
#858 = CARTESIAN_POINT('',(2.5,2.892413392981,0.22));
#859 = DIRECTION('',(2.214984063823E-16,0.997540140447,
    -7.009756199374E-02));
#860 = DIRECTION('',(-1.,2.22044604925E-16,-1.177128382009E-30));
#861 = ADVANCED_FACE('',(#862),#873,.T.);
#862 = FACE_BOUND('',#863,.F.);
#863 = EDGE_LOOP('',(#864,#865,#866,#872));
#864 = ORIENTED_EDGE('',*,*,#596,.T.);
#865 = ORIENTED_EDGE('',*,*,#842,.T.);
#866 = ORIENTED_EDGE('',*,*,#867,.T.);
#867 = EDGE_CURVE('',#843,#723,#868,.T.);
#868 = LINE('',#869,#870);
#869 = CARTESIAN_POINT('',(-2.5,2.876953901163,0.));
#870 = VECTOR('',#871,1.);
#871 = DIRECTION('',(-2.22044604925E-16,-1.,0.));
#872 = ORIENTED_EDGE('',*,*,#722,.T.);
#873 = PLANE('',#874);
#874 = AXIS2_PLACEMENT_3D('',#875,#876,#877);
#875 = CARTESIAN_POINT('',(2.5,-2.876953901163,0.));
#876 = DIRECTION('',(0.,0.,-1.));
#877 = DIRECTION('',(-0.655924838549,0.754826209253,0.));
#878 = ADVANCED_FACE('',(#879),#947,.T.);
#879 = FACE_BOUND('',#880,.T.);
#880 = EDGE_LOOP('',(#881,#892,#900,#909,#917,#925,#931,#932,#933,#941)
  );
#881 = ORIENTED_EDGE('',*,*,#882,.F.);
#882 = EDGE_CURVE('',#883,#885,#887,.T.);
#883 = VERTEX_POINT('',#884);
#884 = CARTESIAN_POINT('',(-4.,1.5,0.146666666667));
#885 = VERTEX_POINT('',#886);
#886 = CARTESIAN_POINT('',(-3.853333333333,1.5,-2.775557561563E-17));
#887 = CIRCLE('',#888,0.146666666667);
#888 = AXIS2_PLACEMENT_3D('',#889,#890,#891);
#889 = CARTESIAN_POINT('',(-3.853333333333,1.5,0.146666666667));
#890 = DIRECTION('',(-2.22044604925E-16,-1.,0.));
#891 = DIRECTION('',(0.,0.,1.));
#892 = ORIENTED_EDGE('',*,*,#893,.T.);
#893 = EDGE_CURVE('',#883,#894,#896,.T.);
#894 = VERTEX_POINT('',#895);
#895 = CARTESIAN_POINT('',(-4.,1.5,0.882438333333));
#896 = LINE('',#897,#898);
#897 = CARTESIAN_POINT('',(-4.,1.5,0.));
#898 = VECTOR('',#899,1.);
#899 = DIRECTION('',(0.,0.,1.));
#900 = ORIENTED_EDGE('',*,*,#901,.T.);
#901 = EDGE_CURVE('',#894,#902,#904,.T.);
#902 = VERTEX_POINT('',#903);
#903 = CARTESIAN_POINT('',(-3.853333333333,1.5,1.029105));
#904 = CIRCLE('',#905,0.146666666667);
#905 = AXIS2_PLACEMENT_3D('',#906,#907,#908);
#906 = CARTESIAN_POINT('',(-3.853333333333,1.5,0.882438333333));
#907 = DIRECTION('',(2.22044604925E-16,1.,-0.));
#908 = DIRECTION('',(0.,0.,1.));
#909 = ORIENTED_EDGE('',*,*,#910,.T.);
#910 = EDGE_CURVE('',#902,#911,#913,.T.);
#911 = VERTEX_POINT('',#912);
#912 = CARTESIAN_POINT('',(-3.78,1.5,1.029105));
#913 = LINE('',#914,#915);
#914 = CARTESIAN_POINT('',(-4.,1.5,1.029105));
#915 = VECTOR('',#916,1.);
#916 = DIRECTION('',(1.,-2.22044604925E-16,0.));
#917 = ORIENTED_EDGE('',*,*,#918,.F.);
#918 = EDGE_CURVE('',#919,#911,#921,.T.);
#919 = VERTEX_POINT('',#920);
#920 = CARTESIAN_POINT('',(-3.78,1.5,0.2222));
#921 = LINE('',#922,#923);
#922 = CARTESIAN_POINT('',(-3.78,1.5,0.));
#923 = VECTOR('',#924,1.);
#924 = DIRECTION('',(0.,0.,1.));
#925 = ORIENTED_EDGE('',*,*,#926,.T.);
#926 = EDGE_CURVE('',#919,#682,#927,.T.);
#927 = LINE('',#928,#929);
#928 = CARTESIAN_POINT('',(-3.78,1.5,0.2222));
#929 = VECTOR('',#930,1.);
#930 = DIRECTION('',(1.,-2.22044604925E-16,0.));
#931 = ORIENTED_EDGE('',*,*,#681,.F.);
#932 = ORIENTED_EDGE('',*,*,#657,.F.);
#933 = ORIENTED_EDGE('',*,*,#934,.F.);
#934 = EDGE_CURVE('',#935,#650,#937,.T.);
#935 = VERTEX_POINT('',#936);
#936 = CARTESIAN_POINT('',(-2.64,1.5,0.));
#937 = LINE('',#938,#939);
#938 = CARTESIAN_POINT('',(-2.64,1.5,0.));
#939 = VECTOR('',#940,1.);
#940 = DIRECTION('',(0.,0.,1.));
#941 = ORIENTED_EDGE('',*,*,#942,.F.);
#942 = EDGE_CURVE('',#885,#935,#943,.T.);
#943 = LINE('',#944,#945);
#944 = CARTESIAN_POINT('',(-3.78,1.5,0.));
#945 = VECTOR('',#946,1.);
#946 = DIRECTION('',(1.,-2.22044604925E-16,0.));
#947 = PLANE('',#948);
#948 = AXIS2_PLACEMENT_3D('',#949,#950,#951);
#949 = CARTESIAN_POINT('',(-3.49795115624,1.5,0.316605682137));
#950 = DIRECTION('',(2.22044604925E-16,1.,4.479125387751E-31));
#951 = DIRECTION('',(-1.,2.22044604925E-16,0.));
#952 = ADVANCED_FACE('',(#953),#971,.T.);
#953 = FACE_BOUND('',#954,.T.);
#954 = EDGE_LOOP('',(#955,#963,#964,#965));
#955 = ORIENTED_EDGE('',*,*,#956,.F.);
#956 = EDGE_CURVE('',#935,#957,#959,.T.);
#957 = VERTEX_POINT('',#958);
#958 = CARTESIAN_POINT('',(-2.64,-1.5,0.));
#959 = LINE('',#960,#961);
#960 = CARTESIAN_POINT('',(-2.64,1.5,0.));
#961 = VECTOR('',#962,1.);
#962 = DIRECTION('',(-2.22044604925E-16,-1.,0.));
#963 = ORIENTED_EDGE('',*,*,#934,.T.);
#964 = ORIENTED_EDGE('',*,*,#649,.F.);
#965 = ORIENTED_EDGE('',*,*,#966,.F.);
#966 = EDGE_CURVE('',#957,#642,#967,.T.);
#967 = LINE('',#968,#969);
#968 = CARTESIAN_POINT('',(-2.64,-1.5,0.));
#969 = VECTOR('',#970,1.);
#970 = DIRECTION('',(0.,0.,1.));
#971 = PLANE('',#972);
#972 = AXIS2_PLACEMENT_3D('',#973,#974,#975);
#973 = CARTESIAN_POINT('',(-2.64,1.5,0.));
#974 = DIRECTION('',(1.,-2.22044604925E-16,0.));
#975 = DIRECTION('',(-2.22044604925E-16,-1.,0.));
#976 = ADVANCED_FACE('',(#977),#1038,.T.);
#977 = FACE_BOUND('',#978,.T.);
#978 = EDGE_LOOP('',(#979,#989,#998,#1004,#1005,#1006,#1007,#1015,#1023,
    #1031));
#979 = ORIENTED_EDGE('',*,*,#980,.F.);
#980 = EDGE_CURVE('',#981,#983,#985,.T.);
#981 = VERTEX_POINT('',#982);
#982 = CARTESIAN_POINT('',(-4.,-1.5,0.146666666667));
#983 = VERTEX_POINT('',#984);
#984 = CARTESIAN_POINT('',(-4.,-1.5,0.882438333333));
#985 = LINE('',#986,#987);
#986 = CARTESIAN_POINT('',(-4.,-1.5,0.));
#987 = VECTOR('',#988,1.);
#988 = DIRECTION('',(0.,0.,1.));
#989 = ORIENTED_EDGE('',*,*,#990,.T.);
#990 = EDGE_CURVE('',#981,#991,#993,.T.);
#991 = VERTEX_POINT('',#992);
#992 = CARTESIAN_POINT('',(-3.853333333333,-1.5,-2.775557561563E-17));
#993 = CIRCLE('',#994,0.146666666667);
#994 = AXIS2_PLACEMENT_3D('',#995,#996,#997);
#995 = CARTESIAN_POINT('',(-3.853333333333,-1.5,0.146666666667));
#996 = DIRECTION('',(-2.22044604925E-16,-1.,0.));
#997 = DIRECTION('',(0.,0.,1.));
#998 = ORIENTED_EDGE('',*,*,#999,.F.);
#999 = EDGE_CURVE('',#957,#991,#1000,.T.);
#1000 = LINE('',#1001,#1002);
#1001 = CARTESIAN_POINT('',(-3.78,-1.5,0.));
#1002 = VECTOR('',#1003,1.);
#1003 = DIRECTION('',(-1.,2.22044604925E-16,0.));
#1004 = ORIENTED_EDGE('',*,*,#966,.T.);
#1005 = ORIENTED_EDGE('',*,*,#641,.F.);
#1006 = ORIENTED_EDGE('',*,*,#698,.T.);
#1007 = ORIENTED_EDGE('',*,*,#1008,.T.);
#1008 = EDGE_CURVE('',#692,#1009,#1011,.T.);
#1009 = VERTEX_POINT('',#1010);
#1010 = CARTESIAN_POINT('',(-3.78,-1.5,0.2222));
#1011 = LINE('',#1012,#1013);
#1012 = CARTESIAN_POINT('',(-2.64,-1.5,0.2222));
#1013 = VECTOR('',#1014,1.);
#1014 = DIRECTION('',(-1.,2.22044604925E-16,0.));
#1015 = ORIENTED_EDGE('',*,*,#1016,.T.);
#1016 = EDGE_CURVE('',#1009,#1017,#1019,.T.);
#1017 = VERTEX_POINT('',#1018);
#1018 = CARTESIAN_POINT('',(-3.78,-1.5,1.029105));
#1019 = LINE('',#1020,#1021);
#1020 = CARTESIAN_POINT('',(-3.78,-1.5,0.));
#1021 = VECTOR('',#1022,1.);
#1022 = DIRECTION('',(0.,0.,1.));
#1023 = ORIENTED_EDGE('',*,*,#1024,.T.);
#1024 = EDGE_CURVE('',#1017,#1025,#1027,.T.);
#1025 = VERTEX_POINT('',#1026);
#1026 = CARTESIAN_POINT('',(-3.853333333333,-1.5,1.029105));
#1027 = LINE('',#1028,#1029);
#1028 = CARTESIAN_POINT('',(-3.78,-1.5,1.029105));
#1029 = VECTOR('',#1030,1.);
#1030 = DIRECTION('',(-1.,2.22044604925E-16,0.));
#1031 = ORIENTED_EDGE('',*,*,#1032,.F.);
#1032 = EDGE_CURVE('',#983,#1025,#1033,.T.);
#1033 = CIRCLE('',#1034,0.146666666667);
#1034 = AXIS2_PLACEMENT_3D('',#1035,#1036,#1037);
#1035 = CARTESIAN_POINT('',(-3.853333333333,-1.5,0.882438333333));
#1036 = DIRECTION('',(2.22044604925E-16,1.,-0.));
#1037 = DIRECTION('',(0.,0.,1.));
#1038 = PLANE('',#1039);
#1039 = AXIS2_PLACEMENT_3D('',#1040,#1041,#1042);
#1040 = CARTESIAN_POINT('',(-3.49795115624,-1.5,0.316605682137));
#1041 = DIRECTION('',(-2.22044604925E-16,-1.,-0.));
#1042 = DIRECTION('',(0.,0.,-1.));
#1043 = ADVANCED_FACE('',(#1044),#1050,.T.);
#1044 = FACE_BOUND('',#1045,.T.);
#1045 = EDGE_LOOP('',(#1046,#1047,#1048,#1049));
#1046 = ORIENTED_EDGE('',*,*,#867,.T.);
#1047 = ORIENTED_EDGE('',*,*,#732,.T.);
#1048 = ORIENTED_EDGE('',*,*,#626,.F.);
#1049 = ORIENTED_EDGE('',*,*,#850,.F.);
#1050 = B_SPLINE_SURFACE_WITH_KNOTS('',1,1,(
    (#1051,#1052)
    ,(#1053,#1054
    )),.UNSPECIFIED.,.F.,.F.,.F.,(2,2),(2,2),(0.,5.784826785961),(0.,1.)
  ,.PIECEWISE_BEZIER_KNOTS.);
#1051 = CARTESIAN_POINT('',(-2.5,2.876953901163,0.));
#1052 = CARTESIAN_POINT('',(-2.5,2.892413392981,0.22));
#1053 = CARTESIAN_POINT('',(-2.5,-2.876953901163,0.));
#1054 = CARTESIAN_POINT('',(-2.5,-2.892413392981,0.22));
#1055 = ADVANCED_FACE('',(#1056),#1062,.T.);
#1056 = FACE_BOUND('',#1057,.T.);
#1057 = EDGE_LOOP('',(#1058,#1059,#1060,#1061));
#1058 = ORIENTED_EDGE('',*,*,#708,.T.);
#1059 = ORIENTED_EDGE('',*,*,#755,.T.);
#1060 = ORIENTED_EDGE('',*,*,#793,.F.);
#1061 = ORIENTED_EDGE('',*,*,#769,.F.);
#1062 = B_SPLINE_SURFACE_WITH_KNOTS('',1,1,(
    (#1063,#1064)
    ,(#1065,#1066
    )),.UNSPECIFIED.,.F.,.F.,.F.,(2,2),(2,2),(0.,5.9),(0.,1.),
  .PIECEWISE_BEZIER_KNOTS.);
#1063 = CARTESIAN_POINT('',(-3.78,2.95,1.0395));
#1064 = CARTESIAN_POINT('',(-3.690721434755,2.860721434755,2.31));
#1065 = CARTESIAN_POINT('',(-3.78,-2.95,1.0395));
#1066 = CARTESIAN_POINT('',(-3.690721434755,-2.860721434755,2.31));
#1067 = ADVANCED_FACE('',(#1068),#1079,.F.);
#1068 = FACE_BOUND('',#1069,.F.);
#1069 = EDGE_LOOP('',(#1070,#1071,#1072,#1078));
#1070 = ORIENTED_EDGE('',*,*,#691,.F.);
#1071 = ORIENTED_EDGE('',*,*,#1008,.T.);
#1072 = ORIENTED_EDGE('',*,*,#1073,.T.);
#1073 = EDGE_CURVE('',#1009,#919,#1074,.T.);
#1074 = LINE('',#1075,#1076);
#1075 = CARTESIAN_POINT('',(-3.78,-1.5,0.2222));
#1076 = VECTOR('',#1077,1.);
#1077 = DIRECTION('',(2.22044604925E-16,1.,0.));
#1078 = ORIENTED_EDGE('',*,*,#926,.T.);
#1079 = PLANE('',#1080);
#1080 = AXIS2_PLACEMENT_3D('',#1081,#1082,#1083);
#1081 = CARTESIAN_POINT('',(-3.21,4.440892098501E-16,0.2222));
#1082 = DIRECTION('',(0.,-0.,-1.));
#1083 = DIRECTION('',(-2.22044604925E-16,-1.,0.));
#1084 = ADVANCED_FACE('',(#1085),#1108,.F.);
#1085 = FACE_BOUND('',#1086,.F.);
#1086 = EDGE_LOOP('',(#1087,#1097,#1102,#1103));
#1087 = ORIENTED_EDGE('',*,*,#1088,.T.);
#1088 = EDGE_CURVE('',#1089,#1091,#1093,.T.);
#1089 = VERTEX_POINT('',#1090);
#1090 = CARTESIAN_POINT('',(-3.001442869511,2.771442869511,2.3078));
#1091 = VERTEX_POINT('',#1092);
#1092 = CARTESIAN_POINT('',(-3.601442869511,2.771442869511,2.3078));
#1093 = LINE('',#1094,#1095);
#1094 = CARTESIAN_POINT('',(-3.001442869511,2.771442869511,2.3078));
#1095 = VECTOR('',#1096,1.);
#1096 = DIRECTION('',(-1.,2.22044604925E-16,0.));
#1097 = ORIENTED_EDGE('',*,*,#1098,.T.);
#1098 = EDGE_CURVE('',#1091,#805,#1099,.T.);
#1099 = B_SPLINE_CURVE_WITH_KNOTS('',1,(#1100,#1101),.UNSPECIFIED.,.F.,
  .F.,(2,2),(0.,1.),.PIECEWISE_BEZIER_KNOTS.);
#1100 = CARTESIAN_POINT('',(-3.601442869511,2.771442869511,2.3078));
#1101 = CARTESIAN_POINT('',(-3.601442869511,2.771442869511,2.31));
#1102 = ORIENTED_EDGE('',*,*,#802,.F.);
#1103 = ORIENTED_EDGE('',*,*,#1104,.F.);
#1104 = EDGE_CURVE('',#1089,#803,#1105,.T.);
#1105 = B_SPLINE_CURVE_WITH_KNOTS('',1,(#1106,#1107),.UNSPECIFIED.,.F.,
  .F.,(2,2),(0.,1.),.PIECEWISE_BEZIER_KNOTS.);
#1106 = CARTESIAN_POINT('',(-3.001442869511,2.771442869511,2.3078));
#1107 = CARTESIAN_POINT('',(-3.001442869511,2.771442869511,2.31));
#1108 = PLANE('',#1109);
#1109 = AXIS2_PLACEMENT_3D('',#1110,#1111,#1112);
#1110 = CARTESIAN_POINT('',(-3.001442869511,2.771442869511,2.31));
#1111 = DIRECTION('',(2.22044604925E-16,1.,0.));
#1112 = DIRECTION('',(-1.,2.22044604925E-16,0.));
#1113 = ADVANCED_FACE('',(#1114),#1131,.F.);
#1114 = FACE_BOUND('',#1115,.F.);
#1115 = EDGE_LOOP('',(#1116,#1124,#1125,#1126));
#1116 = ORIENTED_EDGE('',*,*,#1117,.T.);
#1117 = EDGE_CURVE('',#1118,#1089,#1120,.T.);
#1118 = VERTEX_POINT('',#1119);
#1119 = CARTESIAN_POINT('',(-3.001442869511,-2.771442869511,2.3078));
#1120 = LINE('',#1121,#1122);
#1121 = CARTESIAN_POINT('',(-3.001442869511,-2.771442869511,2.3078));
#1122 = VECTOR('',#1123,1.);
#1123 = DIRECTION('',(2.22044604925E-16,1.,0.));
#1124 = ORIENTED_EDGE('',*,*,#1104,.T.);
#1125 = ORIENTED_EDGE('',*,*,#828,.F.);
#1126 = ORIENTED_EDGE('',*,*,#1127,.F.);
#1127 = EDGE_CURVE('',#1118,#821,#1128,.T.);
#1128 = B_SPLINE_CURVE_WITH_KNOTS('',1,(#1129,#1130),.UNSPECIFIED.,.F.,
  .F.,(2,2),(0.,1.),.PIECEWISE_BEZIER_KNOTS.);
#1129 = CARTESIAN_POINT('',(-3.001442869511,-2.771442869511,2.3078));
#1130 = CARTESIAN_POINT('',(-3.001442869511,-2.771442869511,2.31));
#1131 = PLANE('',#1132);
#1132 = AXIS2_PLACEMENT_3D('',#1133,#1134,#1135);
#1133 = CARTESIAN_POINT('',(-3.001442869511,-2.771442869511,2.31));
#1134 = DIRECTION('',(1.,-2.22044604925E-16,0.));
#1135 = DIRECTION('',(2.22044604925E-16,1.,0.));
#1136 = ADVANCED_FACE('',(#1137),#1154,.F.);
#1137 = FACE_BOUND('',#1138,.F.);
#1138 = EDGE_LOOP('',(#1139,#1147,#1148,#1149));
#1139 = ORIENTED_EDGE('',*,*,#1140,.T.);
#1140 = EDGE_CURVE('',#1141,#1118,#1143,.T.);
#1141 = VERTEX_POINT('',#1142);
#1142 = CARTESIAN_POINT('',(-3.601442869511,-2.771442869511,2.3078));
#1143 = LINE('',#1144,#1145);
#1144 = CARTESIAN_POINT('',(-3.601442869511,-2.771442869511,2.3078));
#1145 = VECTOR('',#1146,1.);
#1146 = DIRECTION('',(1.,-2.22044604925E-16,0.));
#1147 = ORIENTED_EDGE('',*,*,#1127,.T.);
#1148 = ORIENTED_EDGE('',*,*,#820,.F.);
#1149 = ORIENTED_EDGE('',*,*,#1150,.F.);
#1150 = EDGE_CURVE('',#1141,#813,#1151,.T.);
#1151 = B_SPLINE_CURVE_WITH_KNOTS('',1,(#1152,#1153),.UNSPECIFIED.,.F.,
  .F.,(2,2),(0.,1.),.PIECEWISE_BEZIER_KNOTS.);
#1152 = CARTESIAN_POINT('',(-3.601442869511,-2.771442869511,2.3078));
#1153 = CARTESIAN_POINT('',(-3.601442869511,-2.771442869511,2.31));
#1154 = PLANE('',#1155);
#1155 = AXIS2_PLACEMENT_3D('',#1156,#1157,#1158);
#1156 = CARTESIAN_POINT('',(-3.601442869511,-2.771442869511,2.31));
#1157 = DIRECTION('',(-2.22044604925E-16,-1.,0.));
#1158 = DIRECTION('',(1.,-2.22044604925E-16,0.));
#1159 = ADVANCED_FACE('',(#1160),#1171,.F.);
#1160 = FACE_BOUND('',#1161,.F.);
#1161 = EDGE_LOOP('',(#1162,#1168,#1169,#1170));
#1162 = ORIENTED_EDGE('',*,*,#1163,.T.);
#1163 = EDGE_CURVE('',#1091,#1141,#1164,.T.);
#1164 = LINE('',#1165,#1166);
#1165 = CARTESIAN_POINT('',(-3.601442869511,2.771442869511,2.3078));
#1166 = VECTOR('',#1167,1.);
#1167 = DIRECTION('',(-2.22044604925E-16,-1.,0.));
#1168 = ORIENTED_EDGE('',*,*,#1150,.T.);
#1169 = ORIENTED_EDGE('',*,*,#812,.F.);
#1170 = ORIENTED_EDGE('',*,*,#1098,.F.);
#1171 = PLANE('',#1172);
#1172 = AXIS2_PLACEMENT_3D('',#1173,#1174,#1175);
#1173 = CARTESIAN_POINT('',(-3.601442869511,2.771442869511,2.31));
#1174 = DIRECTION('',(-1.,2.22044604925E-16,0.));
#1175 = DIRECTION('',(-2.22044604925E-16,-1.,0.));
#1176 = ADVANCED_FACE('',(#1177),#1193,.T.);
#1177 = FACE_BOUND('',#1178,.T.);
#1178 = EDGE_LOOP('',(#1179,#1185,#1186,#1192));
#1179 = ORIENTED_EDGE('',*,*,#1180,.T.);
#1180 = EDGE_CURVE('',#981,#883,#1181,.T.);
#1181 = LINE('',#1182,#1183);
#1182 = CARTESIAN_POINT('',(-4.,-1.5,0.146666666667));
#1183 = VECTOR('',#1184,1.);
#1184 = DIRECTION('',(2.22044604925E-16,1.,0.));
#1185 = ORIENTED_EDGE('',*,*,#882,.T.);
#1186 = ORIENTED_EDGE('',*,*,#1187,.F.);
#1187 = EDGE_CURVE('',#991,#885,#1188,.T.);
#1188 = LINE('',#1189,#1190);
#1189 = CARTESIAN_POINT('',(-3.853333333333,-1.5,-2.775557561563E-17));
#1190 = VECTOR('',#1191,1.);
#1191 = DIRECTION('',(2.22044604925E-16,1.,0.));
#1192 = ORIENTED_EDGE('',*,*,#990,.F.);
#1193 = CYLINDRICAL_SURFACE('',#1194,0.146666666667);
#1194 = AXIS2_PLACEMENT_3D('',#1195,#1196,#1197);
#1195 = CARTESIAN_POINT('',(-3.853333333333,-1.5,0.146666666667));
#1196 = DIRECTION('',(2.22044604925E-16,1.,0.));
#1197 = DIRECTION('',(-1.,2.22044604925E-16,0.));
#1198 = ADVANCED_FACE('',(#1199),#1205,.T.);
#1199 = FACE_BOUND('',#1200,.T.);
#1200 = EDGE_LOOP('',(#1201,#1202,#1203,#1204));
#1201 = ORIENTED_EDGE('',*,*,#999,.T.);
#1202 = ORIENTED_EDGE('',*,*,#1187,.T.);
#1203 = ORIENTED_EDGE('',*,*,#942,.T.);
#1204 = ORIENTED_EDGE('',*,*,#956,.T.);
#1205 = PLANE('',#1206);
#1206 = AXIS2_PLACEMENT_3D('',#1207,#1208,#1209);
#1207 = CARTESIAN_POINT('',(-3.246666666667,7.472550473381E-16,
    -9.881336255564E-18));
#1208 = DIRECTION('',(1.683864530617E-17,-3.712923919107E-33,-1.));
#1209 = DIRECTION('',(1.,-2.22044604925E-16,1.683864530617E-17));
#1210 = ADVANCED_FACE('',(#1211),#1222,.T.);
#1211 = FACE_BOUND('',#1212,.T.);
#1212 = EDGE_LOOP('',(#1213,#1214,#1215,#1221));
#1213 = ORIENTED_EDGE('',*,*,#1073,.T.);
#1214 = ORIENTED_EDGE('',*,*,#918,.T.);
#1215 = ORIENTED_EDGE('',*,*,#1216,.T.);
#1216 = EDGE_CURVE('',#911,#1017,#1217,.T.);
#1217 = LINE('',#1218,#1219);
#1218 = CARTESIAN_POINT('',(-3.78,1.5,1.029105));
#1219 = VECTOR('',#1220,1.);
#1220 = DIRECTION('',(-2.22044604925E-16,-1.,0.));
#1221 = ORIENTED_EDGE('',*,*,#1016,.F.);
#1222 = PLANE('',#1223);
#1223 = AXIS2_PLACEMENT_3D('',#1224,#1225,#1226);
#1224 = CARTESIAN_POINT('',(-3.78,1.5,0.));
#1225 = DIRECTION('',(1.,-2.22044604925E-16,0.));
#1226 = DIRECTION('',(-2.22044604925E-16,-1.,0.));
#1227 = ADVANCED_FACE('',(#1228),#1239,.F.);
#1228 = FACE_BOUND('',#1229,.F.);
#1229 = EDGE_LOOP('',(#1230,#1231,#1237,#1238));
#1230 = ORIENTED_EDGE('',*,*,#1024,.T.);
#1231 = ORIENTED_EDGE('',*,*,#1232,.T.);
#1232 = EDGE_CURVE('',#1025,#902,#1233,.T.);
#1233 = LINE('',#1234,#1235);
#1234 = CARTESIAN_POINT('',(-3.853333333333,-1.5,1.029105));
#1235 = VECTOR('',#1236,1.);
#1236 = DIRECTION('',(2.22044604925E-16,1.,0.));
#1237 = ORIENTED_EDGE('',*,*,#910,.T.);
#1238 = ORIENTED_EDGE('',*,*,#1216,.T.);
#1239 = PLANE('',#1240);
#1240 = AXIS2_PLACEMENT_3D('',#1241,#1242,#1243);
#1241 = CARTESIAN_POINT('',(-3.89,8.881784197001E-16,1.029105));
#1242 = DIRECTION('',(0.,-0.,-1.));
#1243 = DIRECTION('',(-2.22044604925E-16,-1.,0.));
#1244 = ADVANCED_FACE('',(#1245),#1256,.T.);
#1245 = FACE_BOUND('',#1246,.T.);
#1246 = EDGE_LOOP('',(#1247,#1248,#1249,#1250));
#1247 = ORIENTED_EDGE('',*,*,#1032,.T.);
#1248 = ORIENTED_EDGE('',*,*,#1232,.T.);
#1249 = ORIENTED_EDGE('',*,*,#901,.F.);
#1250 = ORIENTED_EDGE('',*,*,#1251,.F.);
#1251 = EDGE_CURVE('',#983,#894,#1252,.T.);
#1252 = LINE('',#1253,#1254);
#1253 = CARTESIAN_POINT('',(-4.,-1.5,0.882438333333));
#1254 = VECTOR('',#1255,1.);
#1255 = DIRECTION('',(2.22044604925E-16,1.,0.));
#1256 = CYLINDRICAL_SURFACE('',#1257,0.146666666667);
#1257 = AXIS2_PLACEMENT_3D('',#1258,#1259,#1260);
#1258 = CARTESIAN_POINT('',(-3.853333333333,-1.5,0.882438333333));
#1259 = DIRECTION('',(2.22044604925E-16,1.,0.));
#1260 = DIRECTION('',(-1.,2.22044604925E-16,0.));
#1261 = ADVANCED_FACE('',(#1262),#1268,.T.);
#1262 = FACE_BOUND('',#1263,.T.);
#1263 = EDGE_LOOP('',(#1264,#1265,#1266,#1267));
#1264 = ORIENTED_EDGE('',*,*,#980,.T.);
#1265 = ORIENTED_EDGE('',*,*,#1251,.T.);
#1266 = ORIENTED_EDGE('',*,*,#893,.F.);
#1267 = ORIENTED_EDGE('',*,*,#1180,.F.);
#1268 = PLANE('',#1269);
#1269 = AXIS2_PLACEMENT_3D('',#1270,#1271,#1272);
#1270 = CARTESIAN_POINT('',(-4.,-1.5,0.));
#1271 = DIRECTION('',(-1.,2.22044604925E-16,0.));
#1272 = DIRECTION('',(2.22044604925E-16,1.,0.));
#1273 = ADVANCED_FACE('',(#1274),#1280,.F.);
#1274 = FACE_BOUND('',#1275,.T.);
#1275 = EDGE_LOOP('',(#1276,#1277,#1278,#1279));
#1276 = ORIENTED_EDGE('',*,*,#1117,.T.);
#1277 = ORIENTED_EDGE('',*,*,#1088,.T.);
#1278 = ORIENTED_EDGE('',*,*,#1163,.T.);
#1279 = ORIENTED_EDGE('',*,*,#1140,.T.);
#1280 = PLANE('',#1281);
#1281 = AXIS2_PLACEMENT_3D('',#1282,#1283,#1284);
#1282 = CARTESIAN_POINT('',(-3.001442869511,-2.771442869511,2.3078));
#1283 = DIRECTION('',(0.,0.,-1.));
#1284 = DIRECTION('',(-0.107618198581,0.99419229696,0.));
#1285 = ( GEOMETRIC_REPRESENTATION_CONTEXT(3) 
GLOBAL_UNCERTAINTY_ASSIGNED_CONTEXT((#1289)) 
GLOBAL_UNIT_ASSIGNED_CONTEXT((#1286,#1287,#1288)) REPRESENTATION_CONTEXT
('Context #1','3D Context with UNIT and UNCERTAINTY') );
#1286 = ( LENGTH_UNIT() NAMED_UNIT(*) SI_UNIT(.MILLI.,.METRE.) );
#1287 = ( NAMED_UNIT(*) PLANE_ANGLE_UNIT() SI_UNIT($,.RADIAN.) );
#1288 = ( NAMED_UNIT(*) SI_UNIT($,.STERADIAN.) SOLID_ANGLE_UNIT() );
#1289 = UNCERTAINTY_MEASURE_WITH_UNIT(LENGTH_MEASURE(1.E-07),#1286,
  'distance_accuracy_value','confusion accuracy');
#1290 = CONTEXT_DEPENDENT_SHAPE_REPRESENTATION(#1291,#1293);
#1291 = ( REPRESENTATION_RELATIONSHIP('','',#76,#10) 
REPRESENTATION_RELATIONSHIP_WITH_TRANSFORMATION(#1292) 
SHAPE_REPRESENTATION_RELATIONSHIP() );
#1292 = ITEM_DEFINED_TRANSFORMATION('','',#11,#15);
#1293 = PRODUCT_DEFINITION_SHAPE('Placement','Placement of an item',
  #1294);
#1294 = NEXT_ASSEMBLY_USAGE_OCCURRENCE('1','D1','',#5,#71,$);
#1295 = PRODUCT_RELATED_PRODUCT_CATEGORY('part',$,(#73));
#1296 = SHAPE_DEFINITION_REPRESENTATION(#1297,#1303);
#1297 = PRODUCT_DEFINITION_SHAPE('','',#1298);
#1298 = PRODUCT_DEFINITION('design','',#1299,#1302);
#1299 = PRODUCT_DEFINITION_FORMATION('','',#1300);
#1300 = PRODUCT('L_APV_ANR3015','L_APV_ANR3015','',(#1301));
#1301 = PRODUCT_CONTEXT('',#2,'mechanical');
#1302 = PRODUCT_DEFINITION_CONTEXT('part definition',#2,'design');
#1303 = ADVANCED_BREP_SHAPE_REPRESENTATION('',(#11,#1304),#2058);
#1304 = MANIFOLD_SOLID_BREP('',#1305);
#1305 = CLOSED_SHELL('',(#1306,#1370,#1402,#1434,#1535,#1563,#1585,#1607
    ,#1632,#1653,#1681,#1702,#1724,#1742,#1767,#1809,#1839,#1864,#1880,
    #1892,#1911,#1930,#1954,#1970,#1992,#2014,#2030,#2042));
#1306 = ADVANCED_FACE('',(#1307),#1365,.F.);
#1307 = FACE_BOUND('',#1308,.F.);
#1308 = EDGE_LOOP('',(#1309,#1318,#1325,#1332,#1339,#1346,#1353,#1360));
#1309 = ORIENTED_EDGE('',*,*,#1310,.F.);
#1310 = EDGE_CURVE('',#1311,#1313,#1315,.T.);
#1311 = VERTEX_POINT('',#1312);
#1312 = CARTESIAN_POINT('',(-6.75,-4.725,2.295));
#1313 = VERTEX_POINT('',#1314);
#1314 = CARTESIAN_POINT('',(-6.75,4.725,2.295));
#1315 = B_SPLINE_CURVE_WITH_KNOTS('',1,(#1316,#1317),.UNSPECIFIED.,.F.,
  .F.,(2,2),(0.,2.7),.PIECEWISE_BEZIER_KNOTS.);
#1316 = CARTESIAN_POINT('',(-6.75,-4.725,2.295));
#1317 = CARTESIAN_POINT('',(-6.75,4.725,2.295));
#1318 = ORIENTED_EDGE('',*,*,#1319,.F.);
#1319 = EDGE_CURVE('',#1320,#1311,#1322,.T.);
#1320 = VERTEX_POINT('',#1321);
#1321 = CARTESIAN_POINT('',(-6.75,-4.725,0.));
#1322 = B_SPLINE_CURVE_WITH_KNOTS('',1,(#1323,#1324),.UNSPECIFIED.,.F.,
  .F.,(2,2),(0.,1.35),.PIECEWISE_BEZIER_KNOTS.);
#1323 = CARTESIAN_POINT('',(-6.75,-4.725,0.));
#1324 = CARTESIAN_POINT('',(-6.75,-4.725,2.295));
#1325 = ORIENTED_EDGE('',*,*,#1326,.T.);
#1326 = EDGE_CURVE('',#1320,#1327,#1329,.T.);
#1327 = VERTEX_POINT('',#1328);
#1328 = CARTESIAN_POINT('',(-6.75,-4.375,0.));
#1329 = B_SPLINE_CURVE_WITH_KNOTS('',1,(#1330,#1331),.UNSPECIFIED.,.F.,
  .F.,(2,2),(0.15,0.25),.PIECEWISE_BEZIER_KNOTS.);
#1330 = CARTESIAN_POINT('',(-6.75,-4.725,0.));
#1331 = CARTESIAN_POINT('',(-6.75,-4.375,0.));
#1332 = ORIENTED_EDGE('',*,*,#1333,.T.);
#1333 = EDGE_CURVE('',#1327,#1334,#1336,.T.);
#1334 = VERTEX_POINT('',#1335);
#1335 = CARTESIAN_POINT('',(-6.75,-4.375,0.765));
#1336 = B_SPLINE_CURVE_WITH_KNOTS('',1,(#1337,#1338),.UNSPECIFIED.,.F.,
  .F.,(2,2),(0.,0.45),.PIECEWISE_BEZIER_KNOTS.);
#1337 = CARTESIAN_POINT('',(-6.75,-4.375,0.));
#1338 = CARTESIAN_POINT('',(-6.75,-4.375,0.765));
#1339 = ORIENTED_EDGE('',*,*,#1340,.F.);
#1340 = EDGE_CURVE('',#1341,#1334,#1343,.T.);
#1341 = VERTEX_POINT('',#1342);
#1342 = CARTESIAN_POINT('',(-6.75,4.375,0.765));
#1343 = B_SPLINE_CURVE_WITH_KNOTS('',1,(#1344,#1345),.UNSPECIFIED.,.F.,
  .F.,(2,2),(-2.625,-0.125),.PIECEWISE_BEZIER_KNOTS.);
#1344 = CARTESIAN_POINT('',(-6.75,4.375,0.765));
#1345 = CARTESIAN_POINT('',(-6.75,-4.375,0.765));
#1346 = ORIENTED_EDGE('',*,*,#1347,.F.);
#1347 = EDGE_CURVE('',#1348,#1341,#1350,.T.);
#1348 = VERTEX_POINT('',#1349);
#1349 = CARTESIAN_POINT('',(-6.75,4.375,0.));
#1350 = B_SPLINE_CURVE_WITH_KNOTS('',1,(#1351,#1352),.UNSPECIFIED.,.F.,
  .F.,(2,2),(0.,0.45),.PIECEWISE_BEZIER_KNOTS.);
#1351 = CARTESIAN_POINT('',(-6.75,4.375,0.));
#1352 = CARTESIAN_POINT('',(-6.75,4.375,0.765));
#1353 = ORIENTED_EDGE('',*,*,#1354,.T.);
#1354 = EDGE_CURVE('',#1348,#1355,#1357,.T.);
#1355 = VERTEX_POINT('',#1356);
#1356 = CARTESIAN_POINT('',(-6.75,4.725,0.));
#1357 = B_SPLINE_CURVE_WITH_KNOTS('',1,(#1358,#1359),.UNSPECIFIED.,.F.,
  .F.,(2,2),(2.75,2.85),.PIECEWISE_BEZIER_KNOTS.);
#1358 = CARTESIAN_POINT('',(-6.75,4.375,0.));
#1359 = CARTESIAN_POINT('',(-6.75,4.725,0.));
#1360 = ORIENTED_EDGE('',*,*,#1361,.T.);
#1361 = EDGE_CURVE('',#1355,#1313,#1362,.T.);
#1362 = B_SPLINE_CURVE_WITH_KNOTS('',1,(#1363,#1364),.UNSPECIFIED.,.F.,
  .F.,(2,2),(0.,1.35),.PIECEWISE_BEZIER_KNOTS.);
#1363 = CARTESIAN_POINT('',(-6.75,4.725,0.));
#1364 = CARTESIAN_POINT('',(-6.75,4.725,2.295));
#1365 = B_SPLINE_SURFACE_WITH_KNOTS('',1,1,(
    (#1366,#1367)
    ,(#1368,#1369
    )),.UNSPECIFIED.,.F.,.F.,.F.,(2,2),(2,2),(0.,1.35),(-2.85,-0.15),
  .PIECEWISE_BEZIER_KNOTS.);
#1366 = CARTESIAN_POINT('',(-6.75,4.725,0.));
#1367 = CARTESIAN_POINT('',(-6.75,-4.725,0.));
#1368 = CARTESIAN_POINT('',(-6.75,4.725,2.295));
#1369 = CARTESIAN_POINT('',(-6.75,-4.725,2.295));
#1370 = ADVANCED_FACE('',(#1371),#1395,.T.);
#1371 = FACE_BOUND('',#1372,.T.);
#1372 = EDGE_LOOP('',(#1373,#1381,#1388,#1394));
#1373 = ORIENTED_EDGE('',*,*,#1374,.T.);
#1374 = EDGE_CURVE('',#1311,#1375,#1377,.T.);
#1375 = VERTEX_POINT('',#1376);
#1376 = CARTESIAN_POINT('',(-6.075,-4.725,2.55));
#1377 = ( BOUNDED_CURVE() B_SPLINE_CURVE(2,(#1378,#1379,#1380),
.UNSPECIFIED.,.F.,.F.) B_SPLINE_CURVE_WITH_KNOTS((3,3),(0.,
1.570796326795),.PIECEWISE_BEZIER_KNOTS.) CURVE() 
GEOMETRIC_REPRESENTATION_ITEM() RATIONAL_B_SPLINE_CURVE((1.,
0.707106781187,1.)) REPRESENTATION_ITEM('') );
#1378 = CARTESIAN_POINT('',(-6.75,-4.725,2.295));
#1379 = CARTESIAN_POINT('',(-6.75,-4.725,2.55));
#1380 = CARTESIAN_POINT('',(-6.075,-4.725,2.55));
#1381 = ORIENTED_EDGE('',*,*,#1382,.T.);
#1382 = EDGE_CURVE('',#1375,#1383,#1385,.T.);
#1383 = VERTEX_POINT('',#1384);
#1384 = CARTESIAN_POINT('',(-6.075,4.725,2.55));
#1385 = B_SPLINE_CURVE_WITH_KNOTS('',1,(#1386,#1387),.UNSPECIFIED.,.F.,
  .F.,(2,2),(0.,2.7),.PIECEWISE_BEZIER_KNOTS.);
#1386 = CARTESIAN_POINT('',(-6.075,-4.725,2.55));
#1387 = CARTESIAN_POINT('',(-6.075,4.725,2.55));
#1388 = ORIENTED_EDGE('',*,*,#1389,.F.);
#1389 = EDGE_CURVE('',#1313,#1383,#1390,.T.);
#1390 = ( BOUNDED_CURVE() B_SPLINE_CURVE(2,(#1391,#1392,#1393),
.UNSPECIFIED.,.F.,.F.) B_SPLINE_CURVE_WITH_KNOTS((3,3),(0.,
1.570796326795),.PIECEWISE_BEZIER_KNOTS.) CURVE() 
GEOMETRIC_REPRESENTATION_ITEM() RATIONAL_B_SPLINE_CURVE((1.,
0.707106781187,1.)) REPRESENTATION_ITEM('') );
#1391 = CARTESIAN_POINT('',(-6.75,4.725,2.295));
#1392 = CARTESIAN_POINT('',(-6.75,4.725,2.55));
#1393 = CARTESIAN_POINT('',(-6.075,4.725,2.55));
#1394 = ORIENTED_EDGE('',*,*,#1310,.F.);
#1395 = ( BOUNDED_SURFACE() B_SPLINE_SURFACE(2,1,(
    (#1396,#1397)
    ,(#1398,#1399)
    ,(#1400,#1401
)),.UNSPECIFIED.,.F.,.F.,.F.) B_SPLINE_SURFACE_WITH_KNOTS((3,3),(2,2),(
    0.,1.570796326795),(0.,2.7),.PIECEWISE_BEZIER_KNOTS.) 
GEOMETRIC_REPRESENTATION_ITEM() RATIONAL_B_SPLINE_SURFACE((
    (1.,1.)
    ,(0.707106781187,0.707106781187)
,(1.,1.))) REPRESENTATION_ITEM('') SURFACE() );
#1396 = CARTESIAN_POINT('',(-6.75,-4.725,2.295));
#1397 = CARTESIAN_POINT('',(-6.75,4.725,2.295));
#1398 = CARTESIAN_POINT('',(-6.75,-4.725,2.55));
#1399 = CARTESIAN_POINT('',(-6.75,4.725,2.55));
#1400 = CARTESIAN_POINT('',(-6.075,-4.725,2.55));
#1401 = CARTESIAN_POINT('',(-6.075,4.725,2.55));
#1402 = ADVANCED_FACE('',(#1403),#1427,.T.);
#1403 = FACE_BOUND('',#1404,.T.);
#1404 = EDGE_LOOP('',(#1405,#1413,#1420,#1426));
#1405 = ORIENTED_EDGE('',*,*,#1406,.T.);
#1406 = EDGE_CURVE('',#1313,#1407,#1409,.T.);
#1407 = VERTEX_POINT('',#1408);
#1408 = CARTESIAN_POINT('',(-6.075,5.25,2.295));
#1409 = ( BOUNDED_CURVE() B_SPLINE_CURVE(2,(#1410,#1411,#1412),
.UNSPECIFIED.,.F.,.F.) B_SPLINE_CURVE_WITH_KNOTS((3,3),(0.,
1.570796326795),.PIECEWISE_BEZIER_KNOTS.) CURVE() 
GEOMETRIC_REPRESENTATION_ITEM() RATIONAL_B_SPLINE_CURVE((1.,
0.707106781187,1.)) REPRESENTATION_ITEM('') );
#1410 = CARTESIAN_POINT('',(-6.75,4.725,2.295));
#1411 = CARTESIAN_POINT('',(-6.75,5.25,2.295));
#1412 = CARTESIAN_POINT('',(-6.075,5.25,2.295));
#1413 = ORIENTED_EDGE('',*,*,#1414,.F.);
#1414 = EDGE_CURVE('',#1415,#1407,#1417,.T.);
#1415 = VERTEX_POINT('',#1416);
#1416 = CARTESIAN_POINT('',(-6.075,5.25,0.));
#1417 = B_SPLINE_CURVE_WITH_KNOTS('',1,(#1418,#1419),.UNSPECIFIED.,.F.,
  .F.,(2,2),(0.,1.35),.PIECEWISE_BEZIER_KNOTS.);
#1418 = CARTESIAN_POINT('',(-6.075,5.25,0.));
#1419 = CARTESIAN_POINT('',(-6.075,5.25,2.295));
#1420 = ORIENTED_EDGE('',*,*,#1421,.F.);
#1421 = EDGE_CURVE('',#1355,#1415,#1422,.T.);
#1422 = ( BOUNDED_CURVE() B_SPLINE_CURVE(2,(#1423,#1424,#1425),
.UNSPECIFIED.,.F.,.F.) B_SPLINE_CURVE_WITH_KNOTS((3,3),(1.570796326795,
3.14159265359),.PIECEWISE_BEZIER_KNOTS.) CURVE() 
GEOMETRIC_REPRESENTATION_ITEM() RATIONAL_B_SPLINE_CURVE((1.,
0.707106781187,1.)) REPRESENTATION_ITEM('') );
#1423 = CARTESIAN_POINT('',(-6.75,4.725,0.));
#1424 = CARTESIAN_POINT('',(-6.75,5.25,0.));
#1425 = CARTESIAN_POINT('',(-6.075,5.25,0.));
#1426 = ORIENTED_EDGE('',*,*,#1361,.T.);
#1427 = ( BOUNDED_SURFACE() B_SPLINE_SURFACE(2,1,(
    (#1428,#1429)
    ,(#1430,#1431)
    ,(#1432,#1433
)),.UNSPECIFIED.,.F.,.F.,.F.) B_SPLINE_SURFACE_WITH_KNOTS((3,3),(2,2),(
    4.712388980385,6.28318530718),(0.,1.35),.PIECEWISE_BEZIER_KNOTS.) 
GEOMETRIC_REPRESENTATION_ITEM() RATIONAL_B_SPLINE_SURFACE((
    (1.,1.)
    ,(0.707106781187,0.707106781187)
,(1.,1.))) REPRESENTATION_ITEM('') SURFACE() );
#1428 = CARTESIAN_POINT('',(-6.075,5.25,0.));
#1429 = CARTESIAN_POINT('',(-6.075,5.25,2.295));
#1430 = CARTESIAN_POINT('',(-6.75,5.25,0.));
#1431 = CARTESIAN_POINT('',(-6.75,5.25,2.295));
#1432 = CARTESIAN_POINT('',(-6.75,4.725,0.));
#1433 = CARTESIAN_POINT('',(-6.75,4.725,2.295));
#1434 = ADVANCED_FACE('',(#1435),#1530,.F.);
#1435 = FACE_BOUND('',#1436,.F.);
#1436 = EDGE_LOOP('',(#1437,#1438,#1446,#1453,#1461,#1468,#1475,#1482,
    #1489,#1496,#1504,#1509,#1510,#1511,#1518,#1525));
#1437 = ORIENTED_EDGE('',*,*,#1326,.F.);
#1438 = ORIENTED_EDGE('',*,*,#1439,.T.);
#1439 = EDGE_CURVE('',#1320,#1440,#1442,.T.);
#1440 = VERTEX_POINT('',#1441);
#1441 = CARTESIAN_POINT('',(-6.075,-5.25,0.));
#1442 = ( BOUNDED_CURVE() B_SPLINE_CURVE(2,(#1443,#1444,#1445),
.UNSPECIFIED.,.F.,.F.) B_SPLINE_CURVE_WITH_KNOTS((3,3),(4.712388980385,
6.28318530718),.PIECEWISE_BEZIER_KNOTS.) CURVE() 
GEOMETRIC_REPRESENTATION_ITEM() RATIONAL_B_SPLINE_CURVE((1.,
0.707106781187,1.)) REPRESENTATION_ITEM('') );
#1443 = CARTESIAN_POINT('',(-6.75,-4.725,0.));
#1444 = CARTESIAN_POINT('',(-6.75,-5.25,0.));
#1445 = CARTESIAN_POINT('',(-6.075,-5.25,0.));
#1446 = ORIENTED_EDGE('',*,*,#1447,.T.);
#1447 = EDGE_CURVE('',#1440,#1448,#1450,.T.);
#1448 = VERTEX_POINT('',#1449);
#1449 = CARTESIAN_POINT('',(6.075,-5.25,0.));
#1450 = B_SPLINE_CURVE_WITH_KNOTS('',1,(#1451,#1452),.UNSPECIFIED.,.F.,
  .F.,(2,2),(0.15,2.85),.PIECEWISE_BEZIER_KNOTS.);
#1451 = CARTESIAN_POINT('',(-6.075,-5.25,0.));
#1452 = CARTESIAN_POINT('',(6.075,-5.25,0.));
#1453 = ORIENTED_EDGE('',*,*,#1454,.F.);
#1454 = EDGE_CURVE('',#1455,#1448,#1457,.T.);
#1455 = VERTEX_POINT('',#1456);
#1456 = CARTESIAN_POINT('',(6.75,-4.725,0.));
#1457 = ( BOUNDED_CURVE() B_SPLINE_CURVE(2,(#1458,#1459,#1460),
.UNSPECIFIED.,.F.,.F.) B_SPLINE_CURVE_WITH_KNOTS((3,3),(4.712388980385,
6.28318530718),.PIECEWISE_BEZIER_KNOTS.) CURVE() 
GEOMETRIC_REPRESENTATION_ITEM() RATIONAL_B_SPLINE_CURVE((1.,
0.707106781187,1.)) REPRESENTATION_ITEM('') );
#1458 = CARTESIAN_POINT('',(6.75,-4.725,0.));
#1459 = CARTESIAN_POINT('',(6.75,-5.25,0.));
#1460 = CARTESIAN_POINT('',(6.075,-5.25,0.));
#1461 = ORIENTED_EDGE('',*,*,#1462,.T.);
#1462 = EDGE_CURVE('',#1455,#1463,#1465,.T.);
#1463 = VERTEX_POINT('',#1464);
#1464 = CARTESIAN_POINT('',(6.75,-4.375,0.));
#1465 = B_SPLINE_CURVE_WITH_KNOTS('',1,(#1466,#1467),.UNSPECIFIED.,.F.,
  .F.,(2,2),(0.15,0.25),.PIECEWISE_BEZIER_KNOTS.);
#1466 = CARTESIAN_POINT('',(6.75,-4.725,0.));
#1467 = CARTESIAN_POINT('',(6.75,-4.375,0.));
#1468 = ORIENTED_EDGE('',*,*,#1469,.F.);
#1469 = EDGE_CURVE('',#1470,#1463,#1472,.T.);
#1470 = VERTEX_POINT('',#1471);
#1471 = CARTESIAN_POINT('',(3.42,-4.375,0.));
#1472 = B_SPLINE_CURVE_WITH_KNOTS('',1,(#1473,#1474),.UNSPECIFIED.,.F.,
  .F.,(2,2),(0.,0.74),.PIECEWISE_BEZIER_KNOTS.);
#1473 = CARTESIAN_POINT('',(3.42,-4.375,0.));
#1474 = CARTESIAN_POINT('',(6.75,-4.375,0.));
#1475 = ORIENTED_EDGE('',*,*,#1476,.T.);
#1476 = EDGE_CURVE('',#1470,#1477,#1479,.T.);
#1477 = VERTEX_POINT('',#1478);
#1478 = CARTESIAN_POINT('',(3.42,4.375,0.));
#1479 = B_SPLINE_CURVE_WITH_KNOTS('',1,(#1480,#1481),.UNSPECIFIED.,.F.,
  .F.,(2,2),(0.,2.5),.PIECEWISE_BEZIER_KNOTS.);
#1480 = CARTESIAN_POINT('',(3.42,-4.375,0.));
#1481 = CARTESIAN_POINT('',(3.42,4.375,0.));
#1482 = ORIENTED_EDGE('',*,*,#1483,.T.);
#1483 = EDGE_CURVE('',#1477,#1484,#1486,.T.);
#1484 = VERTEX_POINT('',#1485);
#1485 = CARTESIAN_POINT('',(6.75,4.375,0.));
#1486 = B_SPLINE_CURVE_WITH_KNOTS('',1,(#1487,#1488),.UNSPECIFIED.,.F.,
  .F.,(2,2),(0.,0.74),.PIECEWISE_BEZIER_KNOTS.);
#1487 = CARTESIAN_POINT('',(3.42,4.375,0.));
#1488 = CARTESIAN_POINT('',(6.75,4.375,0.));
#1489 = ORIENTED_EDGE('',*,*,#1490,.T.);
#1490 = EDGE_CURVE('',#1484,#1491,#1493,.T.);
#1491 = VERTEX_POINT('',#1492);
#1492 = CARTESIAN_POINT('',(6.75,4.725,0.));
#1493 = B_SPLINE_CURVE_WITH_KNOTS('',1,(#1494,#1495),.UNSPECIFIED.,.F.,
  .F.,(2,2),(2.75,2.85),.PIECEWISE_BEZIER_KNOTS.);
#1494 = CARTESIAN_POINT('',(6.75,4.375,0.));
#1495 = CARTESIAN_POINT('',(6.75,4.725,0.));
#1496 = ORIENTED_EDGE('',*,*,#1497,.T.);
#1497 = EDGE_CURVE('',#1491,#1498,#1500,.T.);
#1498 = VERTEX_POINT('',#1499);
#1499 = CARTESIAN_POINT('',(6.075,5.25,0.));
#1500 = ( BOUNDED_CURVE() B_SPLINE_CURVE(2,(#1501,#1502,#1503),
.UNSPECIFIED.,.F.,.F.) B_SPLINE_CURVE_WITH_KNOTS((3,3),(1.570796326795,
3.14159265359),.PIECEWISE_BEZIER_KNOTS.) CURVE() 
GEOMETRIC_REPRESENTATION_ITEM() RATIONAL_B_SPLINE_CURVE((1.,
0.707106781187,1.)) REPRESENTATION_ITEM('') );
#1501 = CARTESIAN_POINT('',(6.75,4.725,0.));
#1502 = CARTESIAN_POINT('',(6.75,5.25,0.));
#1503 = CARTESIAN_POINT('',(6.075,5.25,0.));
#1504 = ORIENTED_EDGE('',*,*,#1505,.F.);
#1505 = EDGE_CURVE('',#1415,#1498,#1506,.T.);
#1506 = B_SPLINE_CURVE_WITH_KNOTS('',1,(#1507,#1508),.UNSPECIFIED.,.F.,
  .F.,(2,2),(0.15,2.85),.PIECEWISE_BEZIER_KNOTS.);
#1507 = CARTESIAN_POINT('',(-6.075,5.25,0.));
#1508 = CARTESIAN_POINT('',(6.075,5.25,0.));
#1509 = ORIENTED_EDGE('',*,*,#1421,.F.);
#1510 = ORIENTED_EDGE('',*,*,#1354,.F.);
#1511 = ORIENTED_EDGE('',*,*,#1512,.T.);
#1512 = EDGE_CURVE('',#1348,#1513,#1515,.T.);
#1513 = VERTEX_POINT('',#1514);
#1514 = CARTESIAN_POINT('',(-3.42,4.375,0.));
#1515 = B_SPLINE_CURVE_WITH_KNOTS('',1,(#1516,#1517),.UNSPECIFIED.,.F.,
  .F.,(2,2),(1.E-02,0.75),.PIECEWISE_BEZIER_KNOTS.);
#1516 = CARTESIAN_POINT('',(-6.75,4.375,0.));
#1517 = CARTESIAN_POINT('',(-3.42,4.375,0.));
#1518 = ORIENTED_EDGE('',*,*,#1519,.F.);
#1519 = EDGE_CURVE('',#1520,#1513,#1522,.T.);
#1520 = VERTEX_POINT('',#1521);
#1521 = CARTESIAN_POINT('',(-3.42,-4.375,0.));
#1522 = B_SPLINE_CURVE_WITH_KNOTS('',1,(#1523,#1524),.UNSPECIFIED.,.F.,
  .F.,(2,2),(0.,2.5),.PIECEWISE_BEZIER_KNOTS.);
#1523 = CARTESIAN_POINT('',(-3.42,-4.375,0.));
#1524 = CARTESIAN_POINT('',(-3.42,4.375,0.));
#1525 = ORIENTED_EDGE('',*,*,#1526,.F.);
#1526 = EDGE_CURVE('',#1327,#1520,#1527,.T.);
#1527 = B_SPLINE_CURVE_WITH_KNOTS('',1,(#1528,#1529),.UNSPECIFIED.,.F.,
  .F.,(2,2),(1.E-02,0.75),.PIECEWISE_BEZIER_KNOTS.);
#1528 = CARTESIAN_POINT('',(-6.75,-4.375,0.));
#1529 = CARTESIAN_POINT('',(-3.42,-4.375,0.));
#1530 = B_SPLINE_SURFACE_WITH_KNOTS('',1,1,(
    (#1531,#1532)
    ,(#1533,#1534
    )),.UNSPECIFIED.,.F.,.F.,.F.,(2,2),(2,2),(0.,3.),(0.,3.),
  .PIECEWISE_BEZIER_KNOTS.);
#1531 = CARTESIAN_POINT('',(-6.75,-5.25,0.));
#1532 = CARTESIAN_POINT('',(-6.75,5.25,0.));
#1533 = CARTESIAN_POINT('',(6.75,-5.25,0.));
#1534 = CARTESIAN_POINT('',(6.75,5.25,0.));
#1535 = ADVANCED_FACE('',(#1536),#1558,.T.);
#1536 = FACE_BOUND('',#1537,.T.);
#1537 = EDGE_LOOP('',(#1538,#1545,#1552,#1557));
#1538 = ORIENTED_EDGE('',*,*,#1539,.F.);
#1539 = EDGE_CURVE('',#1540,#1348,#1542,.T.);
#1540 = VERTEX_POINT('',#1541);
#1541 = CARTESIAN_POINT('',(-6.795,4.375,0.));
#1542 = B_SPLINE_CURVE_WITH_KNOTS('',1,(#1543,#1544),.UNSPECIFIED.,.F.,
  .F.,(2,2),(0.,1.E-02),.PIECEWISE_BEZIER_KNOTS.);
#1543 = CARTESIAN_POINT('',(-6.795,4.375,0.));
#1544 = CARTESIAN_POINT('',(-6.75,4.375,0.));
#1545 = ORIENTED_EDGE('',*,*,#1546,.T.);
#1546 = EDGE_CURVE('',#1540,#1547,#1549,.T.);
#1547 = VERTEX_POINT('',#1548);
#1548 = CARTESIAN_POINT('',(-6.795,4.375,0.765));
#1549 = B_SPLINE_CURVE_WITH_KNOTS('',1,(#1550,#1551),.UNSPECIFIED.,.F.,
  .F.,(2,2),(0.,0.45),.PIECEWISE_BEZIER_KNOTS.);
#1550 = CARTESIAN_POINT('',(-6.795,4.375,0.));
#1551 = CARTESIAN_POINT('',(-6.795,4.375,0.765));
#1552 = ORIENTED_EDGE('',*,*,#1553,.T.);
#1553 = EDGE_CURVE('',#1547,#1341,#1554,.T.);
#1554 = B_SPLINE_CURVE_WITH_KNOTS('',1,(#1555,#1556),.UNSPECIFIED.,.F.,
  .F.,(2,2),(0.,1.E-02),.PIECEWISE_BEZIER_KNOTS.);
#1555 = CARTESIAN_POINT('',(-6.795,4.375,0.765));
#1556 = CARTESIAN_POINT('',(-6.75,4.375,0.765));
#1557 = ORIENTED_EDGE('',*,*,#1347,.F.);
#1558 = B_SPLINE_SURFACE_WITH_KNOTS('',1,1,(
    (#1559,#1560)
    ,(#1561,#1562
    )),.UNSPECIFIED.,.F.,.F.,.F.,(2,2),(2,2),(0.,0.45),(0.,1.E-02),
  .PIECEWISE_BEZIER_KNOTS.);
#1559 = CARTESIAN_POINT('',(-6.795,4.375,0.));
#1560 = CARTESIAN_POINT('',(-6.75,4.375,0.));
#1561 = CARTESIAN_POINT('',(-6.795,4.375,0.765));
#1562 = CARTESIAN_POINT('',(-6.75,4.375,0.765));
#1563 = ADVANCED_FACE('',(#1564),#1580,.T.);
#1564 = FACE_BOUND('',#1565,.T.);
#1565 = EDGE_LOOP('',(#1566,#1567,#1574,#1579));
#1566 = ORIENTED_EDGE('',*,*,#1553,.F.);
#1567 = ORIENTED_EDGE('',*,*,#1568,.F.);
#1568 = EDGE_CURVE('',#1569,#1547,#1571,.T.);
#1569 = VERTEX_POINT('',#1570);
#1570 = CARTESIAN_POINT('',(-6.795,-4.375,0.765));
#1571 = B_SPLINE_CURVE_WITH_KNOTS('',1,(#1572,#1573),.UNSPECIFIED.,.F.,
  .F.,(2,2),(0.,2.5),.PIECEWISE_BEZIER_KNOTS.);
#1572 = CARTESIAN_POINT('',(-6.795,-4.375,0.765));
#1573 = CARTESIAN_POINT('',(-6.795,4.375,0.765));
#1574 = ORIENTED_EDGE('',*,*,#1575,.T.);
#1575 = EDGE_CURVE('',#1569,#1334,#1576,.T.);
#1576 = B_SPLINE_CURVE_WITH_KNOTS('',1,(#1577,#1578),.UNSPECIFIED.,.F.,
  .F.,(2,2),(0.,1.E-02),.PIECEWISE_BEZIER_KNOTS.);
#1577 = CARTESIAN_POINT('',(-6.795,-4.375,0.765));
#1578 = CARTESIAN_POINT('',(-6.75,-4.375,0.765));
#1579 = ORIENTED_EDGE('',*,*,#1340,.F.);
#1580 = B_SPLINE_SURFACE_WITH_KNOTS('',1,1,(
    (#1581,#1582)
    ,(#1583,#1584
    )),.UNSPECIFIED.,.F.,.F.,.F.,(2,2),(2,2),(0.,1.E-02),(0.,2.5),
  .PIECEWISE_BEZIER_KNOTS.);
#1581 = CARTESIAN_POINT('',(-6.795,-4.375,0.765));
#1582 = CARTESIAN_POINT('',(-6.795,4.375,0.765));
#1583 = CARTESIAN_POINT('',(-6.75,-4.375,0.765));
#1584 = CARTESIAN_POINT('',(-6.75,4.375,0.765));
#1585 = ADVANCED_FACE('',(#1586),#1602,.F.);
#1586 = FACE_BOUND('',#1587,.F.);
#1587 = EDGE_LOOP('',(#1588,#1595,#1600,#1601));
#1588 = ORIENTED_EDGE('',*,*,#1589,.F.);
#1589 = EDGE_CURVE('',#1590,#1327,#1592,.T.);
#1590 = VERTEX_POINT('',#1591);
#1591 = CARTESIAN_POINT('',(-6.795,-4.375,0.));
#1592 = B_SPLINE_CURVE_WITH_KNOTS('',1,(#1593,#1594),.UNSPECIFIED.,.F.,
  .F.,(2,2),(0.,1.E-02),.PIECEWISE_BEZIER_KNOTS.);
#1593 = CARTESIAN_POINT('',(-6.795,-4.375,0.));
#1594 = CARTESIAN_POINT('',(-6.75,-4.375,0.));
#1595 = ORIENTED_EDGE('',*,*,#1596,.T.);
#1596 = EDGE_CURVE('',#1590,#1569,#1597,.T.);
#1597 = B_SPLINE_CURVE_WITH_KNOTS('',1,(#1598,#1599),.UNSPECIFIED.,.F.,
  .F.,(2,2),(0.,0.45),.PIECEWISE_BEZIER_KNOTS.);
#1598 = CARTESIAN_POINT('',(-6.795,-4.375,0.));
#1599 = CARTESIAN_POINT('',(-6.795,-4.375,0.765));
#1600 = ORIENTED_EDGE('',*,*,#1575,.T.);
#1601 = ORIENTED_EDGE('',*,*,#1333,.F.);
#1602 = B_SPLINE_SURFACE_WITH_KNOTS('',1,1,(
    (#1603,#1604)
    ,(#1605,#1606
    )),.UNSPECIFIED.,.F.,.F.,.F.,(2,2),(2,2),(0.,0.45),(0.,1.E-02),
  .PIECEWISE_BEZIER_KNOTS.);
#1603 = CARTESIAN_POINT('',(-6.795,-4.375,0.));
#1604 = CARTESIAN_POINT('',(-6.75,-4.375,0.));
#1605 = CARTESIAN_POINT('',(-6.795,-4.375,0.765));
#1606 = CARTESIAN_POINT('',(-6.75,-4.375,0.765));
#1607 = ADVANCED_FACE('',(#1608),#1625,.T.);
#1608 = FACE_BOUND('',#1609,.T.);
#1609 = EDGE_LOOP('',(#1610,#1611,#1612,#1619));
#1610 = ORIENTED_EDGE('',*,*,#1319,.F.);
#1611 = ORIENTED_EDGE('',*,*,#1439,.T.);
#1612 = ORIENTED_EDGE('',*,*,#1613,.T.);
#1613 = EDGE_CURVE('',#1440,#1614,#1616,.T.);
#1614 = VERTEX_POINT('',#1615);
#1615 = CARTESIAN_POINT('',(-6.075,-5.25,2.295));
#1616 = B_SPLINE_CURVE_WITH_KNOTS('',1,(#1617,#1618),.UNSPECIFIED.,.F.,
  .F.,(2,2),(0.,1.35),.PIECEWISE_BEZIER_KNOTS.);
#1617 = CARTESIAN_POINT('',(-6.075,-5.25,0.));
#1618 = CARTESIAN_POINT('',(-6.075,-5.25,2.295));
#1619 = ORIENTED_EDGE('',*,*,#1620,.T.);
#1620 = EDGE_CURVE('',#1614,#1311,#1621,.T.);
#1621 = ( BOUNDED_CURVE() B_SPLINE_CURVE(2,(#1622,#1623,#1624),
.UNSPECIFIED.,.F.,.F.) B_SPLINE_CURVE_WITH_KNOTS((3,3),(0.,
1.570796326795),.PIECEWISE_BEZIER_KNOTS.) CURVE() 
GEOMETRIC_REPRESENTATION_ITEM() RATIONAL_B_SPLINE_CURVE((1.,
0.707106781187,1.)) REPRESENTATION_ITEM('') );
#1622 = CARTESIAN_POINT('',(-6.075,-5.25,2.295));
#1623 = CARTESIAN_POINT('',(-6.75,-5.25,2.295));
#1624 = CARTESIAN_POINT('',(-6.75,-4.725,2.295));
#1625 = ( BOUNDED_SURFACE() B_SPLINE_SURFACE(2,1,(
    (#1626,#1627)
    ,(#1628,#1629)
    ,(#1630,#1631
)),.UNSPECIFIED.,.F.,.F.,.F.) B_SPLINE_SURFACE_WITH_KNOTS((3,3),(2,2),(
    0.,1.570796326795),(0.,1.35),.PIECEWISE_BEZIER_KNOTS.) 
GEOMETRIC_REPRESENTATION_ITEM() RATIONAL_B_SPLINE_SURFACE((
    (1.,1.)
    ,(0.707106781187,0.707106781187)
,(1.,1.))) REPRESENTATION_ITEM('') SURFACE() );
#1626 = CARTESIAN_POINT('',(-6.75,-4.725,0.));
#1627 = CARTESIAN_POINT('',(-6.75,-4.725,2.295));
#1628 = CARTESIAN_POINT('',(-6.75,-5.25,0.));
#1629 = CARTESIAN_POINT('',(-6.75,-5.25,2.295));
#1630 = CARTESIAN_POINT('',(-6.075,-5.25,0.));
#1631 = CARTESIAN_POINT('',(-6.075,-5.25,2.295));
#1632 = ADVANCED_FACE('',(#1633),#1643,.T.);
#1633 = FACE_BOUND('',#1634,.T.);
#1634 = EDGE_LOOP('',(#1635,#1636,#1637));
#1635 = ORIENTED_EDGE('',*,*,#1374,.F.);
#1636 = ORIENTED_EDGE('',*,*,#1620,.F.);
#1637 = ORIENTED_EDGE('',*,*,#1638,.T.);
#1638 = EDGE_CURVE('',#1614,#1375,#1639,.T.);
#1639 = ( BOUNDED_CURVE() B_SPLINE_CURVE(2,(#1640,#1641,#1642),
.UNSPECIFIED.,.F.,.F.) B_SPLINE_CURVE_WITH_KNOTS((3,3),(0.,
1.570796326795),.PIECEWISE_BEZIER_KNOTS.) CURVE() 
GEOMETRIC_REPRESENTATION_ITEM() RATIONAL_B_SPLINE_CURVE((1.,
0.707106781187,1.)) REPRESENTATION_ITEM('') );
#1640 = CARTESIAN_POINT('',(-6.075,-5.25,2.295));
#1641 = CARTESIAN_POINT('',(-6.075,-5.25,2.55));
#1642 = CARTESIAN_POINT('',(-6.075,-4.725,2.55));
#1643 = ( BOUNDED_SURFACE() B_SPLINE_SURFACE(2,2,(
    (#1644,#1645,#1646)
    ,(#1647,#1648,#1649)
    ,(#1650,#1651,#1652
)),.UNSPECIFIED.,.F.,.F.,.F.) B_SPLINE_SURFACE_WITH_KNOTS((3,3),(3,3),(
    4.712388980385,6.28318530718),(0.,1.570796326795),
.PIECEWISE_BEZIER_KNOTS.) GEOMETRIC_REPRESENTATION_ITEM() 
RATIONAL_B_SPLINE_SURFACE((
    (1.,0.707106781187,1.)
    ,(0.707106781187,0.5,0.707106781187)
,(1.,0.707106781187,1.))) REPRESENTATION_ITEM('') SURFACE() );
#1644 = CARTESIAN_POINT('',(-6.75,-4.725,2.295));
#1645 = CARTESIAN_POINT('',(-6.75,-4.725,2.55));
#1646 = CARTESIAN_POINT('',(-6.075,-4.725,2.55));
#1647 = CARTESIAN_POINT('',(-6.75,-5.25,2.295));
#1648 = CARTESIAN_POINT('',(-6.75,-5.25,2.55));
#1649 = CARTESIAN_POINT('',(-6.075,-4.725,2.55));
#1650 = CARTESIAN_POINT('',(-6.075,-5.25,2.295));
#1651 = CARTESIAN_POINT('',(-6.075,-5.25,2.55));
#1652 = CARTESIAN_POINT('',(-6.075,-4.725,2.55));
#1653 = ADVANCED_FACE('',(#1654),#1676,.T.);
#1654 = FACE_BOUND('',#1655,.T.);
#1655 = EDGE_LOOP('',(#1656,#1657,#1664,#1671));
#1656 = ORIENTED_EDGE('',*,*,#1382,.F.);
#1657 = ORIENTED_EDGE('',*,*,#1658,.F.);
#1658 = EDGE_CURVE('',#1659,#1375,#1661,.T.);
#1659 = VERTEX_POINT('',#1660);
#1660 = CARTESIAN_POINT('',(6.075,-4.725,2.55));
#1661 = B_SPLINE_CURVE_WITH_KNOTS('',1,(#1662,#1663),.UNSPECIFIED.,.F.,
  .F.,(2,2),(-0.,2.7),.PIECEWISE_BEZIER_KNOTS.);
#1662 = CARTESIAN_POINT('',(6.075,-4.725,2.55));
#1663 = CARTESIAN_POINT('',(-6.075,-4.725,2.55));
#1664 = ORIENTED_EDGE('',*,*,#1665,.F.);
#1665 = EDGE_CURVE('',#1666,#1659,#1668,.T.);
#1666 = VERTEX_POINT('',#1667);
#1667 = CARTESIAN_POINT('',(6.075,4.725,2.55));
#1668 = B_SPLINE_CURVE_WITH_KNOTS('',1,(#1669,#1670),.UNSPECIFIED.,.F.,
  .F.,(2,2),(-0.,2.7),.PIECEWISE_BEZIER_KNOTS.);
#1669 = CARTESIAN_POINT('',(6.075,4.725,2.55));
#1670 = CARTESIAN_POINT('',(6.075,-4.725,2.55));
#1671 = ORIENTED_EDGE('',*,*,#1672,.F.);
#1672 = EDGE_CURVE('',#1383,#1666,#1673,.T.);
#1673 = B_SPLINE_CURVE_WITH_KNOTS('',1,(#1674,#1675),.UNSPECIFIED.,.F.,
  .F.,(2,2),(0.,2.7),.PIECEWISE_BEZIER_KNOTS.);
#1674 = CARTESIAN_POINT('',(-6.075,4.725,2.55));
#1675 = CARTESIAN_POINT('',(6.075,4.725,2.55));
#1676 = B_SPLINE_SURFACE_WITH_KNOTS('',1,1,(
    (#1677,#1678)
    ,(#1679,#1680
    )),.UNSPECIFIED.,.F.,.F.,.F.,(2,2),(2,2),(0.15,2.85),(0.15,2.85),
  .PIECEWISE_BEZIER_KNOTS.);
#1677 = CARTESIAN_POINT('',(-6.075,-4.725,2.55));
#1678 = CARTESIAN_POINT('',(-6.075,4.725,2.55));
#1679 = CARTESIAN_POINT('',(6.075,-4.725,2.55));
#1680 = CARTESIAN_POINT('',(6.075,4.725,2.55));
#1681 = ADVANCED_FACE('',(#1682),#1692,.T.);
#1682 = FACE_BOUND('',#1683,.T.);
#1683 = EDGE_LOOP('',(#1684,#1690,#1691));
#1684 = ORIENTED_EDGE('',*,*,#1685,.F.);
#1685 = EDGE_CURVE('',#1407,#1383,#1686,.T.);
#1686 = ( BOUNDED_CURVE() B_SPLINE_CURVE(2,(#1687,#1688,#1689),
.UNSPECIFIED.,.F.,.F.) B_SPLINE_CURVE_WITH_KNOTS((3,3),(0.,
1.570796326795),.PIECEWISE_BEZIER_KNOTS.) CURVE() 
GEOMETRIC_REPRESENTATION_ITEM() RATIONAL_B_SPLINE_CURVE((1.,
0.707106781187,1.)) REPRESENTATION_ITEM('') );
#1687 = CARTESIAN_POINT('',(-6.075,5.25,2.295));
#1688 = CARTESIAN_POINT('',(-6.075,5.25,2.55));
#1689 = CARTESIAN_POINT('',(-6.075,4.725,2.55));
#1690 = ORIENTED_EDGE('',*,*,#1406,.F.);
#1691 = ORIENTED_EDGE('',*,*,#1389,.T.);
#1692 = ( BOUNDED_SURFACE() B_SPLINE_SURFACE(2,2,(
    (#1693,#1694,#1695)
    ,(#1696,#1697,#1698)
    ,(#1699,#1700,#1701
)),.UNSPECIFIED.,.F.,.F.,.F.) B_SPLINE_SURFACE_WITH_KNOTS((3,3),(3,3),(
    4.712388980385,6.28318530718),(0.,1.570796326795),
.PIECEWISE_BEZIER_KNOTS.) GEOMETRIC_REPRESENTATION_ITEM() 
RATIONAL_B_SPLINE_SURFACE((
    (1.,0.707106781187,1.)
    ,(0.707106781187,0.5,0.707106781187)
,(1.,0.707106781187,1.))) REPRESENTATION_ITEM('') SURFACE() );
#1693 = CARTESIAN_POINT('',(-6.075,5.25,2.295));
#1694 = CARTESIAN_POINT('',(-6.075,5.25,2.55));
#1695 = CARTESIAN_POINT('',(-6.075,4.725,2.55));
#1696 = CARTESIAN_POINT('',(-6.75,5.25,2.295));
#1697 = CARTESIAN_POINT('',(-6.75,5.25,2.55));
#1698 = CARTESIAN_POINT('',(-6.075,4.725,2.55));
#1699 = CARTESIAN_POINT('',(-6.75,4.725,2.295));
#1700 = CARTESIAN_POINT('',(-6.75,4.725,2.55));
#1701 = CARTESIAN_POINT('',(-6.075,4.725,2.55));
#1702 = ADVANCED_FACE('',(#1703),#1719,.T.);
#1703 = FACE_BOUND('',#1704,.T.);
#1704 = EDGE_LOOP('',(#1705,#1706,#1713,#1718));
#1705 = ORIENTED_EDGE('',*,*,#1414,.T.);
#1706 = ORIENTED_EDGE('',*,*,#1707,.T.);
#1707 = EDGE_CURVE('',#1407,#1708,#1710,.T.);
#1708 = VERTEX_POINT('',#1709);
#1709 = CARTESIAN_POINT('',(6.075,5.25,2.295));
#1710 = B_SPLINE_CURVE_WITH_KNOTS('',1,(#1711,#1712),.UNSPECIFIED.,.F.,
  .F.,(2,2),(0.,2.7),.PIECEWISE_BEZIER_KNOTS.);
#1711 = CARTESIAN_POINT('',(-6.075,5.25,2.295));
#1712 = CARTESIAN_POINT('',(6.075,5.25,2.295));
#1713 = ORIENTED_EDGE('',*,*,#1714,.F.);
#1714 = EDGE_CURVE('',#1498,#1708,#1715,.T.);
#1715 = B_SPLINE_CURVE_WITH_KNOTS('',1,(#1716,#1717),.UNSPECIFIED.,.F.,
  .F.,(2,2),(0.,1.35),.PIECEWISE_BEZIER_KNOTS.);
#1716 = CARTESIAN_POINT('',(6.075,5.25,0.));
#1717 = CARTESIAN_POINT('',(6.075,5.25,2.295));
#1718 = ORIENTED_EDGE('',*,*,#1505,.F.);
#1719 = B_SPLINE_SURFACE_WITH_KNOTS('',1,1,(
    (#1720,#1721)
    ,(#1722,#1723
    )),.UNSPECIFIED.,.F.,.F.,.F.,(2,2),(2,2),(0.,1.35),(0.15,2.85),
  .PIECEWISE_BEZIER_KNOTS.);
#1720 = CARTESIAN_POINT('',(-6.075,5.25,0.));
#1721 = CARTESIAN_POINT('',(6.075,5.25,0.));
#1722 = CARTESIAN_POINT('',(-6.075,5.25,2.295));
#1723 = CARTESIAN_POINT('',(6.075,5.25,2.295));
#1724 = ADVANCED_FACE('',(#1725),#1737,.F.);
#1725 = FACE_BOUND('',#1726,.F.);
#1726 = EDGE_LOOP('',(#1727,#1732,#1733,#1734,#1735,#1736));
#1727 = ORIENTED_EDGE('',*,*,#1728,.F.);
#1728 = EDGE_CURVE('',#1590,#1540,#1729,.T.);
#1729 = B_SPLINE_CURVE_WITH_KNOTS('',1,(#1730,#1731),.UNSPECIFIED.,.F.,
  .F.,(2,2),(0.,2.5),.PIECEWISE_BEZIER_KNOTS.);
#1730 = CARTESIAN_POINT('',(-6.795,-4.375,0.));
#1731 = CARTESIAN_POINT('',(-6.795,4.375,0.));
#1732 = ORIENTED_EDGE('',*,*,#1589,.T.);
#1733 = ORIENTED_EDGE('',*,*,#1526,.T.);
#1734 = ORIENTED_EDGE('',*,*,#1519,.T.);
#1735 = ORIENTED_EDGE('',*,*,#1512,.F.);
#1736 = ORIENTED_EDGE('',*,*,#1539,.F.);
#1737 = B_SPLINE_SURFACE_WITH_KNOTS('',1,1,(
    (#1738,#1739)
    ,(#1740,#1741
    )),.UNSPECIFIED.,.F.,.F.,.F.,(2,2),(2,2),(0.,0.75),(0.,2.5),
  .PIECEWISE_BEZIER_KNOTS.);
#1738 = CARTESIAN_POINT('',(-6.795,-4.375,0.));
#1739 = CARTESIAN_POINT('',(-6.795,4.375,0.));
#1740 = CARTESIAN_POINT('',(-3.42,-4.375,0.));
#1741 = CARTESIAN_POINT('',(-3.42,4.375,0.));
#1742 = ADVANCED_FACE('',(#1743),#1760,.T.);
#1743 = FACE_BOUND('',#1744,.T.);
#1744 = EDGE_LOOP('',(#1745,#1752,#1753,#1754));
#1745 = ORIENTED_EDGE('',*,*,#1746,.F.);
#1746 = EDGE_CURVE('',#1491,#1747,#1749,.T.);
#1747 = VERTEX_POINT('',#1748);
#1748 = CARTESIAN_POINT('',(6.75,4.725,2.295));
#1749 = B_SPLINE_CURVE_WITH_KNOTS('',1,(#1750,#1751),.UNSPECIFIED.,.F.,
  .F.,(2,2),(0.,1.35),.PIECEWISE_BEZIER_KNOTS.);
#1750 = CARTESIAN_POINT('',(6.75,4.725,0.));
#1751 = CARTESIAN_POINT('',(6.75,4.725,2.295));
#1752 = ORIENTED_EDGE('',*,*,#1497,.T.);
#1753 = ORIENTED_EDGE('',*,*,#1714,.T.);
#1754 = ORIENTED_EDGE('',*,*,#1755,.T.);
#1755 = EDGE_CURVE('',#1708,#1747,#1756,.T.);
#1756 = ( BOUNDED_CURVE() B_SPLINE_CURVE(2,(#1757,#1758,#1759),
.UNSPECIFIED.,.F.,.F.) B_SPLINE_CURVE_WITH_KNOTS((3,3),(0.,
1.570796326795),.PIECEWISE_BEZIER_KNOTS.) CURVE() 
GEOMETRIC_REPRESENTATION_ITEM() RATIONAL_B_SPLINE_CURVE((1.,
0.707106781187,1.)) REPRESENTATION_ITEM('') );
#1757 = CARTESIAN_POINT('',(6.075,5.25,2.295));
#1758 = CARTESIAN_POINT('',(6.75,5.25,2.295));
#1759 = CARTESIAN_POINT('',(6.75,4.725,2.295));
#1760 = ( BOUNDED_SURFACE() B_SPLINE_SURFACE(2,1,(
    (#1761,#1762)
    ,(#1763,#1764)
    ,(#1765,#1766
)),.UNSPECIFIED.,.F.,.F.,.F.) B_SPLINE_SURFACE_WITH_KNOTS((3,3),(2,2),(
    0.,1.570796326795),(0.,1.35),.PIECEWISE_BEZIER_KNOTS.) 
GEOMETRIC_REPRESENTATION_ITEM() RATIONAL_B_SPLINE_SURFACE((
    (1.,1.)
    ,(0.707106781187,0.707106781187)
,(1.,1.))) REPRESENTATION_ITEM('') SURFACE() );
#1761 = CARTESIAN_POINT('',(6.75,4.725,0.));
#1762 = CARTESIAN_POINT('',(6.75,4.725,2.295));
#1763 = CARTESIAN_POINT('',(6.75,5.25,0.));
#1764 = CARTESIAN_POINT('',(6.75,5.25,2.295));
#1765 = CARTESIAN_POINT('',(6.075,5.25,0.));
#1766 = CARTESIAN_POINT('',(6.075,5.25,2.295));
#1767 = ADVANCED_FACE('',(#1768),#1804,.T.);
#1768 = FACE_BOUND('',#1769,.T.);
#1769 = EDGE_LOOP('',(#1770,#1777,#1782,#1783,#1790,#1797,#1802,#1803));
#1770 = ORIENTED_EDGE('',*,*,#1771,.T.);
#1771 = EDGE_CURVE('',#1747,#1772,#1774,.T.);
#1772 = VERTEX_POINT('',#1773);
#1773 = CARTESIAN_POINT('',(6.75,-4.725,2.295));
#1774 = B_SPLINE_CURVE_WITH_KNOTS('',1,(#1775,#1776),.UNSPECIFIED.,.F.,
  .F.,(2,2),(-0.,2.7),.PIECEWISE_BEZIER_KNOTS.);
#1775 = CARTESIAN_POINT('',(6.75,4.725,2.295));
#1776 = CARTESIAN_POINT('',(6.75,-4.725,2.295));
#1777 = ORIENTED_EDGE('',*,*,#1778,.F.);
#1778 = EDGE_CURVE('',#1455,#1772,#1779,.T.);
#1779 = B_SPLINE_CURVE_WITH_KNOTS('',1,(#1780,#1781),.UNSPECIFIED.,.F.,
  .F.,(2,2),(0.,1.35),.PIECEWISE_BEZIER_KNOTS.);
#1780 = CARTESIAN_POINT('',(6.75,-4.725,0.));
#1781 = CARTESIAN_POINT('',(6.75,-4.725,2.295));
#1782 = ORIENTED_EDGE('',*,*,#1462,.T.);
#1783 = ORIENTED_EDGE('',*,*,#1784,.T.);
#1784 = EDGE_CURVE('',#1463,#1785,#1787,.T.);
#1785 = VERTEX_POINT('',#1786);
#1786 = CARTESIAN_POINT('',(6.75,-4.375,0.765));
#1787 = B_SPLINE_CURVE_WITH_KNOTS('',1,(#1788,#1789),.UNSPECIFIED.,.F.,
  .F.,(2,2),(0.,0.45),.PIECEWISE_BEZIER_KNOTS.);
#1788 = CARTESIAN_POINT('',(6.75,-4.375,0.));
#1789 = CARTESIAN_POINT('',(6.75,-4.375,0.765));
#1790 = ORIENTED_EDGE('',*,*,#1791,.F.);
#1791 = EDGE_CURVE('',#1792,#1785,#1794,.T.);
#1792 = VERTEX_POINT('',#1793);
#1793 = CARTESIAN_POINT('',(6.75,4.375,0.765));
#1794 = B_SPLINE_CURVE_WITH_KNOTS('',1,(#1795,#1796),.UNSPECIFIED.,.F.,
  .F.,(2,2),(-2.625,-0.125),.PIECEWISE_BEZIER_KNOTS.);
#1795 = CARTESIAN_POINT('',(6.75,4.375,0.765));
#1796 = CARTESIAN_POINT('',(6.75,-4.375,0.765));
#1797 = ORIENTED_EDGE('',*,*,#1798,.F.);
#1798 = EDGE_CURVE('',#1484,#1792,#1799,.T.);
#1799 = B_SPLINE_CURVE_WITH_KNOTS('',1,(#1800,#1801),.UNSPECIFIED.,.F.,
  .F.,(2,2),(0.,0.45),.PIECEWISE_BEZIER_KNOTS.);
#1800 = CARTESIAN_POINT('',(6.75,4.375,0.));
#1801 = CARTESIAN_POINT('',(6.75,4.375,0.765));
#1802 = ORIENTED_EDGE('',*,*,#1490,.T.);
#1803 = ORIENTED_EDGE('',*,*,#1746,.T.);
#1804 = B_SPLINE_SURFACE_WITH_KNOTS('',1,1,(
    (#1805,#1806)
    ,(#1807,#1808
    )),.UNSPECIFIED.,.F.,.F.,.F.,(2,2),(2,2),(0.,1.35),(-2.85,-0.15),
  .PIECEWISE_BEZIER_KNOTS.);
#1805 = CARTESIAN_POINT('',(6.75,4.725,0.));
#1806 = CARTESIAN_POINT('',(6.75,-4.725,0.));
#1807 = CARTESIAN_POINT('',(6.75,4.725,2.295));
#1808 = CARTESIAN_POINT('',(6.75,-4.725,2.295));
#1809 = ADVANCED_FACE('',(#1810),#1834,.F.);
#1810 = FACE_BOUND('',#1811,.F.);
#1811 = EDGE_LOOP('',(#1812,#1813,#1814,#1821,#1828,#1833));
#1812 = ORIENTED_EDGE('',*,*,#1476,.F.);
#1813 = ORIENTED_EDGE('',*,*,#1469,.T.);
#1814 = ORIENTED_EDGE('',*,*,#1815,.T.);
#1815 = EDGE_CURVE('',#1463,#1816,#1818,.T.);
#1816 = VERTEX_POINT('',#1817);
#1817 = CARTESIAN_POINT('',(6.795,-4.375,0.));
#1818 = B_SPLINE_CURVE_WITH_KNOTS('',1,(#1819,#1820),.UNSPECIFIED.,.F.,
  .F.,(2,2),(0.74,0.75),.PIECEWISE_BEZIER_KNOTS.);
#1819 = CARTESIAN_POINT('',(6.75,-4.375,0.));
#1820 = CARTESIAN_POINT('',(6.795,-4.375,0.));
#1821 = ORIENTED_EDGE('',*,*,#1822,.T.);
#1822 = EDGE_CURVE('',#1816,#1823,#1825,.T.);
#1823 = VERTEX_POINT('',#1824);
#1824 = CARTESIAN_POINT('',(6.795,4.375,0.));
#1825 = B_SPLINE_CURVE_WITH_KNOTS('',1,(#1826,#1827),.UNSPECIFIED.,.F.,
  .F.,(2,2),(0.,2.5),.PIECEWISE_BEZIER_KNOTS.);
#1826 = CARTESIAN_POINT('',(6.795,-4.375,0.));
#1827 = CARTESIAN_POINT('',(6.795,4.375,0.));
#1828 = ORIENTED_EDGE('',*,*,#1829,.F.);
#1829 = EDGE_CURVE('',#1484,#1823,#1830,.T.);
#1830 = B_SPLINE_CURVE_WITH_KNOTS('',1,(#1831,#1832),.UNSPECIFIED.,.F.,
  .F.,(2,2),(0.74,0.75),.PIECEWISE_BEZIER_KNOTS.);
#1831 = CARTESIAN_POINT('',(6.75,4.375,0.));
#1832 = CARTESIAN_POINT('',(6.795,4.375,0.));
#1833 = ORIENTED_EDGE('',*,*,#1483,.F.);
#1834 = B_SPLINE_SURFACE_WITH_KNOTS('',1,1,(
    (#1835,#1836)
    ,(#1837,#1838
    )),.UNSPECIFIED.,.F.,.F.,.F.,(2,2),(2,2),(0.,0.75),(0.,2.5),
  .PIECEWISE_BEZIER_KNOTS.);
#1835 = CARTESIAN_POINT('',(3.42,-4.375,0.));
#1836 = CARTESIAN_POINT('',(3.42,4.375,0.));
#1837 = CARTESIAN_POINT('',(6.795,-4.375,0.));
#1838 = CARTESIAN_POINT('',(6.795,4.375,0.));
#1839 = ADVANCED_FACE('',(#1840),#1857,.T.);
#1840 = FACE_BOUND('',#1841,.T.);
#1841 = EDGE_LOOP('',(#1842,#1850,#1855,#1856));
#1842 = ORIENTED_EDGE('',*,*,#1843,.T.);
#1843 = EDGE_CURVE('',#1772,#1844,#1846,.T.);
#1844 = VERTEX_POINT('',#1845);
#1845 = CARTESIAN_POINT('',(6.075,-5.25,2.295));
#1846 = ( BOUNDED_CURVE() B_SPLINE_CURVE(2,(#1847,#1848,#1849),
.UNSPECIFIED.,.F.,.F.) B_SPLINE_CURVE_WITH_KNOTS((3,3),(0.,
1.570796326795),.PIECEWISE_BEZIER_KNOTS.) CURVE() 
GEOMETRIC_REPRESENTATION_ITEM() RATIONAL_B_SPLINE_CURVE((1.,
0.707106781187,1.)) REPRESENTATION_ITEM('') );
#1847 = CARTESIAN_POINT('',(6.75,-4.725,2.295));
#1848 = CARTESIAN_POINT('',(6.75,-5.25,2.295));
#1849 = CARTESIAN_POINT('',(6.075,-5.25,2.295));
#1850 = ORIENTED_EDGE('',*,*,#1851,.F.);
#1851 = EDGE_CURVE('',#1448,#1844,#1852,.T.);
#1852 = B_SPLINE_CURVE_WITH_KNOTS('',1,(#1853,#1854),.UNSPECIFIED.,.F.,
  .F.,(2,2),(0.,1.35),.PIECEWISE_BEZIER_KNOTS.);
#1853 = CARTESIAN_POINT('',(6.075,-5.25,0.));
#1854 = CARTESIAN_POINT('',(6.075,-5.25,2.295));
#1855 = ORIENTED_EDGE('',*,*,#1454,.F.);
#1856 = ORIENTED_EDGE('',*,*,#1778,.T.);
#1857 = ( BOUNDED_SURFACE() B_SPLINE_SURFACE(2,1,(
    (#1858,#1859)
    ,(#1860,#1861)
    ,(#1862,#1863
)),.UNSPECIFIED.,.F.,.F.,.F.) B_SPLINE_SURFACE_WITH_KNOTS((3,3),(2,2),(
    4.712388980385,6.28318530718),(0.,1.35),.PIECEWISE_BEZIER_KNOTS.) 
GEOMETRIC_REPRESENTATION_ITEM() RATIONAL_B_SPLINE_SURFACE((
    (1.,1.)
    ,(0.707106781187,0.707106781187)
,(1.,1.))) REPRESENTATION_ITEM('') SURFACE() );
#1858 = CARTESIAN_POINT('',(6.075,-5.25,0.));
#1859 = CARTESIAN_POINT('',(6.075,-5.25,2.295));
#1860 = CARTESIAN_POINT('',(6.75,-5.25,0.));
#1861 = CARTESIAN_POINT('',(6.75,-5.25,2.295));
#1862 = CARTESIAN_POINT('',(6.75,-4.725,0.));
#1863 = CARTESIAN_POINT('',(6.75,-4.725,2.295));
#1864 = ADVANCED_FACE('',(#1865),#1875,.F.);
#1865 = FACE_BOUND('',#1866,.F.);
#1866 = EDGE_LOOP('',(#1867,#1868,#1873,#1874));
#1867 = ORIENTED_EDGE('',*,*,#1613,.T.);
#1868 = ORIENTED_EDGE('',*,*,#1869,.F.);
#1869 = EDGE_CURVE('',#1844,#1614,#1870,.T.);
#1870 = B_SPLINE_CURVE_WITH_KNOTS('',1,(#1871,#1872),.UNSPECIFIED.,.F.,
  .F.,(2,2),(-0.,2.7),.PIECEWISE_BEZIER_KNOTS.);
#1871 = CARTESIAN_POINT('',(6.075,-5.25,2.295));
#1872 = CARTESIAN_POINT('',(-6.075,-5.25,2.295));
#1873 = ORIENTED_EDGE('',*,*,#1851,.F.);
#1874 = ORIENTED_EDGE('',*,*,#1447,.F.);
#1875 = B_SPLINE_SURFACE_WITH_KNOTS('',1,1,(
    (#1876,#1877)
    ,(#1878,#1879
    )),.UNSPECIFIED.,.F.,.F.,.F.,(2,2),(2,2),(0.,1.35),(0.15,2.85),
  .PIECEWISE_BEZIER_KNOTS.);
#1876 = CARTESIAN_POINT('',(-6.075,-5.25,0.));
#1877 = CARTESIAN_POINT('',(6.075,-5.25,0.));
#1878 = CARTESIAN_POINT('',(-6.075,-5.25,2.295));
#1879 = CARTESIAN_POINT('',(6.075,-5.25,2.295));
#1880 = ADVANCED_FACE('',(#1881),#1887,.F.);
#1881 = FACE_BOUND('',#1882,.F.);
#1882 = EDGE_LOOP('',(#1883,#1884,#1885,#1886));
#1883 = ORIENTED_EDGE('',*,*,#1596,.F.);
#1884 = ORIENTED_EDGE('',*,*,#1728,.T.);
#1885 = ORIENTED_EDGE('',*,*,#1546,.T.);
#1886 = ORIENTED_EDGE('',*,*,#1568,.F.);
#1887 = B_SPLINE_SURFACE_WITH_KNOTS('',1,1,(
    (#1888,#1889)
    ,(#1890,#1891
    )),.UNSPECIFIED.,.F.,.F.,.F.,(2,2),(2,2),(0.,0.45),(-2.5,0.),
  .PIECEWISE_BEZIER_KNOTS.);
#1888 = CARTESIAN_POINT('',(-6.795,4.375,0.));
#1889 = CARTESIAN_POINT('',(-6.795,-4.375,0.));
#1890 = CARTESIAN_POINT('',(-6.795,4.375,0.765));
#1891 = CARTESIAN_POINT('',(-6.795,-4.375,0.765));
#1892 = ADVANCED_FACE('',(#1893),#1904,.T.);
#1893 = FACE_BOUND('',#1894,.T.);
#1894 = EDGE_LOOP('',(#1895,#1901,#1902,#1903));
#1895 = ORIENTED_EDGE('',*,*,#1896,.T.);
#1896 = EDGE_CURVE('',#1844,#1659,#1897,.T.);
#1897 = ( BOUNDED_CURVE() B_SPLINE_CURVE(2,(#1898,#1899,#1900),
.UNSPECIFIED.,.F.,.F.) B_SPLINE_CURVE_WITH_KNOTS((3,3),(0.,
1.570796326795),.PIECEWISE_BEZIER_KNOTS.) CURVE() 
GEOMETRIC_REPRESENTATION_ITEM() RATIONAL_B_SPLINE_CURVE((1.,
0.707106781187,1.)) REPRESENTATION_ITEM('') );
#1898 = CARTESIAN_POINT('',(6.075,-5.25,2.295));
#1899 = CARTESIAN_POINT('',(6.075,-5.25,2.55));
#1900 = CARTESIAN_POINT('',(6.075,-4.725,2.55));
#1901 = ORIENTED_EDGE('',*,*,#1658,.T.);
#1902 = ORIENTED_EDGE('',*,*,#1638,.F.);
#1903 = ORIENTED_EDGE('',*,*,#1869,.F.);
#1904 = ( BOUNDED_SURFACE() B_SPLINE_SURFACE(2,1,(
    (#1905,#1906)
    ,(#1907,#1908)
    ,(#1909,#1910
)),.UNSPECIFIED.,.F.,.F.,.F.) B_SPLINE_SURFACE_WITH_KNOTS((3,3),(2,2),(
    0.,1.570796326795),(0.,2.7),.PIECEWISE_BEZIER_KNOTS.) 
GEOMETRIC_REPRESENTATION_ITEM() RATIONAL_B_SPLINE_SURFACE((
    (1.,1.)
    ,(0.707106781187,0.707106781187)
,(1.,1.))) REPRESENTATION_ITEM('') SURFACE() );
#1905 = CARTESIAN_POINT('',(6.075,-5.25,2.295));
#1906 = CARTESIAN_POINT('',(-6.075,-5.25,2.295));
#1907 = CARTESIAN_POINT('',(6.075,-5.25,2.55));
#1908 = CARTESIAN_POINT('',(-6.075,-5.25,2.55));
#1909 = CARTESIAN_POINT('',(6.075,-4.725,2.55));
#1910 = CARTESIAN_POINT('',(-6.075,-4.725,2.55));
#1911 = ADVANCED_FACE('',(#1912),#1923,.T.);
#1912 = FACE_BOUND('',#1913,.T.);
#1913 = EDGE_LOOP('',(#1914,#1915,#1916,#1922));
#1914 = ORIENTED_EDGE('',*,*,#1685,.T.);
#1915 = ORIENTED_EDGE('',*,*,#1672,.T.);
#1916 = ORIENTED_EDGE('',*,*,#1917,.F.);
#1917 = EDGE_CURVE('',#1708,#1666,#1918,.T.);
#1918 = ( BOUNDED_CURVE() B_SPLINE_CURVE(2,(#1919,#1920,#1921),
.UNSPECIFIED.,.F.,.F.) B_SPLINE_CURVE_WITH_KNOTS((3,3),(0.,
1.570796326795),.PIECEWISE_BEZIER_KNOTS.) CURVE() 
GEOMETRIC_REPRESENTATION_ITEM() RATIONAL_B_SPLINE_CURVE((1.,
0.707106781187,1.)) REPRESENTATION_ITEM('') );
#1919 = CARTESIAN_POINT('',(6.075,5.25,2.295));
#1920 = CARTESIAN_POINT('',(6.075,5.25,2.55));
#1921 = CARTESIAN_POINT('',(6.075,4.725,2.55));
#1922 = ORIENTED_EDGE('',*,*,#1707,.F.);
#1923 = ( BOUNDED_SURFACE() B_SPLINE_SURFACE(2,1,(
    (#1924,#1925)
    ,(#1926,#1927)
    ,(#1928,#1929
)),.UNSPECIFIED.,.F.,.F.,.F.) B_SPLINE_SURFACE_WITH_KNOTS((3,3),(2,2),(
    0.,1.570796326795),(0.,2.7),.PIECEWISE_BEZIER_KNOTS.) 
GEOMETRIC_REPRESENTATION_ITEM() RATIONAL_B_SPLINE_SURFACE((
    (1.,1.)
    ,(0.707106781187,0.707106781187)
,(1.,1.))) REPRESENTATION_ITEM('') SURFACE() );
#1924 = CARTESIAN_POINT('',(-6.075,5.25,2.295));
#1925 = CARTESIAN_POINT('',(6.075,5.25,2.295));
#1926 = CARTESIAN_POINT('',(-6.075,5.25,2.55));
#1927 = CARTESIAN_POINT('',(6.075,5.25,2.55));
#1928 = CARTESIAN_POINT('',(-6.075,4.725,2.55));
#1929 = CARTESIAN_POINT('',(6.075,4.725,2.55));
#1930 = ADVANCED_FACE('',(#1931),#1947,.T.);
#1931 = FACE_BOUND('',#1932,.T.);
#1932 = EDGE_LOOP('',(#1933,#1939,#1940,#1946));
#1933 = ORIENTED_EDGE('',*,*,#1934,.T.);
#1934 = EDGE_CURVE('',#1747,#1666,#1935,.T.);
#1935 = ( BOUNDED_CURVE() B_SPLINE_CURVE(2,(#1936,#1937,#1938),
.UNSPECIFIED.,.F.,.F.) B_SPLINE_CURVE_WITH_KNOTS((3,3),(0.,
1.570796326795),.PIECEWISE_BEZIER_KNOTS.) CURVE() 
GEOMETRIC_REPRESENTATION_ITEM() RATIONAL_B_SPLINE_CURVE((1.,
0.707106781187,1.)) REPRESENTATION_ITEM('') );
#1936 = CARTESIAN_POINT('',(6.75,4.725,2.295));
#1937 = CARTESIAN_POINT('',(6.75,4.725,2.55));
#1938 = CARTESIAN_POINT('',(6.075,4.725,2.55));
#1939 = ORIENTED_EDGE('',*,*,#1665,.T.);
#1940 = ORIENTED_EDGE('',*,*,#1941,.F.);
#1941 = EDGE_CURVE('',#1772,#1659,#1942,.T.);
#1942 = ( BOUNDED_CURVE() B_SPLINE_CURVE(2,(#1943,#1944,#1945),
.UNSPECIFIED.,.F.,.F.) B_SPLINE_CURVE_WITH_KNOTS((3,3),(0.,
1.570796326795),.PIECEWISE_BEZIER_KNOTS.) CURVE() 
GEOMETRIC_REPRESENTATION_ITEM() RATIONAL_B_SPLINE_CURVE((1.,
0.707106781187,1.)) REPRESENTATION_ITEM('') );
#1943 = CARTESIAN_POINT('',(6.75,-4.725,2.295));
#1944 = CARTESIAN_POINT('',(6.75,-4.725,2.55));
#1945 = CARTESIAN_POINT('',(6.075,-4.725,2.55));
#1946 = ORIENTED_EDGE('',*,*,#1771,.F.);
#1947 = ( BOUNDED_SURFACE() B_SPLINE_SURFACE(2,1,(
    (#1948,#1949)
    ,(#1950,#1951)
    ,(#1952,#1953
)),.UNSPECIFIED.,.F.,.F.,.F.) B_SPLINE_SURFACE_WITH_KNOTS((3,3),(2,2),(
    0.,1.570796326795),(0.,2.7),.PIECEWISE_BEZIER_KNOTS.) 
GEOMETRIC_REPRESENTATION_ITEM() RATIONAL_B_SPLINE_SURFACE((
    (1.,1.)
    ,(0.707106781187,0.707106781187)
,(1.,1.))) REPRESENTATION_ITEM('') SURFACE() );
#1948 = CARTESIAN_POINT('',(6.75,4.725,2.295));
#1949 = CARTESIAN_POINT('',(6.75,-4.725,2.295));
#1950 = CARTESIAN_POINT('',(6.75,4.725,2.55));
#1951 = CARTESIAN_POINT('',(6.75,-4.725,2.55));
#1952 = CARTESIAN_POINT('',(6.075,4.725,2.55));
#1953 = CARTESIAN_POINT('',(6.075,-4.725,2.55));
#1954 = ADVANCED_FACE('',(#1955),#1960,.T.);
#1955 = FACE_BOUND('',#1956,.T.);
#1956 = EDGE_LOOP('',(#1957,#1958,#1959));
#1957 = ORIENTED_EDGE('',*,*,#1934,.F.);
#1958 = ORIENTED_EDGE('',*,*,#1755,.F.);
#1959 = ORIENTED_EDGE('',*,*,#1917,.T.);
#1960 = ( BOUNDED_SURFACE() B_SPLINE_SURFACE(2,2,(
    (#1961,#1962,#1963)
    ,(#1964,#1965,#1966)
    ,(#1967,#1968,#1969
)),.UNSPECIFIED.,.F.,.F.,.F.) B_SPLINE_SURFACE_WITH_KNOTS((3,3),(3,3),(
    4.712388980385,6.28318530718),(0.,1.570796326795),
.PIECEWISE_BEZIER_KNOTS.) GEOMETRIC_REPRESENTATION_ITEM() 
RATIONAL_B_SPLINE_SURFACE((
    (1.,0.707106781187,1.)
    ,(0.707106781187,0.5,0.707106781187)
,(1.,0.707106781187,1.))) REPRESENTATION_ITEM('') SURFACE() );
#1961 = CARTESIAN_POINT('',(6.75,4.725,2.295));
#1962 = CARTESIAN_POINT('',(6.75,4.725,2.55));
#1963 = CARTESIAN_POINT('',(6.075,4.725,2.55));
#1964 = CARTESIAN_POINT('',(6.75,5.25,2.295));
#1965 = CARTESIAN_POINT('',(6.75,5.25,2.55));
#1966 = CARTESIAN_POINT('',(6.075,4.725,2.55));
#1967 = CARTESIAN_POINT('',(6.075,5.25,2.295));
#1968 = CARTESIAN_POINT('',(6.075,5.25,2.55));
#1969 = CARTESIAN_POINT('',(6.075,4.725,2.55));
#1970 = ADVANCED_FACE('',(#1971),#1987,.T.);
#1971 = FACE_BOUND('',#1972,.T.);
#1972 = EDGE_LOOP('',(#1973,#1974,#1975,#1982));
#1973 = ORIENTED_EDGE('',*,*,#1829,.F.);
#1974 = ORIENTED_EDGE('',*,*,#1798,.T.);
#1975 = ORIENTED_EDGE('',*,*,#1976,.T.);
#1976 = EDGE_CURVE('',#1792,#1977,#1979,.T.);
#1977 = VERTEX_POINT('',#1978);
#1978 = CARTESIAN_POINT('',(6.795,4.375,0.765));
#1979 = B_SPLINE_CURVE_WITH_KNOTS('',1,(#1980,#1981),.UNSPECIFIED.,.F.,
  .F.,(2,2),(0.74,0.75),.PIECEWISE_BEZIER_KNOTS.);
#1980 = CARTESIAN_POINT('',(6.75,4.375,0.765));
#1981 = CARTESIAN_POINT('',(6.795,4.375,0.765));
#1982 = ORIENTED_EDGE('',*,*,#1983,.F.);
#1983 = EDGE_CURVE('',#1823,#1977,#1984,.T.);
#1984 = B_SPLINE_CURVE_WITH_KNOTS('',1,(#1985,#1986),.UNSPECIFIED.,.F.,
  .F.,(2,2),(0.,0.45),.PIECEWISE_BEZIER_KNOTS.);
#1985 = CARTESIAN_POINT('',(6.795,4.375,0.));
#1986 = CARTESIAN_POINT('',(6.795,4.375,0.765));
#1987 = B_SPLINE_SURFACE_WITH_KNOTS('',1,1,(
    (#1988,#1989)
    ,(#1990,#1991
    )),.UNSPECIFIED.,.F.,.F.,.F.,(2,2),(2,2),(0.,0.45),(0.74,0.75),
  .PIECEWISE_BEZIER_KNOTS.);
#1988 = CARTESIAN_POINT('',(6.75,4.375,0.));
#1989 = CARTESIAN_POINT('',(6.795,4.375,0.));
#1990 = CARTESIAN_POINT('',(6.75,4.375,0.765));
#1991 = CARTESIAN_POINT('',(6.795,4.375,0.765));
#1992 = ADVANCED_FACE('',(#1993),#2009,.T.);
#1993 = FACE_BOUND('',#1994,.T.);
#1994 = EDGE_LOOP('',(#1995,#1996,#2003,#2008));
#1995 = ORIENTED_EDGE('',*,*,#1791,.T.);
#1996 = ORIENTED_EDGE('',*,*,#1997,.T.);
#1997 = EDGE_CURVE('',#1785,#1998,#2000,.T.);
#1998 = VERTEX_POINT('',#1999);
#1999 = CARTESIAN_POINT('',(6.795,-4.375,0.765));
#2000 = B_SPLINE_CURVE_WITH_KNOTS('',1,(#2001,#2002),.UNSPECIFIED.,.F.,
  .F.,(2,2),(0.74,0.75),.PIECEWISE_BEZIER_KNOTS.);
#2001 = CARTESIAN_POINT('',(6.75,-4.375,0.765));
#2002 = CARTESIAN_POINT('',(6.795,-4.375,0.765));
#2003 = ORIENTED_EDGE('',*,*,#2004,.T.);
#2004 = EDGE_CURVE('',#1998,#1977,#2005,.T.);
#2005 = B_SPLINE_CURVE_WITH_KNOTS('',1,(#2006,#2007),.UNSPECIFIED.,.F.,
  .F.,(2,2),(0.,2.5),.PIECEWISE_BEZIER_KNOTS.);
#2006 = CARTESIAN_POINT('',(6.795,-4.375,0.765));
#2007 = CARTESIAN_POINT('',(6.795,4.375,0.765));
#2008 = ORIENTED_EDGE('',*,*,#1976,.F.);
#2009 = B_SPLINE_SURFACE_WITH_KNOTS('',1,1,(
    (#2010,#2011)
    ,(#2012,#2013
    )),.UNSPECIFIED.,.F.,.F.,.F.,(2,2),(2,2),(0.74,0.75),(0.,2.5),
  .PIECEWISE_BEZIER_KNOTS.);
#2010 = CARTESIAN_POINT('',(6.75,-4.375,0.765));
#2011 = CARTESIAN_POINT('',(6.75,4.375,0.765));
#2012 = CARTESIAN_POINT('',(6.795,-4.375,0.765));
#2013 = CARTESIAN_POINT('',(6.795,4.375,0.765));
#2014 = ADVANCED_FACE('',(#2015),#2025,.F.);
#2015 = FACE_BOUND('',#2016,.F.);
#2016 = EDGE_LOOP('',(#2017,#2018,#2019,#2020));
#2017 = ORIENTED_EDGE('',*,*,#1815,.F.);
#2018 = ORIENTED_EDGE('',*,*,#1784,.T.);
#2019 = ORIENTED_EDGE('',*,*,#1997,.T.);
#2020 = ORIENTED_EDGE('',*,*,#2021,.F.);
#2021 = EDGE_CURVE('',#1816,#1998,#2022,.T.);
#2022 = B_SPLINE_CURVE_WITH_KNOTS('',1,(#2023,#2024),.UNSPECIFIED.,.F.,
  .F.,(2,2),(0.,0.45),.PIECEWISE_BEZIER_KNOTS.);
#2023 = CARTESIAN_POINT('',(6.795,-4.375,0.));
#2024 = CARTESIAN_POINT('',(6.795,-4.375,0.765));
#2025 = B_SPLINE_SURFACE_WITH_KNOTS('',1,1,(
    (#2026,#2027)
    ,(#2028,#2029
    )),.UNSPECIFIED.,.F.,.F.,.F.,(2,2),(2,2),(0.,0.45),(0.74,0.75),
  .PIECEWISE_BEZIER_KNOTS.);
#2026 = CARTESIAN_POINT('',(6.75,-4.375,0.));
#2027 = CARTESIAN_POINT('',(6.795,-4.375,0.));
#2028 = CARTESIAN_POINT('',(6.75,-4.375,0.765));
#2029 = CARTESIAN_POINT('',(6.795,-4.375,0.765));
#2030 = ADVANCED_FACE('',(#2031),#2037,.T.);
#2031 = FACE_BOUND('',#2032,.T.);
#2032 = EDGE_LOOP('',(#2033,#2034,#2035,#2036));
#2033 = ORIENTED_EDGE('',*,*,#2021,.F.);
#2034 = ORIENTED_EDGE('',*,*,#1822,.T.);
#2035 = ORIENTED_EDGE('',*,*,#1983,.T.);
#2036 = ORIENTED_EDGE('',*,*,#2004,.F.);
#2037 = B_SPLINE_SURFACE_WITH_KNOTS('',1,1,(
    (#2038,#2039)
    ,(#2040,#2041
    )),.UNSPECIFIED.,.F.,.F.,.F.,(2,2),(2,2),(0.,0.45),(-2.5,0.),
  .PIECEWISE_BEZIER_KNOTS.);
#2038 = CARTESIAN_POINT('',(6.795,4.375,0.));
#2039 = CARTESIAN_POINT('',(6.795,-4.375,0.));
#2040 = CARTESIAN_POINT('',(6.795,4.375,0.765));
#2041 = CARTESIAN_POINT('',(6.795,-4.375,0.765));
#2042 = ADVANCED_FACE('',(#2043),#2048,.T.);
#2043 = FACE_BOUND('',#2044,.T.);
#2044 = EDGE_LOOP('',(#2045,#2046,#2047));
#2045 = ORIENTED_EDGE('',*,*,#1896,.F.);
#2046 = ORIENTED_EDGE('',*,*,#1843,.F.);
#2047 = ORIENTED_EDGE('',*,*,#1941,.T.);
#2048 = ( BOUNDED_SURFACE() B_SPLINE_SURFACE(2,2,(
    (#2049,#2050,#2051)
    ,(#2052,#2053,#2054)
    ,(#2055,#2056,#2057
)),.UNSPECIFIED.,.F.,.F.,.F.) B_SPLINE_SURFACE_WITH_KNOTS((3,3),(3,3),(
    4.712388980385,6.28318530718),(0.,1.570796326795),
.PIECEWISE_BEZIER_KNOTS.) GEOMETRIC_REPRESENTATION_ITEM() 
RATIONAL_B_SPLINE_SURFACE((
    (1.,0.707106781187,1.)
    ,(0.707106781187,0.5,0.707106781187)
,(1.,0.707106781187,1.))) REPRESENTATION_ITEM('') SURFACE() );
#2049 = CARTESIAN_POINT('',(6.075,-5.25,2.295));
#2050 = CARTESIAN_POINT('',(6.075,-5.25,2.55));
#2051 = CARTESIAN_POINT('',(6.075,-4.725,2.55));
#2052 = CARTESIAN_POINT('',(6.75,-5.25,2.295));
#2053 = CARTESIAN_POINT('',(6.75,-5.25,2.55));
#2054 = CARTESIAN_POINT('',(6.075,-4.725,2.55));
#2055 = CARTESIAN_POINT('',(6.75,-4.725,2.295));
#2056 = CARTESIAN_POINT('',(6.75,-4.725,2.55));
#2057 = CARTESIAN_POINT('',(6.075,-4.725,2.55));
#2058 = ( GEOMETRIC_REPRESENTATION_CONTEXT(3) 
GLOBAL_UNCERTAINTY_ASSIGNED_CONTEXT((#2062)) 
GLOBAL_UNIT_ASSIGNED_CONTEXT((#2059,#2060,#2061)) REPRESENTATION_CONTEXT
('Context #1','3D Context with UNIT and UNCERTAINTY') );
#2059 = ( LENGTH_UNIT() NAMED_UNIT(*) SI_UNIT(.MILLI.,.METRE.) );
#2060 = ( NAMED_UNIT(*) PLANE_ANGLE_UNIT() SI_UNIT($,.RADIAN.) );
#2061 = ( NAMED_UNIT(*) SI_UNIT($,.STERADIAN.) SOLID_ANGLE_UNIT() );
#2062 = UNCERTAINTY_MEASURE_WITH_UNIT(LENGTH_MEASURE(5.E-07),#2059,
  'distance_accuracy_value','confusion accuracy');
#2063 = CONTEXT_DEPENDENT_SHAPE_REPRESENTATION(#2064,#2066);
#2064 = ( REPRESENTATION_RELATIONSHIP('','',#1303,#10) 
REPRESENTATION_RELATIONSHIP_WITH_TRANSFORMATION(#2065) 
SHAPE_REPRESENTATION_RELATIONSHIP() );
#2065 = ITEM_DEFINED_TRANSFORMATION('','',#11,#19);
#2066 = PRODUCT_DEFINITION_SHAPE('Placement','Placement of an item',
  #2067);
#2067 = NEXT_ASSEMBLY_USAGE_OCCURRENCE('2','L1','',#5,#1298,$);
#2068 = PRODUCT_RELATED_PRODUCT_CATEGORY('part',$,(#1300));
#2069 = SHAPE_DEFINITION_REPRESENTATION(#2070,#2076);
#2070 = PRODUCT_DEFINITION_SHAPE('','',#2071);
#2071 = PRODUCT_DEFINITION('design','',#2072,#2075);
#2072 = PRODUCT_DEFINITION_FORMATION('','',#2073);
#2073 = PRODUCT('C_0805_2012Metric','C_0805_2012Metric','',(#2074));
#2074 = PRODUCT_CONTEXT('',#2,'mechanical');
#2075 = PRODUCT_DEFINITION_CONTEXT('part definition',#2,'design');
#2076 = ADVANCED_BREP_SHAPE_REPRESENTATION('',(#11,#2077),#2931);
#2077 = MANIFOLD_SOLID_BREP('',#2078);
#2078 = CLOSED_SHELL('',(#2079,#2155,#2186,#2211,#2236,#2260,#2284,#2309
    ,#2334,#2351,#2437,#2469,#2493,#2518,#2542,#2567,#2591,#2616,#2633,
    #2719,#2750,#2775,#2800,#2824,#2848,#2873,#2898,#2915));
#2079 = ADVANCED_FACE('',(#2080),#2150,.F.);
#2080 = FACE_BOUND('',#2081,.F.);
#2081 = EDGE_LOOP('',(#2082,#2092,#2101,#2109,#2118,#2126,#2135,#2143));
#2082 = ORIENTED_EDGE('',*,*,#2083,.F.);
#2083 = EDGE_CURVE('',#2084,#2086,#2088,.T.);
#2084 = VERTEX_POINT('',#2085);
#2085 = CARTESIAN_POINT('',(-1.,-0.625,4.E-02));
#2086 = VERTEX_POINT('',#2087);
#2087 = CARTESIAN_POINT('',(-1.,-0.625,1.21));
#2088 = LINE('',#2089,#2090);
#2089 = CARTESIAN_POINT('',(-1.,-0.625,0.));
#2090 = VECTOR('',#2091,1.);
#2091 = DIRECTION('',(0.,0.,1.));
#2092 = ORIENTED_EDGE('',*,*,#2093,.T.);
#2093 = EDGE_CURVE('',#2084,#2094,#2096,.T.);
#2094 = VERTEX_POINT('',#2095);
#2095 = CARTESIAN_POINT('',(-1.,-0.585,0.));
#2096 = CIRCLE('',#2097,4.E-02);
#2097 = AXIS2_PLACEMENT_3D('',#2098,#2099,#2100);
#2098 = CARTESIAN_POINT('',(-1.,-0.585,4.E-02));
#2099 = DIRECTION('',(1.,0.,-0.));
#2100 = DIRECTION('',(0.,0.,1.));
#2101 = ORIENTED_EDGE('',*,*,#2102,.T.);
#2102 = EDGE_CURVE('',#2094,#2103,#2105,.T.);
#2103 = VERTEX_POINT('',#2104);
#2104 = CARTESIAN_POINT('',(-1.,0.585,0.));
#2105 = LINE('',#2106,#2107);
#2106 = CARTESIAN_POINT('',(-1.,-0.625,0.));
#2107 = VECTOR('',#2108,1.);
#2108 = DIRECTION('',(0.,1.,0.));
#2109 = ORIENTED_EDGE('',*,*,#2110,.F.);
#2110 = EDGE_CURVE('',#2111,#2103,#2113,.T.);
#2111 = VERTEX_POINT('',#2112);
#2112 = CARTESIAN_POINT('',(-1.,0.625,4.E-02));
#2113 = CIRCLE('',#2114,4.E-02);
#2114 = AXIS2_PLACEMENT_3D('',#2115,#2116,#2117);
#2115 = CARTESIAN_POINT('',(-1.,0.585,4.E-02));
#2116 = DIRECTION('',(-1.,0.,0.));
#2117 = DIRECTION('',(0.,0.,1.));
#2118 = ORIENTED_EDGE('',*,*,#2119,.T.);
#2119 = EDGE_CURVE('',#2111,#2120,#2122,.T.);
#2120 = VERTEX_POINT('',#2121);
#2121 = CARTESIAN_POINT('',(-1.,0.625,1.21));
#2122 = LINE('',#2123,#2124);
#2123 = CARTESIAN_POINT('',(-1.,0.625,0.));
#2124 = VECTOR('',#2125,1.);
#2125 = DIRECTION('',(0.,0.,1.));
#2126 = ORIENTED_EDGE('',*,*,#2127,.T.);
#2127 = EDGE_CURVE('',#2120,#2128,#2130,.T.);
#2128 = VERTEX_POINT('',#2129);
#2129 = CARTESIAN_POINT('',(-1.,0.585,1.25));
#2130 = CIRCLE('',#2131,4.E-02);
#2131 = AXIS2_PLACEMENT_3D('',#2132,#2133,#2134);
#2132 = CARTESIAN_POINT('',(-1.,0.585,1.21));
#2133 = DIRECTION('',(1.,0.,-0.));
#2134 = DIRECTION('',(0.,0.,1.));
#2135 = ORIENTED_EDGE('',*,*,#2136,.F.);
#2136 = EDGE_CURVE('',#2137,#2128,#2139,.T.);
#2137 = VERTEX_POINT('',#2138);
#2138 = CARTESIAN_POINT('',(-1.,-0.585,1.25));
#2139 = LINE('',#2140,#2141);
#2140 = CARTESIAN_POINT('',(-1.,-0.625,1.25));
#2141 = VECTOR('',#2142,1.);
#2142 = DIRECTION('',(0.,1.,0.));
#2143 = ORIENTED_EDGE('',*,*,#2144,.F.);
#2144 = EDGE_CURVE('',#2086,#2137,#2145,.T.);
#2145 = CIRCLE('',#2146,4.E-02);
#2146 = AXIS2_PLACEMENT_3D('',#2147,#2148,#2149);
#2147 = CARTESIAN_POINT('',(-1.,-0.585,1.21));
#2148 = DIRECTION('',(-1.,0.,0.));
#2149 = DIRECTION('',(0.,0.,1.));
#2150 = PLANE('',#2151);
#2151 = AXIS2_PLACEMENT_3D('',#2152,#2153,#2154);
#2152 = CARTESIAN_POINT('',(-1.,-0.625,0.));
#2153 = DIRECTION('',(1.,0.,0.));
#2154 = DIRECTION('',(0.,0.,1.));
#2155 = ADVANCED_FACE('',(#2156),#2181,.F.);
#2156 = FACE_BOUND('',#2157,.F.);
#2157 = EDGE_LOOP('',(#2158,#2168,#2174,#2175));
#2158 = ORIENTED_EDGE('',*,*,#2159,.F.);
#2159 = EDGE_CURVE('',#2160,#2162,#2164,.T.);
#2160 = VERTEX_POINT('',#2161);
#2161 = CARTESIAN_POINT('',(-0.6,-0.625,4.E-02));
#2162 = VERTEX_POINT('',#2163);
#2163 = CARTESIAN_POINT('',(-0.6,-0.625,1.21));
#2164 = LINE('',#2165,#2166);
#2165 = CARTESIAN_POINT('',(-0.6,-0.625,0.));
#2166 = VECTOR('',#2167,1.);
#2167 = DIRECTION('',(0.,0.,1.));
#2168 = ORIENTED_EDGE('',*,*,#2169,.F.);
#2169 = EDGE_CURVE('',#2084,#2160,#2170,.T.);
#2170 = LINE('',#2171,#2172);
#2171 = CARTESIAN_POINT('',(-1.,-0.625,4.E-02));
#2172 = VECTOR('',#2173,1.);
#2173 = DIRECTION('',(1.,0.,0.));
#2174 = ORIENTED_EDGE('',*,*,#2083,.T.);
#2175 = ORIENTED_EDGE('',*,*,#2176,.T.);
#2176 = EDGE_CURVE('',#2086,#2162,#2177,.T.);
#2177 = LINE('',#2178,#2179);
#2178 = CARTESIAN_POINT('',(-1.,-0.625,1.21));
#2179 = VECTOR('',#2180,1.);
#2180 = DIRECTION('',(1.,0.,0.));
#2181 = PLANE('',#2182);
#2182 = AXIS2_PLACEMENT_3D('',#2183,#2184,#2185);
#2183 = CARTESIAN_POINT('',(-1.,-0.625,0.));
#2184 = DIRECTION('',(0.,1.,0.));
#2185 = DIRECTION('',(0.,-0.,1.));
#2186 = ADVANCED_FACE('',(#2187),#2206,.T.);
#2187 = FACE_BOUND('',#2188,.T.);
#2188 = EDGE_LOOP('',(#2189,#2190,#2198,#2205));
#2189 = ORIENTED_EDGE('',*,*,#2093,.T.);
#2190 = ORIENTED_EDGE('',*,*,#2191,.T.);
#2191 = EDGE_CURVE('',#2094,#2192,#2194,.T.);
#2192 = VERTEX_POINT('',#2193);
#2193 = CARTESIAN_POINT('',(-0.6,-0.585,0.));
#2194 = LINE('',#2195,#2196);
#2195 = CARTESIAN_POINT('',(-1.,-0.585,0.));
#2196 = VECTOR('',#2197,1.);
#2197 = DIRECTION('',(1.,0.,0.));
#2198 = ORIENTED_EDGE('',*,*,#2199,.F.);
#2199 = EDGE_CURVE('',#2160,#2192,#2200,.T.);
#2200 = CIRCLE('',#2201,4.E-02);
#2201 = AXIS2_PLACEMENT_3D('',#2202,#2203,#2204);
#2202 = CARTESIAN_POINT('',(-0.6,-0.585,4.E-02));
#2203 = DIRECTION('',(1.,0.,-0.));
#2204 = DIRECTION('',(0.,0.,1.));
#2205 = ORIENTED_EDGE('',*,*,#2169,.F.);
#2206 = CYLINDRICAL_SURFACE('',#2207,4.E-02);
#2207 = AXIS2_PLACEMENT_3D('',#2208,#2209,#2210);
#2208 = CARTESIAN_POINT('',(-1.,-0.585,4.E-02));
#2209 = DIRECTION('',(1.,0.,0.));
#2210 = DIRECTION('',(0.,-1.,0.));
#2211 = ADVANCED_FACE('',(#2212),#2231,.T.);
#2212 = FACE_BOUND('',#2213,.T.);
#2213 = EDGE_LOOP('',(#2214,#2215,#2224,#2230));
#2214 = ORIENTED_EDGE('',*,*,#2176,.T.);
#2215 = ORIENTED_EDGE('',*,*,#2216,.T.);
#2216 = EDGE_CURVE('',#2162,#2217,#2219,.T.);
#2217 = VERTEX_POINT('',#2218);
#2218 = CARTESIAN_POINT('',(-0.6,-0.585,1.25));
#2219 = CIRCLE('',#2220,4.E-02);
#2220 = AXIS2_PLACEMENT_3D('',#2221,#2222,#2223);
#2221 = CARTESIAN_POINT('',(-0.6,-0.585,1.21));
#2222 = DIRECTION('',(-1.,0.,0.));
#2223 = DIRECTION('',(0.,0.,1.));
#2224 = ORIENTED_EDGE('',*,*,#2225,.F.);
#2225 = EDGE_CURVE('',#2137,#2217,#2226,.T.);
#2226 = LINE('',#2227,#2228);
#2227 = CARTESIAN_POINT('',(-1.,-0.585,1.25));
#2228 = VECTOR('',#2229,1.);
#2229 = DIRECTION('',(1.,0.,0.));
#2230 = ORIENTED_EDGE('',*,*,#2144,.F.);
#2231 = CYLINDRICAL_SURFACE('',#2232,4.E-02);
#2232 = AXIS2_PLACEMENT_3D('',#2233,#2234,#2235);
#2233 = CARTESIAN_POINT('',(-1.,-0.585,1.21));
#2234 = DIRECTION('',(1.,0.,0.));
#2235 = DIRECTION('',(0.,-1.,0.));
#2236 = ADVANCED_FACE('',(#2237),#2255,.F.);
#2237 = FACE_BOUND('',#2238,.F.);
#2238 = EDGE_LOOP('',(#2239,#2240,#2241,#2249));
#2239 = ORIENTED_EDGE('',*,*,#2102,.F.);
#2240 = ORIENTED_EDGE('',*,*,#2191,.T.);
#2241 = ORIENTED_EDGE('',*,*,#2242,.T.);
#2242 = EDGE_CURVE('',#2192,#2243,#2245,.T.);
#2243 = VERTEX_POINT('',#2244);
#2244 = CARTESIAN_POINT('',(-0.6,0.585,0.));
#2245 = LINE('',#2246,#2247);
#2246 = CARTESIAN_POINT('',(-0.6,-0.625,0.));
#2247 = VECTOR('',#2248,1.);
#2248 = DIRECTION('',(0.,1.,0.));
#2249 = ORIENTED_EDGE('',*,*,#2250,.F.);
#2250 = EDGE_CURVE('',#2103,#2243,#2251,.T.);
#2251 = LINE('',#2252,#2253);
#2252 = CARTESIAN_POINT('',(-1.,0.585,0.));
#2253 = VECTOR('',#2254,1.);
#2254 = DIRECTION('',(1.,0.,0.));
#2255 = PLANE('',#2256);
#2256 = AXIS2_PLACEMENT_3D('',#2257,#2258,#2259);
#2257 = CARTESIAN_POINT('',(-1.,-0.625,0.));
#2258 = DIRECTION('',(0.,0.,1.));
#2259 = DIRECTION('',(1.,0.,-0.));
#2260 = ADVANCED_FACE('',(#2261),#2279,.T.);
#2261 = FACE_BOUND('',#2262,.T.);
#2262 = EDGE_LOOP('',(#2263,#2264,#2265,#2273));
#2263 = ORIENTED_EDGE('',*,*,#2136,.F.);
#2264 = ORIENTED_EDGE('',*,*,#2225,.T.);
#2265 = ORIENTED_EDGE('',*,*,#2266,.T.);
#2266 = EDGE_CURVE('',#2217,#2267,#2269,.T.);
#2267 = VERTEX_POINT('',#2268);
#2268 = CARTESIAN_POINT('',(-0.6,0.585,1.25));
#2269 = LINE('',#2270,#2271);
#2270 = CARTESIAN_POINT('',(-0.6,-0.625,1.25));
#2271 = VECTOR('',#2272,1.);
#2272 = DIRECTION('',(0.,1.,0.));
#2273 = ORIENTED_EDGE('',*,*,#2274,.F.);
#2274 = EDGE_CURVE('',#2128,#2267,#2275,.T.);
#2275 = LINE('',#2276,#2277);
#2276 = CARTESIAN_POINT('',(-1.,0.585,1.25));
#2277 = VECTOR('',#2278,1.);
#2278 = DIRECTION('',(1.,0.,0.));
#2279 = PLANE('',#2280);
#2280 = AXIS2_PLACEMENT_3D('',#2281,#2282,#2283);
#2281 = CARTESIAN_POINT('',(-1.,-0.625,1.25));
#2282 = DIRECTION('',(0.,0.,1.));
#2283 = DIRECTION('',(1.,0.,-0.));
#2284 = ADVANCED_FACE('',(#2285),#2304,.T.);
#2285 = FACE_BOUND('',#2286,.T.);
#2286 = EDGE_LOOP('',(#2287,#2295,#2302,#2303));
#2287 = ORIENTED_EDGE('',*,*,#2288,.T.);
#2288 = EDGE_CURVE('',#2111,#2289,#2291,.T.);
#2289 = VERTEX_POINT('',#2290);
#2290 = CARTESIAN_POINT('',(-0.6,0.625,4.E-02));
#2291 = LINE('',#2292,#2293);
#2292 = CARTESIAN_POINT('',(-1.,0.625,4.E-02));
#2293 = VECTOR('',#2294,1.);
#2294 = DIRECTION('',(1.,0.,0.));
#2295 = ORIENTED_EDGE('',*,*,#2296,.T.);
#2296 = EDGE_CURVE('',#2289,#2243,#2297,.T.);
#2297 = CIRCLE('',#2298,4.E-02);
#2298 = AXIS2_PLACEMENT_3D('',#2299,#2300,#2301);
#2299 = CARTESIAN_POINT('',(-0.6,0.585,4.E-02));
#2300 = DIRECTION('',(-1.,0.,0.));
#2301 = DIRECTION('',(0.,0.,1.));
#2302 = ORIENTED_EDGE('',*,*,#2250,.F.);
#2303 = ORIENTED_EDGE('',*,*,#2110,.F.);
#2304 = CYLINDRICAL_SURFACE('',#2305,4.E-02);
#2305 = AXIS2_PLACEMENT_3D('',#2306,#2307,#2308);
#2306 = CARTESIAN_POINT('',(-1.,0.585,4.E-02));
#2307 = DIRECTION('',(1.,0.,0.));
#2308 = DIRECTION('',(-0.,1.,0.));
#2309 = ADVANCED_FACE('',(#2310),#2329,.T.);
#2310 = FACE_BOUND('',#2311,.T.);
#2311 = EDGE_LOOP('',(#2312,#2313,#2314,#2323));
#2312 = ORIENTED_EDGE('',*,*,#2127,.T.);
#2313 = ORIENTED_EDGE('',*,*,#2274,.T.);
#2314 = ORIENTED_EDGE('',*,*,#2315,.F.);
#2315 = EDGE_CURVE('',#2316,#2267,#2318,.T.);
#2316 = VERTEX_POINT('',#2317);
#2317 = CARTESIAN_POINT('',(-0.6,0.625,1.21));
#2318 = CIRCLE('',#2319,4.E-02);
#2319 = AXIS2_PLACEMENT_3D('',#2320,#2321,#2322);
#2320 = CARTESIAN_POINT('',(-0.6,0.585,1.21));
#2321 = DIRECTION('',(1.,0.,-0.));
#2322 = DIRECTION('',(0.,0.,1.));
#2323 = ORIENTED_EDGE('',*,*,#2324,.F.);
#2324 = EDGE_CURVE('',#2120,#2316,#2325,.T.);
#2325 = LINE('',#2326,#2327);
#2326 = CARTESIAN_POINT('',(-1.,0.625,1.21));
#2327 = VECTOR('',#2328,1.);
#2328 = DIRECTION('',(1.,0.,0.));
#2329 = CYLINDRICAL_SURFACE('',#2330,4.E-02);
#2330 = AXIS2_PLACEMENT_3D('',#2331,#2332,#2333);
#2331 = CARTESIAN_POINT('',(-1.,0.585,1.21));
#2332 = DIRECTION('',(1.,0.,0.));
#2333 = DIRECTION('',(-0.,1.,0.));
#2334 = ADVANCED_FACE('',(#2335),#2346,.T.);
#2335 = FACE_BOUND('',#2336,.T.);
#2336 = EDGE_LOOP('',(#2337,#2343,#2344,#2345));
#2337 = ORIENTED_EDGE('',*,*,#2338,.F.);
#2338 = EDGE_CURVE('',#2289,#2316,#2339,.T.);
#2339 = LINE('',#2340,#2341);
#2340 = CARTESIAN_POINT('',(-0.6,0.625,0.));
#2341 = VECTOR('',#2342,1.);
#2342 = DIRECTION('',(0.,0.,1.));
#2343 = ORIENTED_EDGE('',*,*,#2288,.F.);
#2344 = ORIENTED_EDGE('',*,*,#2119,.T.);
#2345 = ORIENTED_EDGE('',*,*,#2324,.T.);
#2346 = PLANE('',#2347);
#2347 = AXIS2_PLACEMENT_3D('',#2348,#2349,#2350);
#2348 = CARTESIAN_POINT('',(-1.,0.625,0.));
#2349 = DIRECTION('',(0.,1.,0.));
#2350 = DIRECTION('',(0.,-0.,1.));
#2351 = ADVANCED_FACE('',(#2352,#2362),#2432,.T.);
#2352 = FACE_BOUND('',#2353,.T.);
#2353 = EDGE_LOOP('',(#2354,#2355,#2356,#2357,#2358,#2359,#2360,#2361));
#2354 = ORIENTED_EDGE('',*,*,#2159,.F.);
#2355 = ORIENTED_EDGE('',*,*,#2199,.T.);
#2356 = ORIENTED_EDGE('',*,*,#2242,.T.);
#2357 = ORIENTED_EDGE('',*,*,#2296,.F.);
#2358 = ORIENTED_EDGE('',*,*,#2338,.T.);
#2359 = ORIENTED_EDGE('',*,*,#2315,.T.);
#2360 = ORIENTED_EDGE('',*,*,#2266,.F.);
#2361 = ORIENTED_EDGE('',*,*,#2216,.F.);
#2362 = FACE_BOUND('',#2363,.T.);
#2363 = EDGE_LOOP('',(#2364,#2375,#2383,#2392,#2400,#2409,#2417,#2426));
#2364 = ORIENTED_EDGE('',*,*,#2365,.F.);
#2365 = EDGE_CURVE('',#2366,#2368,#2370,.T.);
#2366 = VERTEX_POINT('',#2367);
#2367 = CARTESIAN_POINT('',(-0.6,-0.585,8.E-02));
#2368 = VERTEX_POINT('',#2369);
#2369 = CARTESIAN_POINT('',(-0.6,-0.545,4.E-02));
#2370 = CIRCLE('',#2371,4.E-02);
#2371 = AXIS2_PLACEMENT_3D('',#2372,#2373,#2374);
#2372 = CARTESIAN_POINT('',(-0.6,-0.545,8.E-02));
#2373 = DIRECTION('',(1.,0.,-0.));
#2374 = DIRECTION('',(0.,0.,1.));
#2375 = ORIENTED_EDGE('',*,*,#2376,.T.);
#2376 = EDGE_CURVE('',#2366,#2377,#2379,.T.);
#2377 = VERTEX_POINT('',#2378);
#2378 = CARTESIAN_POINT('',(-0.6,-0.585,1.17));
#2379 = LINE('',#2380,#2381);
#2380 = CARTESIAN_POINT('',(-0.6,-0.585,4.E-02));
#2381 = VECTOR('',#2382,1.);
#2382 = DIRECTION('',(0.,0.,1.));
#2383 = ORIENTED_EDGE('',*,*,#2384,.T.);
#2384 = EDGE_CURVE('',#2377,#2385,#2387,.T.);
#2385 = VERTEX_POINT('',#2386);
#2386 = CARTESIAN_POINT('',(-0.6,-0.545,1.21));
#2387 = CIRCLE('',#2388,4.E-02);
#2388 = AXIS2_PLACEMENT_3D('',#2389,#2390,#2391);
#2389 = CARTESIAN_POINT('',(-0.6,-0.545,1.17));
#2390 = DIRECTION('',(-1.,0.,0.));
#2391 = DIRECTION('',(0.,0.,1.));
#2392 = ORIENTED_EDGE('',*,*,#2393,.T.);
#2393 = EDGE_CURVE('',#2385,#2394,#2396,.T.);
#2394 = VERTEX_POINT('',#2395);
#2395 = CARTESIAN_POINT('',(-0.6,0.545,1.21));
#2396 = LINE('',#2397,#2398);
#2397 = CARTESIAN_POINT('',(-0.6,-0.585,1.21));
#2398 = VECTOR('',#2399,1.);
#2399 = DIRECTION('',(0.,1.,0.));
#2400 = ORIENTED_EDGE('',*,*,#2401,.F.);
#2401 = EDGE_CURVE('',#2402,#2394,#2404,.T.);
#2402 = VERTEX_POINT('',#2403);
#2403 = CARTESIAN_POINT('',(-0.6,0.585,1.17));
#2404 = CIRCLE('',#2405,4.E-02);
#2405 = AXIS2_PLACEMENT_3D('',#2406,#2407,#2408);
#2406 = CARTESIAN_POINT('',(-0.6,0.545,1.17));
#2407 = DIRECTION('',(1.,0.,-0.));
#2408 = DIRECTION('',(0.,0.,1.));
#2409 = ORIENTED_EDGE('',*,*,#2410,.F.);
#2410 = EDGE_CURVE('',#2411,#2402,#2413,.T.);
#2411 = VERTEX_POINT('',#2412);
#2412 = CARTESIAN_POINT('',(-0.6,0.585,8.E-02));
#2413 = LINE('',#2414,#2415);
#2414 = CARTESIAN_POINT('',(-0.6,0.585,4.E-02));
#2415 = VECTOR('',#2416,1.);
#2416 = DIRECTION('',(0.,0.,1.));
#2417 = ORIENTED_EDGE('',*,*,#2418,.T.);
#2418 = EDGE_CURVE('',#2411,#2419,#2421,.T.);
#2419 = VERTEX_POINT('',#2420);
#2420 = CARTESIAN_POINT('',(-0.6,0.545,4.E-02));
#2421 = CIRCLE('',#2422,4.E-02);
#2422 = AXIS2_PLACEMENT_3D('',#2423,#2424,#2425);
#2423 = CARTESIAN_POINT('',(-0.6,0.545,8.E-02));
#2424 = DIRECTION('',(-1.,0.,0.));
#2425 = DIRECTION('',(0.,0.,1.));
#2426 = ORIENTED_EDGE('',*,*,#2427,.F.);
#2427 = EDGE_CURVE('',#2368,#2419,#2428,.T.);
#2428 = LINE('',#2429,#2430);
#2429 = CARTESIAN_POINT('',(-0.6,-0.585,4.E-02));
#2430 = VECTOR('',#2431,1.);
#2431 = DIRECTION('',(0.,1.,0.));
#2432 = PLANE('',#2433);
#2433 = AXIS2_PLACEMENT_3D('',#2434,#2435,#2436);
#2434 = CARTESIAN_POINT('',(-0.6,-0.625,0.));
#2435 = DIRECTION('',(1.,0.,0.));
#2436 = DIRECTION('',(0.,0.,1.));
#2437 = ADVANCED_FACE('',(#2438),#2464,.T.);
#2438 = FACE_BOUND('',#2439,.T.);
#2439 = EDGE_LOOP('',(#2440,#2441,#2449,#2458));
#2440 = ORIENTED_EDGE('',*,*,#2365,.T.);
#2441 = ORIENTED_EDGE('',*,*,#2442,.T.);
#2442 = EDGE_CURVE('',#2368,#2443,#2445,.T.);
#2443 = VERTEX_POINT('',#2444);
#2444 = CARTESIAN_POINT('',(0.6,-0.545,4.E-02));
#2445 = LINE('',#2446,#2447);
#2446 = CARTESIAN_POINT('',(-0.6,-0.545,4.E-02));
#2447 = VECTOR('',#2448,1.);
#2448 = DIRECTION('',(1.,0.,0.));
#2449 = ORIENTED_EDGE('',*,*,#2450,.F.);
#2450 = EDGE_CURVE('',#2451,#2443,#2453,.T.);
#2451 = VERTEX_POINT('',#2452);
#2452 = CARTESIAN_POINT('',(0.6,-0.585,8.E-02));
#2453 = CIRCLE('',#2454,4.E-02);
#2454 = AXIS2_PLACEMENT_3D('',#2455,#2456,#2457);
#2455 = CARTESIAN_POINT('',(0.6,-0.545,8.E-02));
#2456 = DIRECTION('',(1.,0.,-0.));
#2457 = DIRECTION('',(0.,0.,1.));
#2458 = ORIENTED_EDGE('',*,*,#2459,.F.);
#2459 = EDGE_CURVE('',#2366,#2451,#2460,.T.);
#2460 = LINE('',#2461,#2462);
#2461 = CARTESIAN_POINT('',(-0.6,-0.585,8.E-02));
#2462 = VECTOR('',#2463,1.);
#2463 = DIRECTION('',(1.,0.,0.));
#2464 = CYLINDRICAL_SURFACE('',#2465,4.E-02);
#2465 = AXIS2_PLACEMENT_3D('',#2466,#2467,#2468);
#2466 = CARTESIAN_POINT('',(-0.6,-0.545,8.E-02));
#2467 = DIRECTION('',(1.,0.,0.));
#2468 = DIRECTION('',(0.,-1.,0.));
#2469 = ADVANCED_FACE('',(#2470),#2488,.F.);
#2470 = FACE_BOUND('',#2471,.F.);
#2471 = EDGE_LOOP('',(#2472,#2473,#2474,#2482));
#2472 = ORIENTED_EDGE('',*,*,#2427,.F.);
#2473 = ORIENTED_EDGE('',*,*,#2442,.T.);
#2474 = ORIENTED_EDGE('',*,*,#2475,.T.);
#2475 = EDGE_CURVE('',#2443,#2476,#2478,.T.);
#2476 = VERTEX_POINT('',#2477);
#2477 = CARTESIAN_POINT('',(0.6,0.545,4.E-02));
#2478 = LINE('',#2479,#2480);
#2479 = CARTESIAN_POINT('',(0.6,-0.585,4.E-02));
#2480 = VECTOR('',#2481,1.);
#2481 = DIRECTION('',(0.,1.,0.));
#2482 = ORIENTED_EDGE('',*,*,#2483,.F.);
#2483 = EDGE_CURVE('',#2419,#2476,#2484,.T.);
#2484 = LINE('',#2485,#2486);
#2485 = CARTESIAN_POINT('',(-0.6,0.545,4.E-02));
#2486 = VECTOR('',#2487,1.);
#2487 = DIRECTION('',(1.,0.,0.));
#2488 = PLANE('',#2489);
#2489 = AXIS2_PLACEMENT_3D('',#2490,#2491,#2492);
#2490 = CARTESIAN_POINT('',(-0.6,-0.585,4.E-02));
#2491 = DIRECTION('',(0.,0.,1.));
#2492 = DIRECTION('',(1.,0.,-0.));
#2493 = ADVANCED_FACE('',(#2494),#2513,.T.);
#2494 = FACE_BOUND('',#2495,.T.);
#2495 = EDGE_LOOP('',(#2496,#2504,#2511,#2512));
#2496 = ORIENTED_EDGE('',*,*,#2497,.T.);
#2497 = EDGE_CURVE('',#2411,#2498,#2500,.T.);
#2498 = VERTEX_POINT('',#2499);
#2499 = CARTESIAN_POINT('',(0.6,0.585,8.E-02));
#2500 = LINE('',#2501,#2502);
#2501 = CARTESIAN_POINT('',(-0.6,0.585,8.E-02));
#2502 = VECTOR('',#2503,1.);
#2503 = DIRECTION('',(1.,0.,0.));
#2504 = ORIENTED_EDGE('',*,*,#2505,.T.);
#2505 = EDGE_CURVE('',#2498,#2476,#2506,.T.);
#2506 = CIRCLE('',#2507,4.E-02);
#2507 = AXIS2_PLACEMENT_3D('',#2508,#2509,#2510);
#2508 = CARTESIAN_POINT('',(0.6,0.545,8.E-02));
#2509 = DIRECTION('',(-1.,0.,0.));
#2510 = DIRECTION('',(0.,0.,1.));
#2511 = ORIENTED_EDGE('',*,*,#2483,.F.);
#2512 = ORIENTED_EDGE('',*,*,#2418,.F.);
#2513 = CYLINDRICAL_SURFACE('',#2514,4.E-02);
#2514 = AXIS2_PLACEMENT_3D('',#2515,#2516,#2517);
#2515 = CARTESIAN_POINT('',(-0.6,0.545,8.E-02));
#2516 = DIRECTION('',(1.,0.,0.));
#2517 = DIRECTION('',(-0.,1.,0.));
#2518 = ADVANCED_FACE('',(#2519),#2537,.T.);
#2519 = FACE_BOUND('',#2520,.T.);
#2520 = EDGE_LOOP('',(#2521,#2529,#2530,#2531));
#2521 = ORIENTED_EDGE('',*,*,#2522,.F.);
#2522 = EDGE_CURVE('',#2498,#2523,#2525,.T.);
#2523 = VERTEX_POINT('',#2524);
#2524 = CARTESIAN_POINT('',(0.6,0.585,1.17));
#2525 = LINE('',#2526,#2527);
#2526 = CARTESIAN_POINT('',(0.6,0.585,4.E-02));
#2527 = VECTOR('',#2528,1.);
#2528 = DIRECTION('',(0.,0.,1.));
#2529 = ORIENTED_EDGE('',*,*,#2497,.F.);
#2530 = ORIENTED_EDGE('',*,*,#2410,.T.);
#2531 = ORIENTED_EDGE('',*,*,#2532,.T.);
#2532 = EDGE_CURVE('',#2402,#2523,#2533,.T.);
#2533 = LINE('',#2534,#2535);
#2534 = CARTESIAN_POINT('',(-0.6,0.585,1.17));
#2535 = VECTOR('',#2536,1.);
#2536 = DIRECTION('',(1.,0.,0.));
#2537 = PLANE('',#2538);
#2538 = AXIS2_PLACEMENT_3D('',#2539,#2540,#2541);
#2539 = CARTESIAN_POINT('',(-0.6,0.585,4.E-02));
#2540 = DIRECTION('',(0.,1.,0.));
#2541 = DIRECTION('',(0.,-0.,1.));
#2542 = ADVANCED_FACE('',(#2543),#2562,.T.);
#2543 = FACE_BOUND('',#2544,.T.);
#2544 = EDGE_LOOP('',(#2545,#2546,#2554,#2561));
#2545 = ORIENTED_EDGE('',*,*,#2401,.T.);
#2546 = ORIENTED_EDGE('',*,*,#2547,.T.);
#2547 = EDGE_CURVE('',#2394,#2548,#2550,.T.);
#2548 = VERTEX_POINT('',#2549);
#2549 = CARTESIAN_POINT('',(0.6,0.545,1.21));
#2550 = LINE('',#2551,#2552);
#2551 = CARTESIAN_POINT('',(-0.6,0.545,1.21));
#2552 = VECTOR('',#2553,1.);
#2553 = DIRECTION('',(1.,0.,0.));
#2554 = ORIENTED_EDGE('',*,*,#2555,.F.);
#2555 = EDGE_CURVE('',#2523,#2548,#2556,.T.);
#2556 = CIRCLE('',#2557,4.E-02);
#2557 = AXIS2_PLACEMENT_3D('',#2558,#2559,#2560);
#2558 = CARTESIAN_POINT('',(0.6,0.545,1.17));
#2559 = DIRECTION('',(1.,0.,-0.));
#2560 = DIRECTION('',(0.,0.,1.));
#2561 = ORIENTED_EDGE('',*,*,#2532,.F.);
#2562 = CYLINDRICAL_SURFACE('',#2563,4.E-02);
#2563 = AXIS2_PLACEMENT_3D('',#2564,#2565,#2566);
#2564 = CARTESIAN_POINT('',(-0.6,0.545,1.17));
#2565 = DIRECTION('',(1.,0.,0.));
#2566 = DIRECTION('',(-0.,1.,0.));
#2567 = ADVANCED_FACE('',(#2568),#2586,.T.);
#2568 = FACE_BOUND('',#2569,.T.);
#2569 = EDGE_LOOP('',(#2570,#2571,#2579,#2585));
#2570 = ORIENTED_EDGE('',*,*,#2393,.F.);
#2571 = ORIENTED_EDGE('',*,*,#2572,.T.);
#2572 = EDGE_CURVE('',#2385,#2573,#2575,.T.);
#2573 = VERTEX_POINT('',#2574);
#2574 = CARTESIAN_POINT('',(0.6,-0.545,1.21));
#2575 = LINE('',#2576,#2577);
#2576 = CARTESIAN_POINT('',(-0.6,-0.545,1.21));
#2577 = VECTOR('',#2578,1.);
#2578 = DIRECTION('',(1.,0.,0.));
#2579 = ORIENTED_EDGE('',*,*,#2580,.T.);
#2580 = EDGE_CURVE('',#2573,#2548,#2581,.T.);
#2581 = LINE('',#2582,#2583);
#2582 = CARTESIAN_POINT('',(0.6,-0.585,1.21));
#2583 = VECTOR('',#2584,1.);
#2584 = DIRECTION('',(0.,1.,0.));
#2585 = ORIENTED_EDGE('',*,*,#2547,.F.);
#2586 = PLANE('',#2587);
#2587 = AXIS2_PLACEMENT_3D('',#2588,#2589,#2590);
#2588 = CARTESIAN_POINT('',(-0.6,-0.585,1.21));
#2589 = DIRECTION('',(0.,0.,1.));
#2590 = DIRECTION('',(1.,0.,-0.));
#2591 = ADVANCED_FACE('',(#2592),#2611,.T.);
#2592 = FACE_BOUND('',#2593,.T.);
#2593 = EDGE_LOOP('',(#2594,#2602,#2609,#2610));
#2594 = ORIENTED_EDGE('',*,*,#2595,.T.);
#2595 = EDGE_CURVE('',#2377,#2596,#2598,.T.);
#2596 = VERTEX_POINT('',#2597);
#2597 = CARTESIAN_POINT('',(0.6,-0.585,1.17));
#2598 = LINE('',#2599,#2600);
#2599 = CARTESIAN_POINT('',(-0.6,-0.585,1.17));
#2600 = VECTOR('',#2601,1.);
#2601 = DIRECTION('',(1.,0.,0.));
#2602 = ORIENTED_EDGE('',*,*,#2603,.T.);
#2603 = EDGE_CURVE('',#2596,#2573,#2604,.T.);
#2604 = CIRCLE('',#2605,4.E-02);
#2605 = AXIS2_PLACEMENT_3D('',#2606,#2607,#2608);
#2606 = CARTESIAN_POINT('',(0.6,-0.545,1.17));
#2607 = DIRECTION('',(-1.,0.,0.));
#2608 = DIRECTION('',(0.,0.,1.));
#2609 = ORIENTED_EDGE('',*,*,#2572,.F.);
#2610 = ORIENTED_EDGE('',*,*,#2384,.F.);
#2611 = CYLINDRICAL_SURFACE('',#2612,4.E-02);
#2612 = AXIS2_PLACEMENT_3D('',#2613,#2614,#2615);
#2613 = CARTESIAN_POINT('',(-0.6,-0.545,1.17));
#2614 = DIRECTION('',(1.,0.,0.));
#2615 = DIRECTION('',(0.,-1.,0.));
#2616 = ADVANCED_FACE('',(#2617),#2628,.F.);
#2617 = FACE_BOUND('',#2618,.F.);
#2618 = EDGE_LOOP('',(#2619,#2625,#2626,#2627));
#2619 = ORIENTED_EDGE('',*,*,#2620,.F.);
#2620 = EDGE_CURVE('',#2451,#2596,#2621,.T.);
#2621 = LINE('',#2622,#2623);
#2622 = CARTESIAN_POINT('',(0.6,-0.585,4.E-02));
#2623 = VECTOR('',#2624,1.);
#2624 = DIRECTION('',(0.,0.,1.));
#2625 = ORIENTED_EDGE('',*,*,#2459,.F.);
#2626 = ORIENTED_EDGE('',*,*,#2376,.T.);
#2627 = ORIENTED_EDGE('',*,*,#2595,.T.);
#2628 = PLANE('',#2629);
#2629 = AXIS2_PLACEMENT_3D('',#2630,#2631,#2632);
#2630 = CARTESIAN_POINT('',(-0.6,-0.585,4.E-02));
#2631 = DIRECTION('',(0.,1.,0.));
#2632 = DIRECTION('',(0.,-0.,1.));
#2633 = ADVANCED_FACE('',(#2634,#2704),#2714,.F.);
#2634 = FACE_BOUND('',#2635,.F.);
#2635 = EDGE_LOOP('',(#2636,#2646,#2655,#2663,#2672,#2680,#2689,#2697));
#2636 = ORIENTED_EDGE('',*,*,#2637,.F.);
#2637 = EDGE_CURVE('',#2638,#2640,#2642,.T.);
#2638 = VERTEX_POINT('',#2639);
#2639 = CARTESIAN_POINT('',(0.6,-0.625,4.E-02));
#2640 = VERTEX_POINT('',#2641);
#2641 = CARTESIAN_POINT('',(0.6,-0.625,1.21));
#2642 = LINE('',#2643,#2644);
#2643 = CARTESIAN_POINT('',(0.6,-0.625,0.));
#2644 = VECTOR('',#2645,1.);
#2645 = DIRECTION('',(0.,0.,1.));
#2646 = ORIENTED_EDGE('',*,*,#2647,.T.);
#2647 = EDGE_CURVE('',#2638,#2648,#2650,.T.);
#2648 = VERTEX_POINT('',#2649);
#2649 = CARTESIAN_POINT('',(0.6,-0.585,0.));
#2650 = CIRCLE('',#2651,4.E-02);
#2651 = AXIS2_PLACEMENT_3D('',#2652,#2653,#2654);
#2652 = CARTESIAN_POINT('',(0.6,-0.585,4.E-02));
#2653 = DIRECTION('',(1.,0.,-0.));
#2654 = DIRECTION('',(0.,0.,1.));
#2655 = ORIENTED_EDGE('',*,*,#2656,.T.);
#2656 = EDGE_CURVE('',#2648,#2657,#2659,.T.);
#2657 = VERTEX_POINT('',#2658);
#2658 = CARTESIAN_POINT('',(0.6,0.585,0.));
#2659 = LINE('',#2660,#2661);
#2660 = CARTESIAN_POINT('',(0.6,-0.625,0.));
#2661 = VECTOR('',#2662,1.);
#2662 = DIRECTION('',(0.,1.,0.));
#2663 = ORIENTED_EDGE('',*,*,#2664,.F.);
#2664 = EDGE_CURVE('',#2665,#2657,#2667,.T.);
#2665 = VERTEX_POINT('',#2666);
#2666 = CARTESIAN_POINT('',(0.6,0.625,4.E-02));
#2667 = CIRCLE('',#2668,4.E-02);
#2668 = AXIS2_PLACEMENT_3D('',#2669,#2670,#2671);
#2669 = CARTESIAN_POINT('',(0.6,0.585,4.E-02));
#2670 = DIRECTION('',(-1.,0.,0.));
#2671 = DIRECTION('',(0.,0.,1.));
#2672 = ORIENTED_EDGE('',*,*,#2673,.T.);
#2673 = EDGE_CURVE('',#2665,#2674,#2676,.T.);
#2674 = VERTEX_POINT('',#2675);
#2675 = CARTESIAN_POINT('',(0.6,0.625,1.21));
#2676 = LINE('',#2677,#2678);
#2677 = CARTESIAN_POINT('',(0.6,0.625,0.));
#2678 = VECTOR('',#2679,1.);
#2679 = DIRECTION('',(0.,0.,1.));
#2680 = ORIENTED_EDGE('',*,*,#2681,.T.);
#2681 = EDGE_CURVE('',#2674,#2682,#2684,.T.);
#2682 = VERTEX_POINT('',#2683);
#2683 = CARTESIAN_POINT('',(0.6,0.585,1.25));
#2684 = CIRCLE('',#2685,4.E-02);
#2685 = AXIS2_PLACEMENT_3D('',#2686,#2687,#2688);
#2686 = CARTESIAN_POINT('',(0.6,0.585,1.21));
#2687 = DIRECTION('',(1.,0.,-0.));
#2688 = DIRECTION('',(0.,0.,1.));
#2689 = ORIENTED_EDGE('',*,*,#2690,.F.);
#2690 = EDGE_CURVE('',#2691,#2682,#2693,.T.);
#2691 = VERTEX_POINT('',#2692);
#2692 = CARTESIAN_POINT('',(0.6,-0.585,1.25));
#2693 = LINE('',#2694,#2695);
#2694 = CARTESIAN_POINT('',(0.6,-0.625,1.25));
#2695 = VECTOR('',#2696,1.);
#2696 = DIRECTION('',(0.,1.,0.));
#2697 = ORIENTED_EDGE('',*,*,#2698,.F.);
#2698 = EDGE_CURVE('',#2640,#2691,#2699,.T.);
#2699 = CIRCLE('',#2700,4.E-02);
#2700 = AXIS2_PLACEMENT_3D('',#2701,#2702,#2703);
#2701 = CARTESIAN_POINT('',(0.6,-0.585,1.21));
#2702 = DIRECTION('',(-1.,0.,0.));
#2703 = DIRECTION('',(0.,0.,1.));
#2704 = FACE_BOUND('',#2705,.F.);
#2705 = EDGE_LOOP('',(#2706,#2707,#2708,#2709,#2710,#2711,#2712,#2713));
#2706 = ORIENTED_EDGE('',*,*,#2450,.F.);
#2707 = ORIENTED_EDGE('',*,*,#2620,.T.);
#2708 = ORIENTED_EDGE('',*,*,#2603,.T.);
#2709 = ORIENTED_EDGE('',*,*,#2580,.T.);
#2710 = ORIENTED_EDGE('',*,*,#2555,.F.);
#2711 = ORIENTED_EDGE('',*,*,#2522,.F.);
#2712 = ORIENTED_EDGE('',*,*,#2505,.T.);
#2713 = ORIENTED_EDGE('',*,*,#2475,.F.);
#2714 = PLANE('',#2715);
#2715 = AXIS2_PLACEMENT_3D('',#2716,#2717,#2718);
#2716 = CARTESIAN_POINT('',(0.6,-0.625,0.));
#2717 = DIRECTION('',(1.,0.,0.));
#2718 = DIRECTION('',(0.,0.,1.));
#2719 = ADVANCED_FACE('',(#2720),#2745,.F.);
#2720 = FACE_BOUND('',#2721,.F.);
#2721 = EDGE_LOOP('',(#2722,#2732,#2738,#2739));
#2722 = ORIENTED_EDGE('',*,*,#2723,.F.);
#2723 = EDGE_CURVE('',#2724,#2726,#2728,.T.);
#2724 = VERTEX_POINT('',#2725);
#2725 = CARTESIAN_POINT('',(1.,-0.625,4.E-02));
#2726 = VERTEX_POINT('',#2727);
#2727 = CARTESIAN_POINT('',(1.,-0.625,1.21));
#2728 = LINE('',#2729,#2730);
#2729 = CARTESIAN_POINT('',(1.,-0.625,0.));
#2730 = VECTOR('',#2731,1.);
#2731 = DIRECTION('',(0.,0.,1.));
#2732 = ORIENTED_EDGE('',*,*,#2733,.F.);
#2733 = EDGE_CURVE('',#2638,#2724,#2734,.T.);
#2734 = LINE('',#2735,#2736);
#2735 = CARTESIAN_POINT('',(0.6,-0.625,4.E-02));
#2736 = VECTOR('',#2737,1.);
#2737 = DIRECTION('',(1.,0.,0.));
#2738 = ORIENTED_EDGE('',*,*,#2637,.T.);
#2739 = ORIENTED_EDGE('',*,*,#2740,.T.);
#2740 = EDGE_CURVE('',#2640,#2726,#2741,.T.);
#2741 = LINE('',#2742,#2743);
#2742 = CARTESIAN_POINT('',(0.6,-0.625,1.21));
#2743 = VECTOR('',#2744,1.);
#2744 = DIRECTION('',(1.,0.,0.));
#2745 = PLANE('',#2746);
#2746 = AXIS2_PLACEMENT_3D('',#2747,#2748,#2749);
#2747 = CARTESIAN_POINT('',(0.6,-0.625,0.));
#2748 = DIRECTION('',(0.,1.,0.));
#2749 = DIRECTION('',(0.,-0.,1.));
#2750 = ADVANCED_FACE('',(#2751),#2770,.T.);
#2751 = FACE_BOUND('',#2752,.T.);
#2752 = EDGE_LOOP('',(#2753,#2754,#2762,#2769));
#2753 = ORIENTED_EDGE('',*,*,#2647,.T.);
#2754 = ORIENTED_EDGE('',*,*,#2755,.T.);
#2755 = EDGE_CURVE('',#2648,#2756,#2758,.T.);
#2756 = VERTEX_POINT('',#2757);
#2757 = CARTESIAN_POINT('',(1.,-0.585,0.));
#2758 = LINE('',#2759,#2760);
#2759 = CARTESIAN_POINT('',(0.6,-0.585,0.));
#2760 = VECTOR('',#2761,1.);
#2761 = DIRECTION('',(1.,0.,0.));
#2762 = ORIENTED_EDGE('',*,*,#2763,.F.);
#2763 = EDGE_CURVE('',#2724,#2756,#2764,.T.);
#2764 = CIRCLE('',#2765,4.E-02);
#2765 = AXIS2_PLACEMENT_3D('',#2766,#2767,#2768);
#2766 = CARTESIAN_POINT('',(1.,-0.585,4.E-02));
#2767 = DIRECTION('',(1.,0.,-0.));
#2768 = DIRECTION('',(0.,0.,1.));
#2769 = ORIENTED_EDGE('',*,*,#2733,.F.);
#2770 = CYLINDRICAL_SURFACE('',#2771,4.E-02);
#2771 = AXIS2_PLACEMENT_3D('',#2772,#2773,#2774);
#2772 = CARTESIAN_POINT('',(0.6,-0.585,4.E-02));
#2773 = DIRECTION('',(1.,0.,0.));
#2774 = DIRECTION('',(0.,-1.,0.));
#2775 = ADVANCED_FACE('',(#2776),#2795,.T.);
#2776 = FACE_BOUND('',#2777,.T.);
#2777 = EDGE_LOOP('',(#2778,#2779,#2788,#2794));
#2778 = ORIENTED_EDGE('',*,*,#2740,.T.);
#2779 = ORIENTED_EDGE('',*,*,#2780,.T.);
#2780 = EDGE_CURVE('',#2726,#2781,#2783,.T.);
#2781 = VERTEX_POINT('',#2782);
#2782 = CARTESIAN_POINT('',(1.,-0.585,1.25));
#2783 = CIRCLE('',#2784,4.E-02);
#2784 = AXIS2_PLACEMENT_3D('',#2785,#2786,#2787);
#2785 = CARTESIAN_POINT('',(1.,-0.585,1.21));
#2786 = DIRECTION('',(-1.,0.,0.));
#2787 = DIRECTION('',(0.,0.,1.));
#2788 = ORIENTED_EDGE('',*,*,#2789,.F.);
#2789 = EDGE_CURVE('',#2691,#2781,#2790,.T.);
#2790 = LINE('',#2791,#2792);
#2791 = CARTESIAN_POINT('',(0.6,-0.585,1.25));
#2792 = VECTOR('',#2793,1.);
#2793 = DIRECTION('',(1.,0.,0.));
#2794 = ORIENTED_EDGE('',*,*,#2698,.F.);
#2795 = CYLINDRICAL_SURFACE('',#2796,4.E-02);
#2796 = AXIS2_PLACEMENT_3D('',#2797,#2798,#2799);
#2797 = CARTESIAN_POINT('',(0.6,-0.585,1.21));
#2798 = DIRECTION('',(1.,0.,0.));
#2799 = DIRECTION('',(0.,-1.,0.));
#2800 = ADVANCED_FACE('',(#2801),#2819,.F.);
#2801 = FACE_BOUND('',#2802,.F.);
#2802 = EDGE_LOOP('',(#2803,#2804,#2805,#2813));
#2803 = ORIENTED_EDGE('',*,*,#2656,.F.);
#2804 = ORIENTED_EDGE('',*,*,#2755,.T.);
#2805 = ORIENTED_EDGE('',*,*,#2806,.T.);
#2806 = EDGE_CURVE('',#2756,#2807,#2809,.T.);
#2807 = VERTEX_POINT('',#2808);
#2808 = CARTESIAN_POINT('',(1.,0.585,0.));
#2809 = LINE('',#2810,#2811);
#2810 = CARTESIAN_POINT('',(1.,-0.625,0.));
#2811 = VECTOR('',#2812,1.);
#2812 = DIRECTION('',(0.,1.,0.));
#2813 = ORIENTED_EDGE('',*,*,#2814,.F.);
#2814 = EDGE_CURVE('',#2657,#2807,#2815,.T.);
#2815 = LINE('',#2816,#2817);
#2816 = CARTESIAN_POINT('',(0.6,0.585,0.));
#2817 = VECTOR('',#2818,1.);
#2818 = DIRECTION('',(1.,0.,0.));
#2819 = PLANE('',#2820);
#2820 = AXIS2_PLACEMENT_3D('',#2821,#2822,#2823);
#2821 = CARTESIAN_POINT('',(0.6,-0.625,0.));
#2822 = DIRECTION('',(0.,0.,1.));
#2823 = DIRECTION('',(1.,0.,-0.));
#2824 = ADVANCED_FACE('',(#2825),#2843,.T.);
#2825 = FACE_BOUND('',#2826,.T.);
#2826 = EDGE_LOOP('',(#2827,#2828,#2829,#2837));
#2827 = ORIENTED_EDGE('',*,*,#2690,.F.);
#2828 = ORIENTED_EDGE('',*,*,#2789,.T.);
#2829 = ORIENTED_EDGE('',*,*,#2830,.T.);
#2830 = EDGE_CURVE('',#2781,#2831,#2833,.T.);
#2831 = VERTEX_POINT('',#2832);
#2832 = CARTESIAN_POINT('',(1.,0.585,1.25));
#2833 = LINE('',#2834,#2835);
#2834 = CARTESIAN_POINT('',(1.,-0.625,1.25));
#2835 = VECTOR('',#2836,1.);
#2836 = DIRECTION('',(0.,1.,0.));
#2837 = ORIENTED_EDGE('',*,*,#2838,.F.);
#2838 = EDGE_CURVE('',#2682,#2831,#2839,.T.);
#2839 = LINE('',#2840,#2841);
#2840 = CARTESIAN_POINT('',(0.6,0.585,1.25));
#2841 = VECTOR('',#2842,1.);
#2842 = DIRECTION('',(1.,0.,0.));
#2843 = PLANE('',#2844);
#2844 = AXIS2_PLACEMENT_3D('',#2845,#2846,#2847);
#2845 = CARTESIAN_POINT('',(0.6,-0.625,1.25));
#2846 = DIRECTION('',(0.,0.,1.));
#2847 = DIRECTION('',(1.,0.,-0.));
#2848 = ADVANCED_FACE('',(#2849),#2868,.T.);
#2849 = FACE_BOUND('',#2850,.T.);
#2850 = EDGE_LOOP('',(#2851,#2859,#2866,#2867));
#2851 = ORIENTED_EDGE('',*,*,#2852,.T.);
#2852 = EDGE_CURVE('',#2665,#2853,#2855,.T.);
#2853 = VERTEX_POINT('',#2854);
#2854 = CARTESIAN_POINT('',(1.,0.625,4.E-02));
#2855 = LINE('',#2856,#2857);
#2856 = CARTESIAN_POINT('',(0.6,0.625,4.E-02));
#2857 = VECTOR('',#2858,1.);
#2858 = DIRECTION('',(1.,0.,0.));
#2859 = ORIENTED_EDGE('',*,*,#2860,.T.);
#2860 = EDGE_CURVE('',#2853,#2807,#2861,.T.);
#2861 = CIRCLE('',#2862,4.E-02);
#2862 = AXIS2_PLACEMENT_3D('',#2863,#2864,#2865);
#2863 = CARTESIAN_POINT('',(1.,0.585,4.E-02));
#2864 = DIRECTION('',(-1.,0.,0.));
#2865 = DIRECTION('',(0.,0.,1.));
#2866 = ORIENTED_EDGE('',*,*,#2814,.F.);
#2867 = ORIENTED_EDGE('',*,*,#2664,.F.);
#2868 = CYLINDRICAL_SURFACE('',#2869,4.E-02);
#2869 = AXIS2_PLACEMENT_3D('',#2870,#2871,#2872);
#2870 = CARTESIAN_POINT('',(0.6,0.585,4.E-02));
#2871 = DIRECTION('',(1.,0.,0.));
#2872 = DIRECTION('',(-0.,1.,0.));
#2873 = ADVANCED_FACE('',(#2874),#2893,.T.);
#2874 = FACE_BOUND('',#2875,.T.);
#2875 = EDGE_LOOP('',(#2876,#2877,#2878,#2887));
#2876 = ORIENTED_EDGE('',*,*,#2681,.T.);
#2877 = ORIENTED_EDGE('',*,*,#2838,.T.);
#2878 = ORIENTED_EDGE('',*,*,#2879,.F.);
#2879 = EDGE_CURVE('',#2880,#2831,#2882,.T.);
#2880 = VERTEX_POINT('',#2881);
#2881 = CARTESIAN_POINT('',(1.,0.625,1.21));
#2882 = CIRCLE('',#2883,4.E-02);
#2883 = AXIS2_PLACEMENT_3D('',#2884,#2885,#2886);
#2884 = CARTESIAN_POINT('',(1.,0.585,1.21));
#2885 = DIRECTION('',(1.,0.,-0.));
#2886 = DIRECTION('',(0.,0.,1.));
#2887 = ORIENTED_EDGE('',*,*,#2888,.F.);
#2888 = EDGE_CURVE('',#2674,#2880,#2889,.T.);
#2889 = LINE('',#2890,#2891);
#2890 = CARTESIAN_POINT('',(0.6,0.625,1.21));
#2891 = VECTOR('',#2892,1.);
#2892 = DIRECTION('',(1.,0.,0.));
#2893 = CYLINDRICAL_SURFACE('',#2894,4.E-02);
#2894 = AXIS2_PLACEMENT_3D('',#2895,#2896,#2897);
#2895 = CARTESIAN_POINT('',(0.6,0.585,1.21));
#2896 = DIRECTION('',(1.,0.,0.));
#2897 = DIRECTION('',(-0.,1.,0.));
#2898 = ADVANCED_FACE('',(#2899),#2910,.T.);
#2899 = FACE_BOUND('',#2900,.T.);
#2900 = EDGE_LOOP('',(#2901,#2907,#2908,#2909));
#2901 = ORIENTED_EDGE('',*,*,#2902,.F.);
#2902 = EDGE_CURVE('',#2853,#2880,#2903,.T.);
#2903 = LINE('',#2904,#2905);
#2904 = CARTESIAN_POINT('',(1.,0.625,0.));
#2905 = VECTOR('',#2906,1.);
#2906 = DIRECTION('',(0.,0.,1.));
#2907 = ORIENTED_EDGE('',*,*,#2852,.F.);
#2908 = ORIENTED_EDGE('',*,*,#2673,.T.);
#2909 = ORIENTED_EDGE('',*,*,#2888,.T.);
#2910 = PLANE('',#2911);
#2911 = AXIS2_PLACEMENT_3D('',#2912,#2913,#2914);
#2912 = CARTESIAN_POINT('',(0.6,0.625,0.));
#2913 = DIRECTION('',(0.,1.,0.));
#2914 = DIRECTION('',(0.,-0.,1.));
#2915 = ADVANCED_FACE('',(#2916),#2926,.T.);
#2916 = FACE_BOUND('',#2917,.T.);
#2917 = EDGE_LOOP('',(#2918,#2919,#2920,#2921,#2922,#2923,#2924,#2925));
#2918 = ORIENTED_EDGE('',*,*,#2723,.F.);
#2919 = ORIENTED_EDGE('',*,*,#2763,.T.);
#2920 = ORIENTED_EDGE('',*,*,#2806,.T.);
#2921 = ORIENTED_EDGE('',*,*,#2860,.F.);
#2922 = ORIENTED_EDGE('',*,*,#2902,.T.);
#2923 = ORIENTED_EDGE('',*,*,#2879,.T.);
#2924 = ORIENTED_EDGE('',*,*,#2830,.F.);
#2925 = ORIENTED_EDGE('',*,*,#2780,.F.);
#2926 = PLANE('',#2927);
#2927 = AXIS2_PLACEMENT_3D('',#2928,#2929,#2930);
#2928 = CARTESIAN_POINT('',(1.,-0.625,0.));
#2929 = DIRECTION('',(1.,0.,0.));
#2930 = DIRECTION('',(0.,0.,1.));
#2931 = ( GEOMETRIC_REPRESENTATION_CONTEXT(3) 
GLOBAL_UNCERTAINTY_ASSIGNED_CONTEXT((#2935)) 
GLOBAL_UNIT_ASSIGNED_CONTEXT((#2932,#2933,#2934)) REPRESENTATION_CONTEXT
('Context #1','3D Context with UNIT and UNCERTAINTY') );
#2932 = ( LENGTH_UNIT() NAMED_UNIT(*) SI_UNIT(.MILLI.,.METRE.) );
#2933 = ( NAMED_UNIT(*) PLANE_ANGLE_UNIT() SI_UNIT($,.RADIAN.) );
#2934 = ( NAMED_UNIT(*) SI_UNIT($,.STERADIAN.) SOLID_ANGLE_UNIT() );
#2935 = UNCERTAINTY_MEASURE_WITH_UNIT(LENGTH_MEASURE(1.E-07),#2932,
  'distance_accuracy_value','confusion accuracy');
#2936 = CONTEXT_DEPENDENT_SHAPE_REPRESENTATION(#2937,#2939);
#2937 = ( REPRESENTATION_RELATIONSHIP('','',#2076,#10) 
REPRESENTATION_RELATIONSHIP_WITH_TRANSFORMATION(#2938) 
SHAPE_REPRESENTATION_RELATIONSHIP() );
#2938 = ITEM_DEFINED_TRANSFORMATION('','',#11,#23);
#2939 = PRODUCT_DEFINITION_SHAPE('Placement','Placement of an item',
  #2940);
#2940 = NEXT_ASSEMBLY_USAGE_OCCURRENCE('3','C3','',#5,#2071,$);
#2941 = PRODUCT_RELATED_PRODUCT_CATEGORY('part',$,(#2073));
#2942 = SHAPE_DEFINITION_REPRESENTATION(#2943,#2949);
#2943 = PRODUCT_DEFINITION_SHAPE('','',#2944);
#2944 = PRODUCT_DEFINITION('design','',#2945,#2948);
#2945 = PRODUCT_DEFINITION_FORMATION('','',#2946);
#2946 = PRODUCT('D_0603_1608Metric','D_0603_1608Metric','',(#2947));
#2947 = PRODUCT_CONTEXT('',#2,'mechanical');
#2948 = PRODUCT_DEFINITION_CONTEXT('part definition',#2,'design');
#2949 = ADVANCED_BREP_SHAPE_REPRESENTATION('',(#11,#2950),#4274);
#2950 = MANIFOLD_SOLID_BREP('',#2951);
#2951 = CLOSED_SHELL('',(#2952,#3009,#3092,#3127,#3217,#3242,#3317,#3334
    ,#3420,#3444,#3552,#3569,#3586,#3610,#3622,#3639,#3651,#3668,#3685,
    #3702,#3771,#3796,#3813,#3879,#3891,#3908,#3939,#3963,#3987,#4004,
    #4038,#4073,#4097,#4132,#4159,#4194,#4218,#4246,#4258));
#2952 = ADVANCED_FACE('',(#2953),#3004,.T.);
#2953 = FACE_BOUND('',#2954,.T.);
#2954 = EDGE_LOOP('',(#2955,#2965,#2973,#2981,#2989,#2998));
#2955 = ORIENTED_EDGE('',*,*,#2956,.F.);
#2956 = EDGE_CURVE('',#2957,#2959,#2961,.T.);
#2957 = VERTEX_POINT('',#2958);
#2958 = CARTESIAN_POINT('',(0.48,0.35,0.66));
#2959 = VERTEX_POINT('',#2960);
#2960 = CARTESIAN_POINT('',(0.77,0.35,0.66));
#2961 = LINE('',#2962,#2963);
#2962 = CARTESIAN_POINT('',(0.45,0.35,0.66));
#2963 = VECTOR('',#2964,1.);
#2964 = DIRECTION('',(1.,-2.22044604925E-16,0.));
#2965 = ORIENTED_EDGE('',*,*,#2966,.T.);
#2966 = EDGE_CURVE('',#2957,#2967,#2969,.T.);
#2967 = VERTEX_POINT('',#2968);
#2968 = CARTESIAN_POINT('',(0.48,-0.35,0.66));
#2969 = LINE('',#2970,#2971);
#2970 = CARTESIAN_POINT('',(0.48,0.35,0.66));
#2971 = VECTOR('',#2972,1.);
#2972 = DIRECTION('',(-2.22044604925E-16,-1.,0.));
#2973 = ORIENTED_EDGE('',*,*,#2974,.T.);
#2974 = EDGE_CURVE('',#2967,#2975,#2977,.T.);
#2975 = VERTEX_POINT('',#2976);
#2976 = CARTESIAN_POINT('',(0.77,-0.35,0.66));
#2977 = LINE('',#2978,#2979);
#2978 = CARTESIAN_POINT('',(0.45,-0.35,0.66));
#2979 = VECTOR('',#2980,1.);
#2980 = DIRECTION('',(1.,-2.22044604925E-16,0.));
#2981 = ORIENTED_EDGE('',*,*,#2982,.F.);
#2982 = EDGE_CURVE('',#2983,#2975,#2985,.T.);
#2983 = VERTEX_POINT('',#2984);
#2984 = CARTESIAN_POINT('',(0.77,-0.21,0.66));
#2985 = LINE('',#2986,#2987);
#2986 = CARTESIAN_POINT('',(0.77,0.35,0.66));
#2987 = VECTOR('',#2988,1.);
#2988 = DIRECTION('',(-2.22044604925E-16,-1.,0.));
#2989 = ORIENTED_EDGE('',*,*,#2990,.F.);
#2990 = EDGE_CURVE('',#2991,#2983,#2993,.T.);
#2991 = VERTEX_POINT('',#2992);
#2992 = CARTESIAN_POINT('',(0.77,0.21,0.66));
#2993 = CIRCLE('',#2994,0.21);
#2994 = AXIS2_PLACEMENT_3D('',#2995,#2996,#2997);
#2995 = CARTESIAN_POINT('',(0.77,-1.848521336001E-16,0.66));
#2996 = DIRECTION('',(0.,0.,1.));
#2997 = DIRECTION('',(-2.22044604925E-16,-1.,0.));
#2998 = ORIENTED_EDGE('',*,*,#2999,.F.);
#2999 = EDGE_CURVE('',#2959,#2991,#3000,.T.);
#3000 = LINE('',#3001,#3002);
#3001 = CARTESIAN_POINT('',(0.77,0.35,0.66));
#3002 = VECTOR('',#3003,1.);
#3003 = DIRECTION('',(-2.22044604925E-16,-1.,0.));
#3004 = PLANE('',#3005);
#3005 = AXIS2_PLACEMENT_3D('',#3006,#3007,#3008);
#3006 = CARTESIAN_POINT('',(0.45,0.35,0.66));
#3007 = DIRECTION('',(0.,0.,1.));
#3008 = DIRECTION('',(-2.22044604925E-16,-1.,0.));
#3009 = ADVANCED_FACE('',(#3010),#3087,.F.);
#3010 = FACE_BOUND('',#3011,.F.);
#3011 = EDGE_LOOP('',(#3012,#3022,#3031,#3039,#3048,#3056,#3063,#3064,
    #3073,#3081));
#3012 = ORIENTED_EDGE('',*,*,#3013,.F.);
#3013 = EDGE_CURVE('',#3014,#3016,#3018,.T.);
#3014 = VERTEX_POINT('',#3015);
#3015 = CARTESIAN_POINT('',(0.45,0.35,3.E-02));
#3016 = VERTEX_POINT('',#3017);
#3017 = CARTESIAN_POINT('',(0.785,0.35,3.E-02));
#3018 = LINE('',#3019,#3020);
#3019 = CARTESIAN_POINT('',(-0.1675,0.35,3.E-02));
#3020 = VECTOR('',#3021,1.);
#3021 = DIRECTION('',(1.,-2.22044604925E-16,0.));
#3022 = ORIENTED_EDGE('',*,*,#3023,.T.);
#3023 = EDGE_CURVE('',#3014,#3024,#3026,.T.);
#3024 = VERTEX_POINT('',#3025);
#3025 = CARTESIAN_POINT('',(0.48,0.35,-3.469446951954E-18));
#3026 = CIRCLE('',#3027,3.E-02);
#3027 = AXIS2_PLACEMENT_3D('',#3028,#3029,#3030);
#3028 = CARTESIAN_POINT('',(0.48,0.35,3.E-02));
#3029 = DIRECTION('',(-2.22044604925E-16,-1.,0.));
#3030 = DIRECTION('',(0.,0.,1.));
#3031 = ORIENTED_EDGE('',*,*,#3032,.T.);
#3032 = EDGE_CURVE('',#3024,#3033,#3035,.T.);
#3033 = VERTEX_POINT('',#3034);
#3034 = CARTESIAN_POINT('',(0.77,0.35,-3.469446951954E-18));
#3035 = LINE('',#3036,#3037);
#3036 = CARTESIAN_POINT('',(0.45,0.35,0.));
#3037 = VECTOR('',#3038,1.);
#3038 = DIRECTION('',(1.,-2.22044604925E-16,0.));
#3039 = ORIENTED_EDGE('',*,*,#3040,.F.);
#3040 = EDGE_CURVE('',#3041,#3033,#3043,.T.);
#3041 = VERTEX_POINT('',#3042);
#3042 = CARTESIAN_POINT('',(0.8,0.35,3.E-02));
#3043 = CIRCLE('',#3044,3.E-02);
#3044 = AXIS2_PLACEMENT_3D('',#3045,#3046,#3047);
#3045 = CARTESIAN_POINT('',(0.77,0.35,3.E-02));
#3046 = DIRECTION('',(2.22044604925E-16,1.,-0.));
#3047 = DIRECTION('',(0.,0.,1.));
#3048 = ORIENTED_EDGE('',*,*,#3049,.T.);
#3049 = EDGE_CURVE('',#3041,#3050,#3052,.T.);
#3050 = VERTEX_POINT('',#3051);
#3051 = CARTESIAN_POINT('',(0.8,0.35,0.63));
#3052 = LINE('',#3053,#3054);
#3053 = CARTESIAN_POINT('',(0.8,0.35,0.));
#3054 = VECTOR('',#3055,1.);
#3055 = DIRECTION('',(0.,0.,1.));
#3056 = ORIENTED_EDGE('',*,*,#3057,.T.);
#3057 = EDGE_CURVE('',#3050,#2959,#3058,.T.);
#3058 = CIRCLE('',#3059,3.E-02);
#3059 = AXIS2_PLACEMENT_3D('',#3060,#3061,#3062);
#3060 = CARTESIAN_POINT('',(0.77,0.35,0.63));
#3061 = DIRECTION('',(-2.22044604925E-16,-1.,0.));
#3062 = DIRECTION('',(0.,0.,1.));
#3063 = ORIENTED_EDGE('',*,*,#2956,.F.);
#3064 = ORIENTED_EDGE('',*,*,#3065,.F.);
#3065 = EDGE_CURVE('',#3066,#2957,#3068,.T.);
#3066 = VERTEX_POINT('',#3067);
#3067 = CARTESIAN_POINT('',(0.45,0.35,0.63));
#3068 = CIRCLE('',#3069,3.E-02);
#3069 = AXIS2_PLACEMENT_3D('',#3070,#3071,#3072);
#3070 = CARTESIAN_POINT('',(0.48,0.35,0.63));
#3071 = DIRECTION('',(2.22044604925E-16,1.,-0.));
#3072 = DIRECTION('',(0.,0.,1.));
#3073 = ORIENTED_EDGE('',*,*,#3074,.T.);
#3074 = EDGE_CURVE('',#3066,#3075,#3077,.T.);
#3075 = VERTEX_POINT('',#3076);
#3076 = CARTESIAN_POINT('',(0.785,0.35,0.63));
#3077 = LINE('',#3078,#3079);
#3078 = CARTESIAN_POINT('',(-0.1675,0.35,0.63));
#3079 = VECTOR('',#3080,1.);
#3080 = DIRECTION('',(1.,-2.22044604925E-16,0.));
#3081 = ORIENTED_EDGE('',*,*,#3082,.T.);
#3082 = EDGE_CURVE('',#3075,#3016,#3083,.T.);
#3083 = LINE('',#3084,#3085);
#3084 = CARTESIAN_POINT('',(0.785,0.35,1.5E-02));
#3085 = VECTOR('',#3086,1.);
#3086 = DIRECTION('',(0.,0.,-1.));
#3087 = PLANE('',#3088);
#3088 = AXIS2_PLACEMENT_3D('',#3089,#3090,#3091);
#3089 = CARTESIAN_POINT('',(0.45,0.35,0.));
#3090 = DIRECTION('',(-2.22044604925E-16,-1.,0.));
#3091 = DIRECTION('',(0.,0.,1.));
#3092 = ADVANCED_FACE('',(#3093),#3122,.T.);
#3093 = FACE_BOUND('',#3094,.T.);
#3094 = EDGE_LOOP('',(#3095,#3103,#3104,#3105));
#3095 = ORIENTED_EDGE('',*,*,#3096,.F.);
#3096 = EDGE_CURVE('',#3050,#3097,#3099,.T.);
#3097 = VERTEX_POINT('',#3098);
#3098 = CARTESIAN_POINT('',(0.8,0.207846096908,0.63));
#3099 = LINE('',#3100,#3101);
#3100 = CARTESIAN_POINT('',(0.8,0.35,0.63));
#3101 = VECTOR('',#3102,1.);
#3102 = DIRECTION('',(-2.22044604925E-16,-1.,0.));
#3103 = ORIENTED_EDGE('',*,*,#3057,.T.);
#3104 = ORIENTED_EDGE('',*,*,#2999,.T.);
#3105 = ORIENTED_EDGE('',*,*,#3106,.F.);
#3106 = EDGE_CURVE('',#3097,#2991,#3107,.T.);
#3107 = B_SPLINE_CURVE_WITH_KNOTS('',7,(#3108,#3109,#3110,#3111,#3112,
    #3113,#3114,#3115,#3116,#3117,#3118,#3119,#3120,#3121),
  .UNSPECIFIED.,.F.,.F.,(8,6,8),(0.,0.874463336063,1.),.UNSPECIFIED.);
#3108 = CARTESIAN_POINT('',(0.8,0.207846096908,0.63));
#3109 = CARTESIAN_POINT('',(0.8,0.207846096908,0.636345841058));
#3110 = CARTESIAN_POINT('',(0.798433952319,0.208072144873,0.642469507615
    ));
#3111 = CARTESIAN_POINT('',(0.795499279423,0.208495687659,0.64798381764)
  );
#3112 = CARTESIAN_POINT('',(0.791441116875,0.209005633614,0.652610174937
    ));
#3113 = CARTESIAN_POINT('',(0.786545018706,0.209461860626,0.65612783499)
  );
#3114 = CARTESIAN_POINT('',(0.78115642072,0.209776529343,0.658412763373)
  );
#3115 = CARTESIAN_POINT('',(0.774826845706,0.20994602495,0.659620194383)
  );
#3116 = CARTESIAN_POINT('',(0.774028016437,0.209963904989,0.659746673099
    ));
#3117 = CARTESIAN_POINT('',(0.773225799574,0.209978298192,0.659847954753
    ));
#3118 = CARTESIAN_POINT('',(0.772421042633,0.209989137789,0.659923965218
    ));
#3119 = CARTESIAN_POINT('',(0.771614592695,0.209996379192,0.659974655151
    ));
#3120 = CARTESIAN_POINT('',(0.77080729641,0.21,0.66));
#3121 = CARTESIAN_POINT('',(0.77,0.21,0.66));
#3122 = CYLINDRICAL_SURFACE('',#3123,3.E-02);
#3123 = AXIS2_PLACEMENT_3D('',#3124,#3125,#3126);
#3124 = CARTESIAN_POINT('',(0.77,0.35,0.63));
#3125 = DIRECTION('',(-2.22044604925E-16,-1.,0.));
#3126 = DIRECTION('',(1.,-2.22044604925E-16,0.));
#3127 = ADVANCED_FACE('',(#3128),#3212,.F.);
#3128 = FACE_BOUND('',#3129,.F.);
#3129 = EDGE_LOOP('',(#3130,#3140,#3157,#3158,#3159,#3167,#3186,#3195));
#3130 = ORIENTED_EDGE('',*,*,#3131,.T.);
#3131 = EDGE_CURVE('',#3132,#3134,#3136,.T.);
#3132 = VERTEX_POINT('',#3133);
#3133 = CARTESIAN_POINT('',(0.8,-0.207846096908,3.E-02));
#3134 = VERTEX_POINT('',#3135);
#3135 = CARTESIAN_POINT('',(0.8,-0.207846096908,0.63));
#3136 = LINE('',#3137,#3138);
#3137 = CARTESIAN_POINT('',(0.8,-0.207846096908,0.66));
#3138 = VECTOR('',#3139,1.);
#3139 = DIRECTION('',(0.,0.,1.));
#3140 = ORIENTED_EDGE('',*,*,#3141,.T.);
#3141 = EDGE_CURVE('',#3134,#2983,#3142,.T.);
#3142 = B_SPLINE_CURVE_WITH_KNOTS('',7,(#3143,#3144,#3145,#3146,#3147,
    #3148,#3149,#3150,#3151,#3152,#3153,#3154,#3155,#3156),
  .UNSPECIFIED.,.F.,.F.,(8,6,8),(0.,0.874463336087,1.),.UNSPECIFIED.);
#3143 = CARTESIAN_POINT('',(0.8,-0.207846096908,0.63));
#3144 = CARTESIAN_POINT('',(0.8,-0.207846096908,0.636345841059));
#3145 = CARTESIAN_POINT('',(0.798433952319,-0.208072144873,
    0.642469507615));
#3146 = CARTESIAN_POINT('',(0.795499279423,-0.208495687659,0.64798381764
    ));
#3147 = CARTESIAN_POINT('',(0.791441116875,-0.209005633614,
    0.652610174938));
#3148 = CARTESIAN_POINT('',(0.786545018706,-0.209461860626,0.65612783499
    ));
#3149 = CARTESIAN_POINT('',(0.78115642072,-0.209776529343,0.658412763373
    ));
#3150 = CARTESIAN_POINT('',(0.774826845706,-0.20994602495,0.659620194383
    ));
#3151 = CARTESIAN_POINT('',(0.774028016437,-0.209963905022,
    0.659746673217));
#3152 = CARTESIAN_POINT('',(0.773225799574,-0.209978298237,
    0.659847954909));
#3153 = CARTESIAN_POINT('',(0.772421042633,-0.209989137801,0.65992396526
    ));
#3154 = CARTESIAN_POINT('',(0.771614592695,-0.209996379145,
    0.659974654986));
#3155 = CARTESIAN_POINT('',(0.770807296411,-0.209999999919,
    0.659999999717));
#3156 = CARTESIAN_POINT('',(0.77,-0.21,0.66));
#3157 = ORIENTED_EDGE('',*,*,#2990,.F.);
#3158 = ORIENTED_EDGE('',*,*,#3106,.F.);
#3159 = ORIENTED_EDGE('',*,*,#3160,.F.);
#3160 = EDGE_CURVE('',#3161,#3097,#3163,.T.);
#3161 = VERTEX_POINT('',#3162);
#3162 = CARTESIAN_POINT('',(0.8,0.207846096908,3.E-02));
#3163 = LINE('',#3164,#3165);
#3164 = CARTESIAN_POINT('',(0.8,0.207846096908,0.66));
#3165 = VECTOR('',#3166,1.);
#3166 = DIRECTION('',(0.,0.,1.));
#3167 = ORIENTED_EDGE('',*,*,#3168,.T.);
#3168 = EDGE_CURVE('',#3161,#3169,#3171,.T.);
#3169 = VERTEX_POINT('',#3170);
#3170 = CARTESIAN_POINT('',(0.77,0.21,-3.469446951954E-18));
#3171 = B_SPLINE_CURVE_WITH_KNOTS('',7,(#3172,#3173,#3174,#3175,#3176,
    #3177,#3178,#3179,#3180,#3181,#3182,#3183,#3184,#3185),
  .UNSPECIFIED.,.F.,.F.,(8,6,8),(0.,0.874463336063,1.),.UNSPECIFIED.);
#3172 = CARTESIAN_POINT('',(0.8,0.207846096908,3.E-02));
#3173 = CARTESIAN_POINT('',(0.8,0.207846096908,2.365415894152E-02));
#3174 = CARTESIAN_POINT('',(0.798433952319,0.208072144873,
    1.753049238528E-02));
#3175 = CARTESIAN_POINT('',(0.795499279423,0.208495687659,
    1.201618235995E-02));
#3176 = CARTESIAN_POINT('',(0.791441116875,0.209005633614,
    7.389825062529E-03));
#3177 = CARTESIAN_POINT('',(0.786545018706,0.209461860626,
    3.872165010373E-03));
#3178 = CARTESIAN_POINT('',(0.78115642072,0.209776529343,
    1.587236626824E-03));
#3179 = CARTESIAN_POINT('',(0.774826845706,0.20994602495,
    3.798056172653E-04));
#3180 = CARTESIAN_POINT('',(0.774028016437,0.209963904989,
    2.533269011312E-04));
#3181 = CARTESIAN_POINT('',(0.773225799574,0.209978298192,
    1.520452465003E-04));
#3182 = CARTESIAN_POINT('',(0.772421042633,0.209989137789,
    7.603478218543E-05));
#3183 = CARTESIAN_POINT('',(0.771614592695,0.209996379192,
    2.534484904841E-05));
#3184 = CARTESIAN_POINT('',(0.77080729641,0.21,-1.734723475977E-18));
#3185 = CARTESIAN_POINT('',(0.77,0.21,-1.734723475977E-18));
#3186 = ORIENTED_EDGE('',*,*,#3187,.T.);
#3187 = EDGE_CURVE('',#3169,#3188,#3190,.T.);
#3188 = VERTEX_POINT('',#3189);
#3189 = CARTESIAN_POINT('',(0.77,-0.21,-1.734723475977E-18));
#3190 = CIRCLE('',#3191,0.21);
#3191 = AXIS2_PLACEMENT_3D('',#3192,#3193,#3194);
#3192 = CARTESIAN_POINT('',(0.77,-1.848521336001E-16,0.));
#3193 = DIRECTION('',(0.,0.,1.));
#3194 = DIRECTION('',(-2.22044604925E-16,-1.,0.));
#3195 = ORIENTED_EDGE('',*,*,#3196,.F.);
#3196 = EDGE_CURVE('',#3132,#3188,#3197,.T.);
#3197 = B_SPLINE_CURVE_WITH_KNOTS('',7,(#3198,#3199,#3200,#3201,#3202,
    #3203,#3204,#3205,#3206,#3207,#3208,#3209,#3210,#3211),
  .UNSPECIFIED.,.F.,.F.,(8,6,8),(0.,0.874463336086,1.),.UNSPECIFIED.);
#3198 = CARTESIAN_POINT('',(0.8,-0.207846096908,3.E-02));
#3199 = CARTESIAN_POINT('',(0.8,-0.207846096908,2.365415894153E-02));
#3200 = CARTESIAN_POINT('',(0.798433952319,-0.208072144873,
    1.753049238527E-02));
#3201 = CARTESIAN_POINT('',(0.795499279423,-0.208495687659,
    1.201618235995E-02));
#3202 = CARTESIAN_POINT('',(0.791441116875,-0.209005633614,
    7.389825062537E-03));
#3203 = CARTESIAN_POINT('',(0.786545018706,-0.209461860626,
    3.872165010374E-03));
#3204 = CARTESIAN_POINT('',(0.78115642072,-0.209776529343,
    1.587236626821E-03));
#3205 = CARTESIAN_POINT('',(0.774826845706,-0.20994602495,
    3.798056172976E-04));
#3206 = CARTESIAN_POINT('',(0.774028016437,-0.209963905022,
    2.533267834389E-04));
#3207 = CARTESIAN_POINT('',(0.773225799574,-0.209978298237,
    1.520450911262E-04));
#3208 = CARTESIAN_POINT('',(0.772421042633,-0.209989137801,
    7.603473981997E-05));
#3209 = CARTESIAN_POINT('',(0.771614592695,-0.209996379145,
    2.534501387762E-05));
#3210 = CARTESIAN_POINT('',(0.770807296411,-0.209999999919,
    2.825537414566E-10));
#3211 = CARTESIAN_POINT('',(0.77,-0.21,-1.734723475977E-18));
#3212 = CYLINDRICAL_SURFACE('',#3213,0.21);
#3213 = AXIS2_PLACEMENT_3D('',#3214,#3215,#3216);
#3214 = CARTESIAN_POINT('',(0.77,-1.848521336001E-16,0.66));
#3215 = DIRECTION('',(0.,0.,1.));
#3216 = DIRECTION('',(-2.22044604925E-16,-1.,0.));
#3217 = ADVANCED_FACE('',(#3218),#3237,.T.);
#3218 = FACE_BOUND('',#3219,.T.);
#3219 = EDGE_LOOP('',(#3220,#3228,#3229,#3230));
#3220 = ORIENTED_EDGE('',*,*,#3221,.F.);
#3221 = EDGE_CURVE('',#3134,#3222,#3224,.T.);
#3222 = VERTEX_POINT('',#3223);
#3223 = CARTESIAN_POINT('',(0.8,-0.35,0.63));
#3224 = LINE('',#3225,#3226);
#3225 = CARTESIAN_POINT('',(0.8,0.35,0.63));
#3226 = VECTOR('',#3227,1.);
#3227 = DIRECTION('',(-2.22044604925E-16,-1.,0.));
#3228 = ORIENTED_EDGE('',*,*,#3141,.T.);
#3229 = ORIENTED_EDGE('',*,*,#2982,.T.);
#3230 = ORIENTED_EDGE('',*,*,#3231,.F.);
#3231 = EDGE_CURVE('',#3222,#2975,#3232,.T.);
#3232 = CIRCLE('',#3233,3.E-02);
#3233 = AXIS2_PLACEMENT_3D('',#3234,#3235,#3236);
#3234 = CARTESIAN_POINT('',(0.77,-0.35,0.63));
#3235 = DIRECTION('',(-2.22044604925E-16,-1.,0.));
#3236 = DIRECTION('',(0.,0.,1.));
#3237 = CYLINDRICAL_SURFACE('',#3238,3.E-02);
#3238 = AXIS2_PLACEMENT_3D('',#3239,#3240,#3241);
#3239 = CARTESIAN_POINT('',(0.77,0.35,0.63));
#3240 = DIRECTION('',(-2.22044604925E-16,-1.,0.));
#3241 = DIRECTION('',(1.,-2.22044604925E-16,0.));
#3242 = ADVANCED_FACE('',(#3243),#3312,.T.);
#3243 = FACE_BOUND('',#3244,.T.);
#3244 = EDGE_LOOP('',(#3245,#3255,#3264,#3272,#3281,#3287,#3288,#3289,
    #3298,#3306));
#3245 = ORIENTED_EDGE('',*,*,#3246,.F.);
#3246 = EDGE_CURVE('',#3247,#3249,#3251,.T.);
#3247 = VERTEX_POINT('',#3248);
#3248 = CARTESIAN_POINT('',(0.45,-0.35,3.E-02));
#3249 = VERTEX_POINT('',#3250);
#3250 = CARTESIAN_POINT('',(0.785,-0.35,3.E-02));
#3251 = LINE('',#3252,#3253);
#3252 = CARTESIAN_POINT('',(-0.1675,-0.35,3.E-02));
#3253 = VECTOR('',#3254,1.);
#3254 = DIRECTION('',(1.,-2.22044604925E-16,0.));
#3255 = ORIENTED_EDGE('',*,*,#3256,.T.);
#3256 = EDGE_CURVE('',#3247,#3257,#3259,.T.);
#3257 = VERTEX_POINT('',#3258);
#3258 = CARTESIAN_POINT('',(0.48,-0.35,-3.469446951954E-18));
#3259 = CIRCLE('',#3260,3.E-02);
#3260 = AXIS2_PLACEMENT_3D('',#3261,#3262,#3263);
#3261 = CARTESIAN_POINT('',(0.48,-0.35,3.E-02));
#3262 = DIRECTION('',(-2.22044604925E-16,-1.,0.));
#3263 = DIRECTION('',(0.,0.,1.));
#3264 = ORIENTED_EDGE('',*,*,#3265,.T.);
#3265 = EDGE_CURVE('',#3257,#3266,#3268,.T.);
#3266 = VERTEX_POINT('',#3267);
#3267 = CARTESIAN_POINT('',(0.77,-0.35,-3.469446951954E-18));
#3268 = LINE('',#3269,#3270);
#3269 = CARTESIAN_POINT('',(0.45,-0.35,0.));
#3270 = VECTOR('',#3271,1.);
#3271 = DIRECTION('',(1.,-2.22044604925E-16,0.));
#3272 = ORIENTED_EDGE('',*,*,#3273,.F.);
#3273 = EDGE_CURVE('',#3274,#3266,#3276,.T.);
#3274 = VERTEX_POINT('',#3275);
#3275 = CARTESIAN_POINT('',(0.8,-0.35,3.E-02));
#3276 = CIRCLE('',#3277,3.E-02);
#3277 = AXIS2_PLACEMENT_3D('',#3278,#3279,#3280);
#3278 = CARTESIAN_POINT('',(0.77,-0.35,3.E-02));
#3279 = DIRECTION('',(2.22044604925E-16,1.,-0.));
#3280 = DIRECTION('',(0.,0.,1.));
#3281 = ORIENTED_EDGE('',*,*,#3282,.T.);
#3282 = EDGE_CURVE('',#3274,#3222,#3283,.T.);
#3283 = LINE('',#3284,#3285);
#3284 = CARTESIAN_POINT('',(0.8,-0.35,0.));
#3285 = VECTOR('',#3286,1.);
#3286 = DIRECTION('',(0.,0.,1.));
#3287 = ORIENTED_EDGE('',*,*,#3231,.T.);
#3288 = ORIENTED_EDGE('',*,*,#2974,.F.);
#3289 = ORIENTED_EDGE('',*,*,#3290,.F.);
#3290 = EDGE_CURVE('',#3291,#2967,#3293,.T.);
#3291 = VERTEX_POINT('',#3292);
#3292 = CARTESIAN_POINT('',(0.45,-0.35,0.63));
#3293 = CIRCLE('',#3294,3.E-02);
#3294 = AXIS2_PLACEMENT_3D('',#3295,#3296,#3297);
#3295 = CARTESIAN_POINT('',(0.48,-0.35,0.63));
#3296 = DIRECTION('',(2.22044604925E-16,1.,-0.));
#3297 = DIRECTION('',(0.,0.,1.));
#3298 = ORIENTED_EDGE('',*,*,#3299,.T.);
#3299 = EDGE_CURVE('',#3291,#3300,#3302,.T.);
#3300 = VERTEX_POINT('',#3301);
#3301 = CARTESIAN_POINT('',(0.785,-0.35,0.63));
#3302 = LINE('',#3303,#3304);
#3303 = CARTESIAN_POINT('',(-0.1675,-0.35,0.63));
#3304 = VECTOR('',#3305,1.);
#3305 = DIRECTION('',(1.,-2.22044604925E-16,0.));
#3306 = ORIENTED_EDGE('',*,*,#3307,.T.);
#3307 = EDGE_CURVE('',#3300,#3249,#3308,.T.);
#3308 = LINE('',#3309,#3310);
#3309 = CARTESIAN_POINT('',(0.785,-0.35,1.5E-02));
#3310 = VECTOR('',#3311,1.);
#3311 = DIRECTION('',(0.,0.,-1.));
#3312 = PLANE('',#3313);
#3313 = AXIS2_PLACEMENT_3D('',#3314,#3315,#3316);
#3314 = CARTESIAN_POINT('',(0.45,-0.35,0.));
#3315 = DIRECTION('',(-2.22044604925E-16,-1.,0.));
#3316 = DIRECTION('',(0.,0.,1.));
#3317 = ADVANCED_FACE('',(#3318),#3329,.T.);
#3318 = FACE_BOUND('',#3319,.T.);
#3319 = EDGE_LOOP('',(#3320,#3326,#3327,#3328));
#3320 = ORIENTED_EDGE('',*,*,#3321,.F.);
#3321 = EDGE_CURVE('',#3291,#3066,#3322,.T.);
#3322 = LINE('',#3323,#3324);
#3323 = CARTESIAN_POINT('',(0.45,-4.25E-02,0.63));
#3324 = VECTOR('',#3325,1.);
#3325 = DIRECTION('',(2.22044604925E-16,1.,0.));
#3326 = ORIENTED_EDGE('',*,*,#3290,.T.);
#3327 = ORIENTED_EDGE('',*,*,#2966,.F.);
#3328 = ORIENTED_EDGE('',*,*,#3065,.F.);
#3329 = CYLINDRICAL_SURFACE('',#3330,3.E-02);
#3330 = AXIS2_PLACEMENT_3D('',#3331,#3332,#3333);
#3331 = CARTESIAN_POINT('',(0.48,0.35,0.63));
#3332 = DIRECTION('',(-2.22044604925E-16,-1.,0.));
#3333 = DIRECTION('',(-1.,2.22044604925E-16,0.));
#3334 = ADVANCED_FACE('',(#3335),#3415,.F.);
#3335 = FACE_BOUND('',#3336,.F.);
#3336 = EDGE_LOOP('',(#3337,#3345,#3353,#3361,#3369,#3377,#3385,#3393,
    #3401,#3407,#3408,#3414));
#3337 = ORIENTED_EDGE('',*,*,#3338,.T.);
#3338 = EDGE_CURVE('',#3016,#3339,#3341,.T.);
#3339 = VERTEX_POINT('',#3340);
#3340 = CARTESIAN_POINT('',(0.785,0.435,3.E-02));
#3341 = LINE('',#3342,#3343);
#3342 = CARTESIAN_POINT('',(0.785,-0.435,3.E-02));
#3343 = VECTOR('',#3344,1.);
#3344 = DIRECTION('',(0.,1.,0.));
#3345 = ORIENTED_EDGE('',*,*,#3346,.F.);
#3346 = EDGE_CURVE('',#3347,#3339,#3349,.T.);
#3347 = VERTEX_POINT('',#3348);
#3348 = CARTESIAN_POINT('',(-0.785,0.435,3.E-02));
#3349 = LINE('',#3350,#3351);
#3350 = CARTESIAN_POINT('',(-0.785,0.435,3.E-02));
#3351 = VECTOR('',#3352,1.);
#3352 = DIRECTION('',(1.,0.,0.));
#3353 = ORIENTED_EDGE('',*,*,#3354,.F.);
#3354 = EDGE_CURVE('',#3355,#3347,#3357,.T.);
#3355 = VERTEX_POINT('',#3356);
#3356 = CARTESIAN_POINT('',(-0.785,0.35,3.E-02));
#3357 = LINE('',#3358,#3359);
#3358 = CARTESIAN_POINT('',(-0.785,-0.435,3.E-02));
#3359 = VECTOR('',#3360,1.);
#3360 = DIRECTION('',(0.,1.,0.));
#3361 = ORIENTED_EDGE('',*,*,#3362,.F.);
#3362 = EDGE_CURVE('',#3363,#3355,#3365,.T.);
#3363 = VERTEX_POINT('',#3364);
#3364 = CARTESIAN_POINT('',(-0.45,0.35,3.E-02));
#3365 = LINE('',#3366,#3367);
#3366 = CARTESIAN_POINT('',(-0.6175,0.35,3.E-02));
#3367 = VECTOR('',#3368,1.);
#3368 = DIRECTION('',(-1.,1.110223024625E-16,0.));
#3369 = ORIENTED_EDGE('',*,*,#3370,.T.);
#3370 = EDGE_CURVE('',#3363,#3371,#3373,.T.);
#3371 = VERTEX_POINT('',#3372);
#3372 = CARTESIAN_POINT('',(-0.45,-0.35,3.E-02));
#3373 = LINE('',#3374,#3375);
#3374 = CARTESIAN_POINT('',(-0.45,-0.3925,3.E-02));
#3375 = VECTOR('',#3376,1.);
#3376 = DIRECTION('',(-1.110223024625E-16,-1.,0.));
#3377 = ORIENTED_EDGE('',*,*,#3378,.T.);
#3378 = EDGE_CURVE('',#3371,#3379,#3381,.T.);
#3379 = VERTEX_POINT('',#3380);
#3380 = CARTESIAN_POINT('',(-0.785,-0.35,3.E-02));
#3381 = LINE('',#3382,#3383);
#3382 = CARTESIAN_POINT('',(-0.6175,-0.35,3.E-02));
#3383 = VECTOR('',#3384,1.);
#3384 = DIRECTION('',(-1.,1.110223024625E-16,0.));
#3385 = ORIENTED_EDGE('',*,*,#3386,.F.);
#3386 = EDGE_CURVE('',#3387,#3379,#3389,.T.);
#3387 = VERTEX_POINT('',#3388);
#3388 = CARTESIAN_POINT('',(-0.785,-0.435,3.E-02));
#3389 = LINE('',#3390,#3391);
#3390 = CARTESIAN_POINT('',(-0.785,-0.435,3.E-02));
#3391 = VECTOR('',#3392,1.);
#3392 = DIRECTION('',(0.,1.,0.));
#3393 = ORIENTED_EDGE('',*,*,#3394,.T.);
#3394 = EDGE_CURVE('',#3387,#3395,#3397,.T.);
#3395 = VERTEX_POINT('',#3396);
#3396 = CARTESIAN_POINT('',(0.785,-0.435,3.E-02));
#3397 = LINE('',#3398,#3399);
#3398 = CARTESIAN_POINT('',(-0.785,-0.435,3.E-02));
#3399 = VECTOR('',#3400,1.);
#3400 = DIRECTION('',(1.,0.,0.));
#3401 = ORIENTED_EDGE('',*,*,#3402,.T.);
#3402 = EDGE_CURVE('',#3395,#3249,#3403,.T.);
#3403 = LINE('',#3404,#3405);
#3404 = CARTESIAN_POINT('',(0.785,-0.435,3.E-02));
#3405 = VECTOR('',#3406,1.);
#3406 = DIRECTION('',(0.,1.,0.));
#3407 = ORIENTED_EDGE('',*,*,#3246,.F.);
#3408 = ORIENTED_EDGE('',*,*,#3409,.T.);
#3409 = EDGE_CURVE('',#3247,#3014,#3410,.T.);
#3410 = LINE('',#3411,#3412);
#3411 = CARTESIAN_POINT('',(0.45,-4.25E-02,3.E-02));
#3412 = VECTOR('',#3413,1.);
#3413 = DIRECTION('',(2.22044604925E-16,1.,0.));
#3414 = ORIENTED_EDGE('',*,*,#3013,.T.);
#3415 = PLANE('',#3416);
#3416 = AXIS2_PLACEMENT_3D('',#3417,#3418,#3419);
#3417 = CARTESIAN_POINT('',(-0.785,-0.435,3.E-02));
#3418 = DIRECTION('',(0.,0.,1.));
#3419 = DIRECTION('',(1.,0.,-0.));
#3420 = ADVANCED_FACE('',(#3421),#3439,.T.);
#3421 = FACE_BOUND('',#3422,.T.);
#3422 = EDGE_LOOP('',(#3423,#3431,#3432,#3433));
#3423 = ORIENTED_EDGE('',*,*,#3424,.F.);
#3424 = EDGE_CURVE('',#3075,#3425,#3427,.T.);
#3425 = VERTEX_POINT('',#3426);
#3426 = CARTESIAN_POINT('',(0.785,0.435,0.63));
#3427 = LINE('',#3428,#3429);
#3428 = CARTESIAN_POINT('',(0.785,-0.435,0.63));
#3429 = VECTOR('',#3430,1.);
#3430 = DIRECTION('',(0.,1.,0.));
#3431 = ORIENTED_EDGE('',*,*,#3082,.T.);
#3432 = ORIENTED_EDGE('',*,*,#3338,.T.);
#3433 = ORIENTED_EDGE('',*,*,#3434,.T.);
#3434 = EDGE_CURVE('',#3339,#3425,#3435,.T.);
#3435 = LINE('',#3436,#3437);
#3436 = CARTESIAN_POINT('',(0.785,0.435,3.E-02));
#3437 = VECTOR('',#3438,1.);
#3438 = DIRECTION('',(0.,0.,1.));
#3439 = PLANE('',#3440);
#3440 = AXIS2_PLACEMENT_3D('',#3441,#3442,#3443);
#3441 = CARTESIAN_POINT('',(0.785,-0.435,3.E-02));
#3442 = DIRECTION('',(1.,0.,0.));
#3443 = DIRECTION('',(0.,0.,1.));
#3444 = ADVANCED_FACE('',(#3445,#3513),#3547,.T.);
#3445 = FACE_BOUND('',#3446,.T.);
#3446 = EDGE_LOOP('',(#3447,#3448,#3456,#3464,#3472,#3480,#3488,#3496,
    #3504,#3510,#3511,#3512));
#3447 = ORIENTED_EDGE('',*,*,#3424,.T.);
#3448 = ORIENTED_EDGE('',*,*,#3449,.F.);
#3449 = EDGE_CURVE('',#3450,#3425,#3452,.T.);
#3450 = VERTEX_POINT('',#3451);
#3451 = CARTESIAN_POINT('',(-0.785,0.435,0.63));
#3452 = LINE('',#3453,#3454);
#3453 = CARTESIAN_POINT('',(-0.785,0.435,0.63));
#3454 = VECTOR('',#3455,1.);
#3455 = DIRECTION('',(1.,0.,0.));
#3456 = ORIENTED_EDGE('',*,*,#3457,.F.);
#3457 = EDGE_CURVE('',#3458,#3450,#3460,.T.);
#3458 = VERTEX_POINT('',#3459);
#3459 = CARTESIAN_POINT('',(-0.785,0.35,0.63));
#3460 = LINE('',#3461,#3462);
#3461 = CARTESIAN_POINT('',(-0.785,-0.435,0.63));
#3462 = VECTOR('',#3463,1.);
#3463 = DIRECTION('',(0.,1.,0.));
#3464 = ORIENTED_EDGE('',*,*,#3465,.F.);
#3465 = EDGE_CURVE('',#3466,#3458,#3468,.T.);
#3466 = VERTEX_POINT('',#3467);
#3467 = CARTESIAN_POINT('',(-0.45,0.35,0.63));
#3468 = LINE('',#3469,#3470);
#3469 = CARTESIAN_POINT('',(-0.6175,0.35,0.63));
#3470 = VECTOR('',#3471,1.);
#3471 = DIRECTION('',(-1.,1.110223024625E-16,0.));
#3472 = ORIENTED_EDGE('',*,*,#3473,.T.);
#3473 = EDGE_CURVE('',#3466,#3474,#3476,.T.);
#3474 = VERTEX_POINT('',#3475);
#3475 = CARTESIAN_POINT('',(-0.45,-0.35,0.63));
#3476 = LINE('',#3477,#3478);
#3477 = CARTESIAN_POINT('',(-0.45,-0.3925,0.63));
#3478 = VECTOR('',#3479,1.);
#3479 = DIRECTION('',(-1.110223024625E-16,-1.,0.));
#3480 = ORIENTED_EDGE('',*,*,#3481,.T.);
#3481 = EDGE_CURVE('',#3474,#3482,#3484,.T.);
#3482 = VERTEX_POINT('',#3483);
#3483 = CARTESIAN_POINT('',(-0.785,-0.35,0.63));
#3484 = LINE('',#3485,#3486);
#3485 = CARTESIAN_POINT('',(-0.6175,-0.35,0.63));
#3486 = VECTOR('',#3487,1.);
#3487 = DIRECTION('',(-1.,1.110223024625E-16,0.));
#3488 = ORIENTED_EDGE('',*,*,#3489,.F.);
#3489 = EDGE_CURVE('',#3490,#3482,#3492,.T.);
#3490 = VERTEX_POINT('',#3491);
#3491 = CARTESIAN_POINT('',(-0.785,-0.435,0.63));
#3492 = LINE('',#3493,#3494);
#3493 = CARTESIAN_POINT('',(-0.785,-0.435,0.63));
#3494 = VECTOR('',#3495,1.);
#3495 = DIRECTION('',(0.,1.,0.));
#3496 = ORIENTED_EDGE('',*,*,#3497,.T.);
#3497 = EDGE_CURVE('',#3490,#3498,#3500,.T.);
#3498 = VERTEX_POINT('',#3499);
#3499 = CARTESIAN_POINT('',(0.785,-0.435,0.63));
#3500 = LINE('',#3501,#3502);
#3501 = CARTESIAN_POINT('',(-0.785,-0.435,0.63));
#3502 = VECTOR('',#3503,1.);
#3503 = DIRECTION('',(1.,0.,0.));
#3504 = ORIENTED_EDGE('',*,*,#3505,.T.);
#3505 = EDGE_CURVE('',#3498,#3300,#3506,.T.);
#3506 = LINE('',#3507,#3508);
#3507 = CARTESIAN_POINT('',(0.785,-0.435,0.63));
#3508 = VECTOR('',#3509,1.);
#3509 = DIRECTION('',(0.,1.,0.));
#3510 = ORIENTED_EDGE('',*,*,#3299,.F.);
#3511 = ORIENTED_EDGE('',*,*,#3321,.T.);
#3512 = ORIENTED_EDGE('',*,*,#3074,.T.);
#3513 = FACE_BOUND('',#3514,.T.);
#3514 = EDGE_LOOP('',(#3515,#3525,#3533,#3541));
#3515 = ORIENTED_EDGE('',*,*,#3516,.F.);
#3516 = EDGE_CURVE('',#3517,#3519,#3521,.T.);
#3517 = VERTEX_POINT('',#3518);
#3518 = CARTESIAN_POINT('',(-0.315,-0.42,0.63));
#3519 = VERTEX_POINT('',#3520);
#3520 = CARTESIAN_POINT('',(-0.315,0.42,0.63));
#3521 = LINE('',#3522,#3523);
#3522 = CARTESIAN_POINT('',(-0.315,-0.4275,0.63));
#3523 = VECTOR('',#3524,1.);
#3524 = DIRECTION('',(0.,1.,0.));
#3525 = ORIENTED_EDGE('',*,*,#3526,.T.);
#3526 = EDGE_CURVE('',#3517,#3527,#3529,.T.);
#3527 = VERTEX_POINT('',#3528);
#3528 = CARTESIAN_POINT('',(-0.435,-0.42,0.63));
#3529 = LINE('',#3530,#3531);
#3530 = CARTESIAN_POINT('',(-0.61,-0.42,0.63));
#3531 = VECTOR('',#3532,1.);
#3532 = DIRECTION('',(-1.,0.,0.));
#3533 = ORIENTED_EDGE('',*,*,#3534,.T.);
#3534 = EDGE_CURVE('',#3527,#3535,#3537,.T.);
#3535 = VERTEX_POINT('',#3536);
#3536 = CARTESIAN_POINT('',(-0.435,0.42,0.63));
#3537 = LINE('',#3538,#3539);
#3538 = CARTESIAN_POINT('',(-0.435,-0.4275,0.63));
#3539 = VECTOR('',#3540,1.);
#3540 = DIRECTION('',(0.,1.,0.));
#3541 = ORIENTED_EDGE('',*,*,#3542,.F.);
#3542 = EDGE_CURVE('',#3519,#3535,#3543,.T.);
#3543 = LINE('',#3544,#3545);
#3544 = CARTESIAN_POINT('',(-0.61,0.42,0.63));
#3545 = VECTOR('',#3546,1.);
#3546 = DIRECTION('',(-1.,0.,0.));
#3547 = PLANE('',#3548);
#3548 = AXIS2_PLACEMENT_3D('',#3549,#3550,#3551);
#3549 = CARTESIAN_POINT('',(-0.785,-0.435,0.63));
#3550 = DIRECTION('',(0.,0.,1.));
#3551 = DIRECTION('',(1.,0.,-0.));
#3552 = ADVANCED_FACE('',(#3553),#3564,.T.);
#3553 = FACE_BOUND('',#3554,.T.);
#3554 = EDGE_LOOP('',(#3555,#3556,#3562,#3563));
#3555 = ORIENTED_EDGE('',*,*,#3160,.F.);
#3556 = ORIENTED_EDGE('',*,*,#3557,.F.);
#3557 = EDGE_CURVE('',#3041,#3161,#3558,.T.);
#3558 = LINE('',#3559,#3560);
#3559 = CARTESIAN_POINT('',(0.8,0.35,3.E-02));
#3560 = VECTOR('',#3561,1.);
#3561 = DIRECTION('',(-2.22044604925E-16,-1.,0.));
#3562 = ORIENTED_EDGE('',*,*,#3049,.T.);
#3563 = ORIENTED_EDGE('',*,*,#3096,.T.);
#3564 = PLANE('',#3565);
#3565 = AXIS2_PLACEMENT_3D('',#3566,#3567,#3568);
#3566 = CARTESIAN_POINT('',(0.8,0.35,0.));
#3567 = DIRECTION('',(1.,-2.22044604925E-16,0.));
#3568 = DIRECTION('',(0.,0.,1.));
#3569 = ADVANCED_FACE('',(#3570),#3581,.T.);
#3570 = FACE_BOUND('',#3571,.T.);
#3571 = EDGE_LOOP('',(#3572,#3573,#3579,#3580));
#3572 = ORIENTED_EDGE('',*,*,#3168,.T.);
#3573 = ORIENTED_EDGE('',*,*,#3574,.F.);
#3574 = EDGE_CURVE('',#3033,#3169,#3575,.T.);
#3575 = LINE('',#3576,#3577);
#3576 = CARTESIAN_POINT('',(0.77,0.35,-3.469446951954E-18));
#3577 = VECTOR('',#3578,1.);
#3578 = DIRECTION('',(-2.22044604925E-16,-1.,0.));
#3579 = ORIENTED_EDGE('',*,*,#3040,.F.);
#3580 = ORIENTED_EDGE('',*,*,#3557,.T.);
#3581 = CYLINDRICAL_SURFACE('',#3582,3.E-02);
#3582 = AXIS2_PLACEMENT_3D('',#3583,#3584,#3585);
#3583 = CARTESIAN_POINT('',(0.77,0.35,3.E-02));
#3584 = DIRECTION('',(-2.22044604925E-16,-1.,0.));
#3585 = DIRECTION('',(1.,-2.22044604925E-16,0.));
#3586 = ADVANCED_FACE('',(#3587),#3605,.F.);
#3587 = FACE_BOUND('',#3588,.F.);
#3588 = EDGE_LOOP('',(#3589,#3590,#3596,#3597,#3603,#3604));
#3589 = ORIENTED_EDGE('',*,*,#3032,.F.);
#3590 = ORIENTED_EDGE('',*,*,#3591,.T.);
#3591 = EDGE_CURVE('',#3024,#3257,#3592,.T.);
#3592 = LINE('',#3593,#3594);
#3593 = CARTESIAN_POINT('',(0.48,0.35,-3.469446951954E-18));
#3594 = VECTOR('',#3595,1.);
#3595 = DIRECTION('',(-2.22044604925E-16,-1.,0.));
#3596 = ORIENTED_EDGE('',*,*,#3265,.T.);
#3597 = ORIENTED_EDGE('',*,*,#3598,.F.);
#3598 = EDGE_CURVE('',#3188,#3266,#3599,.T.);
#3599 = LINE('',#3600,#3601);
#3600 = CARTESIAN_POINT('',(0.77,0.35,-3.469446951954E-18));
#3601 = VECTOR('',#3602,1.);
#3602 = DIRECTION('',(-2.22044604925E-16,-1.,0.));
#3603 = ORIENTED_EDGE('',*,*,#3187,.F.);
#3604 = ORIENTED_EDGE('',*,*,#3574,.F.);
#3605 = PLANE('',#3606);
#3606 = AXIS2_PLACEMENT_3D('',#3607,#3608,#3609);
#3607 = CARTESIAN_POINT('',(0.45,0.35,0.));
#3608 = DIRECTION('',(0.,0.,1.));
#3609 = DIRECTION('',(-2.22044604925E-16,-1.,0.));
#3610 = ADVANCED_FACE('',(#3611),#3617,.T.);
#3611 = FACE_BOUND('',#3612,.T.);
#3612 = EDGE_LOOP('',(#3613,#3614,#3615,#3616));
#3613 = ORIENTED_EDGE('',*,*,#3023,.T.);
#3614 = ORIENTED_EDGE('',*,*,#3591,.T.);
#3615 = ORIENTED_EDGE('',*,*,#3256,.F.);
#3616 = ORIENTED_EDGE('',*,*,#3409,.T.);
#3617 = CYLINDRICAL_SURFACE('',#3618,3.E-02);
#3618 = AXIS2_PLACEMENT_3D('',#3619,#3620,#3621);
#3619 = CARTESIAN_POINT('',(0.48,0.35,3.E-02));
#3620 = DIRECTION('',(-2.22044604925E-16,-1.,0.));
#3621 = DIRECTION('',(-1.,2.22044604925E-16,0.));
#3622 = ADVANCED_FACE('',(#3623),#3634,.T.);
#3623 = FACE_BOUND('',#3624,.T.);
#3624 = EDGE_LOOP('',(#3625,#3626,#3632,#3633));
#3625 = ORIENTED_EDGE('',*,*,#3282,.F.);
#3626 = ORIENTED_EDGE('',*,*,#3627,.F.);
#3627 = EDGE_CURVE('',#3132,#3274,#3628,.T.);
#3628 = LINE('',#3629,#3630);
#3629 = CARTESIAN_POINT('',(0.8,0.35,3.E-02));
#3630 = VECTOR('',#3631,1.);
#3631 = DIRECTION('',(-2.22044604925E-16,-1.,0.));
#3632 = ORIENTED_EDGE('',*,*,#3131,.T.);
#3633 = ORIENTED_EDGE('',*,*,#3221,.T.);
#3634 = PLANE('',#3635);
#3635 = AXIS2_PLACEMENT_3D('',#3636,#3637,#3638);
#3636 = CARTESIAN_POINT('',(0.8,0.35,0.));
#3637 = DIRECTION('',(1.,-2.22044604925E-16,0.));
#3638 = DIRECTION('',(0.,0.,1.));
#3639 = ADVANCED_FACE('',(#3640),#3646,.T.);
#3640 = FACE_BOUND('',#3641,.T.);
#3641 = EDGE_LOOP('',(#3642,#3643,#3644,#3645));
#3642 = ORIENTED_EDGE('',*,*,#3273,.T.);
#3643 = ORIENTED_EDGE('',*,*,#3598,.F.);
#3644 = ORIENTED_EDGE('',*,*,#3196,.F.);
#3645 = ORIENTED_EDGE('',*,*,#3627,.T.);
#3646 = CYLINDRICAL_SURFACE('',#3647,3.E-02);
#3647 = AXIS2_PLACEMENT_3D('',#3648,#3649,#3650);
#3648 = CARTESIAN_POINT('',(0.77,0.35,3.E-02));
#3649 = DIRECTION('',(-2.22044604925E-16,-1.,0.));
#3650 = DIRECTION('',(1.,-2.22044604925E-16,0.));
#3651 = ADVANCED_FACE('',(#3652),#3663,.T.);
#3652 = FACE_BOUND('',#3653,.T.);
#3653 = EDGE_LOOP('',(#3654,#3655,#3661,#3662));
#3654 = ORIENTED_EDGE('',*,*,#3505,.F.);
#3655 = ORIENTED_EDGE('',*,*,#3656,.F.);
#3656 = EDGE_CURVE('',#3395,#3498,#3657,.T.);
#3657 = LINE('',#3658,#3659);
#3658 = CARTESIAN_POINT('',(0.785,-0.435,3.E-02));
#3659 = VECTOR('',#3660,1.);
#3660 = DIRECTION('',(0.,0.,1.));
#3661 = ORIENTED_EDGE('',*,*,#3402,.T.);
#3662 = ORIENTED_EDGE('',*,*,#3307,.F.);
#3663 = PLANE('',#3664);
#3664 = AXIS2_PLACEMENT_3D('',#3665,#3666,#3667);
#3665 = CARTESIAN_POINT('',(0.785,-0.435,3.E-02));
#3666 = DIRECTION('',(1.,0.,0.));
#3667 = DIRECTION('',(0.,0.,1.));
#3668 = ADVANCED_FACE('',(#3669),#3680,.T.);
#3669 = FACE_BOUND('',#3670,.T.);
#3670 = EDGE_LOOP('',(#3671,#3672,#3678,#3679));
#3671 = ORIENTED_EDGE('',*,*,#3346,.F.);
#3672 = ORIENTED_EDGE('',*,*,#3673,.T.);
#3673 = EDGE_CURVE('',#3347,#3450,#3674,.T.);
#3674 = LINE('',#3675,#3676);
#3675 = CARTESIAN_POINT('',(-0.785,0.435,3.E-02));
#3676 = VECTOR('',#3677,1.);
#3677 = DIRECTION('',(0.,0.,1.));
#3678 = ORIENTED_EDGE('',*,*,#3449,.T.);
#3679 = ORIENTED_EDGE('',*,*,#3434,.F.);
#3680 = PLANE('',#3681);
#3681 = AXIS2_PLACEMENT_3D('',#3682,#3683,#3684);
#3682 = CARTESIAN_POINT('',(-0.785,0.435,3.E-02));
#3683 = DIRECTION('',(0.,1.,0.));
#3684 = DIRECTION('',(0.,-0.,1.));
#3685 = ADVANCED_FACE('',(#3686),#3697,.F.);
#3686 = FACE_BOUND('',#3687,.F.);
#3687 = EDGE_LOOP('',(#3688,#3689,#3695,#3696));
#3688 = ORIENTED_EDGE('',*,*,#3457,.F.);
#3689 = ORIENTED_EDGE('',*,*,#3690,.F.);
#3690 = EDGE_CURVE('',#3355,#3458,#3691,.T.);
#3691 = LINE('',#3692,#3693);
#3692 = CARTESIAN_POINT('',(-0.785,0.35,1.5E-02));
#3693 = VECTOR('',#3694,1.);
#3694 = DIRECTION('',(0.,0.,1.));
#3695 = ORIENTED_EDGE('',*,*,#3354,.T.);
#3696 = ORIENTED_EDGE('',*,*,#3673,.T.);
#3697 = PLANE('',#3698);
#3698 = AXIS2_PLACEMENT_3D('',#3699,#3700,#3701);
#3699 = CARTESIAN_POINT('',(-0.785,-0.435,3.E-02));
#3700 = DIRECTION('',(1.,0.,0.));
#3701 = DIRECTION('',(0.,0.,1.));
#3702 = ADVANCED_FACE('',(#3703),#3766,.T.);
#3703 = FACE_BOUND('',#3704,.T.);
#3704 = EDGE_LOOP('',(#3705,#3706,#3715,#3723,#3732,#3740,#3749,#3757,
    #3764,#3765));
#3705 = ORIENTED_EDGE('',*,*,#3362,.F.);
#3706 = ORIENTED_EDGE('',*,*,#3707,.T.);
#3707 = EDGE_CURVE('',#3363,#3708,#3710,.T.);
#3708 = VERTEX_POINT('',#3709);
#3709 = CARTESIAN_POINT('',(-0.48,0.35,-3.469446951954E-18));
#3710 = CIRCLE('',#3711,3.E-02);
#3711 = AXIS2_PLACEMENT_3D('',#3712,#3713,#3714);
#3712 = CARTESIAN_POINT('',(-0.48,0.35,3.E-02));
#3713 = DIRECTION('',(1.110223024625E-16,1.,-0.));
#3714 = DIRECTION('',(0.,0.,1.));
#3715 = ORIENTED_EDGE('',*,*,#3716,.T.);
#3716 = EDGE_CURVE('',#3708,#3717,#3719,.T.);
#3717 = VERTEX_POINT('',#3718);
#3718 = CARTESIAN_POINT('',(-0.77,0.35,-3.469446951954E-18));
#3719 = LINE('',#3720,#3721);
#3720 = CARTESIAN_POINT('',(-0.45,0.35,0.));
#3721 = VECTOR('',#3722,1.);
#3722 = DIRECTION('',(-1.,1.110223024625E-16,0.));
#3723 = ORIENTED_EDGE('',*,*,#3724,.F.);
#3724 = EDGE_CURVE('',#3725,#3717,#3727,.T.);
#3725 = VERTEX_POINT('',#3726);
#3726 = CARTESIAN_POINT('',(-0.8,0.35,3.E-02));
#3727 = CIRCLE('',#3728,3.E-02);
#3728 = AXIS2_PLACEMENT_3D('',#3729,#3730,#3731);
#3729 = CARTESIAN_POINT('',(-0.77,0.35,3.E-02));
#3730 = DIRECTION('',(-1.110223024625E-16,-1.,0.));
#3731 = DIRECTION('',(0.,0.,1.));
#3732 = ORIENTED_EDGE('',*,*,#3733,.T.);
#3733 = EDGE_CURVE('',#3725,#3734,#3736,.T.);
#3734 = VERTEX_POINT('',#3735);
#3735 = CARTESIAN_POINT('',(-0.8,0.35,0.63));
#3736 = LINE('',#3737,#3738);
#3737 = CARTESIAN_POINT('',(-0.8,0.35,0.));
#3738 = VECTOR('',#3739,1.);
#3739 = DIRECTION('',(0.,0.,1.));
#3740 = ORIENTED_EDGE('',*,*,#3741,.T.);
#3741 = EDGE_CURVE('',#3734,#3742,#3744,.T.);
#3742 = VERTEX_POINT('',#3743);
#3743 = CARTESIAN_POINT('',(-0.77,0.35,0.66));
#3744 = CIRCLE('',#3745,3.E-02);
#3745 = AXIS2_PLACEMENT_3D('',#3746,#3747,#3748);
#3746 = CARTESIAN_POINT('',(-0.77,0.35,0.63));
#3747 = DIRECTION('',(1.110223024625E-16,1.,-0.));
#3748 = DIRECTION('',(0.,0.,1.));
#3749 = ORIENTED_EDGE('',*,*,#3750,.F.);
#3750 = EDGE_CURVE('',#3751,#3742,#3753,.T.);
#3751 = VERTEX_POINT('',#3752);
#3752 = CARTESIAN_POINT('',(-0.48,0.35,0.66));
#3753 = LINE('',#3754,#3755);
#3754 = CARTESIAN_POINT('',(-0.45,0.35,0.66));
#3755 = VECTOR('',#3756,1.);
#3756 = DIRECTION('',(-1.,1.110223024625E-16,0.));
#3757 = ORIENTED_EDGE('',*,*,#3758,.F.);
#3758 = EDGE_CURVE('',#3466,#3751,#3759,.T.);
#3759 = CIRCLE('',#3760,3.E-02);
#3760 = AXIS2_PLACEMENT_3D('',#3761,#3762,#3763);
#3761 = CARTESIAN_POINT('',(-0.48,0.35,0.63));
#3762 = DIRECTION('',(-1.110223024625E-16,-1.,0.));
#3763 = DIRECTION('',(0.,0.,1.));
#3764 = ORIENTED_EDGE('',*,*,#3465,.T.);
#3765 = ORIENTED_EDGE('',*,*,#3690,.F.);
#3766 = PLANE('',#3767);
#3767 = AXIS2_PLACEMENT_3D('',#3768,#3769,#3770);
#3768 = CARTESIAN_POINT('',(-0.45,0.35,0.));
#3769 = DIRECTION('',(1.110223024625E-16,1.,0.));
#3770 = DIRECTION('',(0.,-0.,1.));
#3771 = ADVANCED_FACE('',(#3772),#3791,.T.);
#3772 = FACE_BOUND('',#3773,.T.);
#3773 = EDGE_LOOP('',(#3774,#3783,#3789,#3790));
#3774 = ORIENTED_EDGE('',*,*,#3775,.T.);
#3775 = EDGE_CURVE('',#3371,#3776,#3778,.T.);
#3776 = VERTEX_POINT('',#3777);
#3777 = CARTESIAN_POINT('',(-0.48,-0.35,-3.469446951954E-18));
#3778 = CIRCLE('',#3779,3.E-02);
#3779 = AXIS2_PLACEMENT_3D('',#3780,#3781,#3782);
#3780 = CARTESIAN_POINT('',(-0.48,-0.35,3.E-02));
#3781 = DIRECTION('',(1.110223024625E-16,1.,-0.));
#3782 = DIRECTION('',(0.,0.,1.));
#3783 = ORIENTED_EDGE('',*,*,#3784,.T.);
#3784 = EDGE_CURVE('',#3776,#3708,#3785,.T.);
#3785 = LINE('',#3786,#3787);
#3786 = CARTESIAN_POINT('',(-0.48,-0.35,-3.469446951954E-18));
#3787 = VECTOR('',#3788,1.);
#3788 = DIRECTION('',(1.110223024625E-16,1.,0.));
#3789 = ORIENTED_EDGE('',*,*,#3707,.F.);
#3790 = ORIENTED_EDGE('',*,*,#3370,.T.);
#3791 = CYLINDRICAL_SURFACE('',#3792,3.E-02);
#3792 = AXIS2_PLACEMENT_3D('',#3793,#3794,#3795);
#3793 = CARTESIAN_POINT('',(-0.48,-0.35,3.E-02));
#3794 = DIRECTION('',(1.110223024625E-16,1.,0.));
#3795 = DIRECTION('',(1.,-1.110223024625E-16,0.));
#3796 = ADVANCED_FACE('',(#3797),#3808,.F.);
#3797 = FACE_BOUND('',#3798,.F.);
#3798 = EDGE_LOOP('',(#3799,#3800,#3806,#3807));
#3799 = ORIENTED_EDGE('',*,*,#3394,.F.);
#3800 = ORIENTED_EDGE('',*,*,#3801,.T.);
#3801 = EDGE_CURVE('',#3387,#3490,#3802,.T.);
#3802 = LINE('',#3803,#3804);
#3803 = CARTESIAN_POINT('',(-0.785,-0.435,3.E-02));
#3804 = VECTOR('',#3805,1.);
#3805 = DIRECTION('',(0.,0.,1.));
#3806 = ORIENTED_EDGE('',*,*,#3497,.T.);
#3807 = ORIENTED_EDGE('',*,*,#3656,.F.);
#3808 = PLANE('',#3809);
#3809 = AXIS2_PLACEMENT_3D('',#3810,#3811,#3812);
#3810 = CARTESIAN_POINT('',(-0.785,-0.435,3.E-02));
#3811 = DIRECTION('',(0.,1.,0.));
#3812 = DIRECTION('',(0.,-0.,1.));
#3813 = ADVANCED_FACE('',(#3814),#3874,.F.);
#3814 = FACE_BOUND('',#3815,.F.);
#3815 = EDGE_LOOP('',(#3816,#3817,#3818,#3826,#3835,#3843,#3852,#3860,
    #3867,#3868));
#3816 = ORIENTED_EDGE('',*,*,#3378,.F.);
#3817 = ORIENTED_EDGE('',*,*,#3775,.T.);
#3818 = ORIENTED_EDGE('',*,*,#3819,.T.);
#3819 = EDGE_CURVE('',#3776,#3820,#3822,.T.);
#3820 = VERTEX_POINT('',#3821);
#3821 = CARTESIAN_POINT('',(-0.77,-0.35,-3.469446951954E-18));
#3822 = LINE('',#3823,#3824);
#3823 = CARTESIAN_POINT('',(-0.45,-0.35,0.));
#3824 = VECTOR('',#3825,1.);
#3825 = DIRECTION('',(-1.,1.110223024625E-16,0.));
#3826 = ORIENTED_EDGE('',*,*,#3827,.F.);
#3827 = EDGE_CURVE('',#3828,#3820,#3830,.T.);
#3828 = VERTEX_POINT('',#3829);
#3829 = CARTESIAN_POINT('',(-0.8,-0.35,3.E-02));
#3830 = CIRCLE('',#3831,3.E-02);
#3831 = AXIS2_PLACEMENT_3D('',#3832,#3833,#3834);
#3832 = CARTESIAN_POINT('',(-0.77,-0.35,3.E-02));
#3833 = DIRECTION('',(-1.110223024625E-16,-1.,0.));
#3834 = DIRECTION('',(0.,0.,1.));
#3835 = ORIENTED_EDGE('',*,*,#3836,.T.);
#3836 = EDGE_CURVE('',#3828,#3837,#3839,.T.);
#3837 = VERTEX_POINT('',#3838);
#3838 = CARTESIAN_POINT('',(-0.8,-0.35,0.63));
#3839 = LINE('',#3840,#3841);
#3840 = CARTESIAN_POINT('',(-0.8,-0.35,0.));
#3841 = VECTOR('',#3842,1.);
#3842 = DIRECTION('',(0.,0.,1.));
#3843 = ORIENTED_EDGE('',*,*,#3844,.T.);
#3844 = EDGE_CURVE('',#3837,#3845,#3847,.T.);
#3845 = VERTEX_POINT('',#3846);
#3846 = CARTESIAN_POINT('',(-0.77,-0.35,0.66));
#3847 = CIRCLE('',#3848,3.E-02);
#3848 = AXIS2_PLACEMENT_3D('',#3849,#3850,#3851);
#3849 = CARTESIAN_POINT('',(-0.77,-0.35,0.63));
#3850 = DIRECTION('',(1.110223024625E-16,1.,-0.));
#3851 = DIRECTION('',(0.,0.,1.));
#3852 = ORIENTED_EDGE('',*,*,#3853,.F.);
#3853 = EDGE_CURVE('',#3854,#3845,#3856,.T.);
#3854 = VERTEX_POINT('',#3855);
#3855 = CARTESIAN_POINT('',(-0.48,-0.35,0.66));
#3856 = LINE('',#3857,#3858);
#3857 = CARTESIAN_POINT('',(-0.45,-0.35,0.66));
#3858 = VECTOR('',#3859,1.);
#3859 = DIRECTION('',(-1.,1.110223024625E-16,0.));
#3860 = ORIENTED_EDGE('',*,*,#3861,.F.);
#3861 = EDGE_CURVE('',#3474,#3854,#3862,.T.);
#3862 = CIRCLE('',#3863,3.E-02);
#3863 = AXIS2_PLACEMENT_3D('',#3864,#3865,#3866);
#3864 = CARTESIAN_POINT('',(-0.48,-0.35,0.63));
#3865 = DIRECTION('',(-1.110223024625E-16,-1.,0.));
#3866 = DIRECTION('',(0.,0.,1.));
#3867 = ORIENTED_EDGE('',*,*,#3481,.T.);
#3868 = ORIENTED_EDGE('',*,*,#3869,.F.);
#3869 = EDGE_CURVE('',#3379,#3482,#3870,.T.);
#3870 = LINE('',#3871,#3872);
#3871 = CARTESIAN_POINT('',(-0.785,-0.35,1.5E-02));
#3872 = VECTOR('',#3873,1.);
#3873 = DIRECTION('',(0.,0.,1.));
#3874 = PLANE('',#3875);
#3875 = AXIS2_PLACEMENT_3D('',#3876,#3877,#3878);
#3876 = CARTESIAN_POINT('',(-0.45,-0.35,0.));
#3877 = DIRECTION('',(1.110223024625E-16,1.,0.));
#3878 = DIRECTION('',(0.,-0.,1.));
#3879 = ADVANCED_FACE('',(#3880),#3886,.F.);
#3880 = FACE_BOUND('',#3881,.F.);
#3881 = EDGE_LOOP('',(#3882,#3883,#3884,#3885));
#3882 = ORIENTED_EDGE('',*,*,#3489,.F.);
#3883 = ORIENTED_EDGE('',*,*,#3801,.F.);
#3884 = ORIENTED_EDGE('',*,*,#3386,.T.);
#3885 = ORIENTED_EDGE('',*,*,#3869,.T.);
#3886 = PLANE('',#3887);
#3887 = AXIS2_PLACEMENT_3D('',#3888,#3889,#3890);
#3888 = CARTESIAN_POINT('',(-0.785,-0.435,3.E-02));
#3889 = DIRECTION('',(1.,0.,0.));
#3890 = DIRECTION('',(0.,0.,1.));
#3891 = ADVANCED_FACE('',(#3892),#3903,.T.);
#3892 = FACE_BOUND('',#3893,.T.);
#3893 = EDGE_LOOP('',(#3894,#3895,#3896,#3902));
#3894 = ORIENTED_EDGE('',*,*,#3473,.F.);
#3895 = ORIENTED_EDGE('',*,*,#3758,.T.);
#3896 = ORIENTED_EDGE('',*,*,#3897,.F.);
#3897 = EDGE_CURVE('',#3854,#3751,#3898,.T.);
#3898 = LINE('',#3899,#3900);
#3899 = CARTESIAN_POINT('',(-0.48,-0.35,0.66));
#3900 = VECTOR('',#3901,1.);
#3901 = DIRECTION('',(1.110223024625E-16,1.,0.));
#3902 = ORIENTED_EDGE('',*,*,#3861,.F.);
#3903 = CYLINDRICAL_SURFACE('',#3904,3.E-02);
#3904 = AXIS2_PLACEMENT_3D('',#3905,#3906,#3907);
#3905 = CARTESIAN_POINT('',(-0.48,-0.35,0.63));
#3906 = DIRECTION('',(1.110223024625E-16,1.,0.));
#3907 = DIRECTION('',(1.,-1.110223024625E-16,0.));
#3908 = ADVANCED_FACE('',(#3909),#3934,.F.);
#3909 = FACE_BOUND('',#3910,.F.);
#3910 = EDGE_LOOP('',(#3911,#3919,#3927,#3933));
#3911 = ORIENTED_EDGE('',*,*,#3912,.F.);
#3912 = EDGE_CURVE('',#3913,#3517,#3915,.T.);
#3913 = VERTEX_POINT('',#3914);
#3914 = CARTESIAN_POINT('',(-0.315,-0.42,0.62));
#3915 = LINE('',#3916,#3917);
#3916 = CARTESIAN_POINT('',(-0.315,-0.42,0.62));
#3917 = VECTOR('',#3918,1.);
#3918 = DIRECTION('',(0.,0.,1.));
#3919 = ORIENTED_EDGE('',*,*,#3920,.T.);
#3920 = EDGE_CURVE('',#3913,#3921,#3923,.T.);
#3921 = VERTEX_POINT('',#3922);
#3922 = CARTESIAN_POINT('',(-0.315,0.42,0.62));
#3923 = LINE('',#3924,#3925);
#3924 = CARTESIAN_POINT('',(-0.315,-0.42,0.62));
#3925 = VECTOR('',#3926,1.);
#3926 = DIRECTION('',(0.,1.,0.));
#3927 = ORIENTED_EDGE('',*,*,#3928,.T.);
#3928 = EDGE_CURVE('',#3921,#3519,#3929,.T.);
#3929 = LINE('',#3930,#3931);
#3930 = CARTESIAN_POINT('',(-0.315,0.42,0.62));
#3931 = VECTOR('',#3932,1.);
#3932 = DIRECTION('',(0.,0.,1.));
#3933 = ORIENTED_EDGE('',*,*,#3516,.F.);
#3934 = PLANE('',#3935);
#3935 = AXIS2_PLACEMENT_3D('',#3936,#3937,#3938);
#3936 = CARTESIAN_POINT('',(-0.315,-0.42,0.62));
#3937 = DIRECTION('',(1.,0.,0.));
#3938 = DIRECTION('',(0.,0.,1.));
#3939 = ADVANCED_FACE('',(#3940),#3958,.T.);
#3940 = FACE_BOUND('',#3941,.T.);
#3941 = EDGE_LOOP('',(#3942,#3943,#3951,#3957));
#3942 = ORIENTED_EDGE('',*,*,#3912,.F.);
#3943 = ORIENTED_EDGE('',*,*,#3944,.F.);
#3944 = EDGE_CURVE('',#3945,#3913,#3947,.T.);
#3945 = VERTEX_POINT('',#3946);
#3946 = CARTESIAN_POINT('',(-0.435,-0.42,0.62));
#3947 = LINE('',#3948,#3949);
#3948 = CARTESIAN_POINT('',(-0.435,-0.42,0.62));
#3949 = VECTOR('',#3950,1.);
#3950 = DIRECTION('',(1.,0.,0.));
#3951 = ORIENTED_EDGE('',*,*,#3952,.T.);
#3952 = EDGE_CURVE('',#3945,#3527,#3953,.T.);
#3953 = LINE('',#3954,#3955);
#3954 = CARTESIAN_POINT('',(-0.435,-0.42,0.62));
#3955 = VECTOR('',#3956,1.);
#3956 = DIRECTION('',(0.,0.,1.));
#3957 = ORIENTED_EDGE('',*,*,#3526,.F.);
#3958 = PLANE('',#3959);
#3959 = AXIS2_PLACEMENT_3D('',#3960,#3961,#3962);
#3960 = CARTESIAN_POINT('',(-0.435,-0.42,0.62));
#3961 = DIRECTION('',(0.,1.,0.));
#3962 = DIRECTION('',(0.,-0.,1.));
#3963 = ADVANCED_FACE('',(#3964),#3982,.F.);
#3964 = FACE_BOUND('',#3965,.F.);
#3965 = EDGE_LOOP('',(#3966,#3967,#3975,#3981));
#3966 = ORIENTED_EDGE('',*,*,#3928,.F.);
#3967 = ORIENTED_EDGE('',*,*,#3968,.F.);
#3968 = EDGE_CURVE('',#3969,#3921,#3971,.T.);
#3969 = VERTEX_POINT('',#3970);
#3970 = CARTESIAN_POINT('',(-0.435,0.42,0.62));
#3971 = LINE('',#3972,#3973);
#3972 = CARTESIAN_POINT('',(-0.435,0.42,0.62));
#3973 = VECTOR('',#3974,1.);
#3974 = DIRECTION('',(1.,0.,0.));
#3975 = ORIENTED_EDGE('',*,*,#3976,.T.);
#3976 = EDGE_CURVE('',#3969,#3535,#3977,.T.);
#3977 = LINE('',#3978,#3979);
#3978 = CARTESIAN_POINT('',(-0.435,0.42,0.62));
#3979 = VECTOR('',#3980,1.);
#3980 = DIRECTION('',(0.,0.,1.));
#3981 = ORIENTED_EDGE('',*,*,#3542,.F.);
#3982 = PLANE('',#3983);
#3983 = AXIS2_PLACEMENT_3D('',#3984,#3985,#3986);
#3984 = CARTESIAN_POINT('',(-0.435,0.42,0.62));
#3985 = DIRECTION('',(0.,1.,0.));
#3986 = DIRECTION('',(0.,-0.,1.));
#3987 = ADVANCED_FACE('',(#3988),#3999,.T.);
#3988 = FACE_BOUND('',#3989,.T.);
#3989 = EDGE_LOOP('',(#3990,#3991,#3997,#3998));
#3990 = ORIENTED_EDGE('',*,*,#3952,.F.);
#3991 = ORIENTED_EDGE('',*,*,#3992,.T.);
#3992 = EDGE_CURVE('',#3945,#3969,#3993,.T.);
#3993 = LINE('',#3994,#3995);
#3994 = CARTESIAN_POINT('',(-0.435,-0.42,0.62));
#3995 = VECTOR('',#3996,1.);
#3996 = DIRECTION('',(0.,1.,0.));
#3997 = ORIENTED_EDGE('',*,*,#3976,.T.);
#3998 = ORIENTED_EDGE('',*,*,#3534,.F.);
#3999 = PLANE('',#4000);
#4000 = AXIS2_PLACEMENT_3D('',#4001,#4002,#4003);
#4001 = CARTESIAN_POINT('',(-0.435,-0.42,0.62));
#4002 = DIRECTION('',(1.,0.,0.));
#4003 = DIRECTION('',(0.,0.,1.));
#4004 = ADVANCED_FACE('',(#4005),#4033,.T.);
#4005 = FACE_BOUND('',#4006,.T.);
#4006 = EDGE_LOOP('',(#4007,#4008,#4009,#4010,#4018,#4027));
#4007 = ORIENTED_EDGE('',*,*,#3853,.F.);
#4008 = ORIENTED_EDGE('',*,*,#3897,.T.);
#4009 = ORIENTED_EDGE('',*,*,#3750,.T.);
#4010 = ORIENTED_EDGE('',*,*,#4011,.F.);
#4011 = EDGE_CURVE('',#4012,#3742,#4014,.T.);
#4012 = VERTEX_POINT('',#4013);
#4013 = CARTESIAN_POINT('',(-0.77,0.21,0.66));
#4014 = LINE('',#4015,#4016);
#4015 = CARTESIAN_POINT('',(-0.77,-0.35,0.66));
#4016 = VECTOR('',#4017,1.);
#4017 = DIRECTION('',(1.110223024625E-16,1.,0.));
#4018 = ORIENTED_EDGE('',*,*,#4019,.F.);
#4019 = EDGE_CURVE('',#4020,#4012,#4022,.T.);
#4020 = VERTEX_POINT('',#4021);
#4021 = CARTESIAN_POINT('',(-0.77,-0.21,0.66));
#4022 = CIRCLE('',#4023,0.21);
#4023 = AXIS2_PLACEMENT_3D('',#4024,#4025,#4026);
#4024 = CARTESIAN_POINT('',(-0.77,9.936496070395E-17,0.66));
#4025 = DIRECTION('',(0.,-0.,1.));
#4026 = DIRECTION('',(1.110223024625E-16,1.,0.));
#4027 = ORIENTED_EDGE('',*,*,#4028,.F.);
#4028 = EDGE_CURVE('',#3845,#4020,#4029,.T.);
#4029 = LINE('',#4030,#4031);
#4030 = CARTESIAN_POINT('',(-0.77,-0.35,0.66));
#4031 = VECTOR('',#4032,1.);
#4032 = DIRECTION('',(1.110223024625E-16,1.,0.));
#4033 = PLANE('',#4034);
#4034 = AXIS2_PLACEMENT_3D('',#4035,#4036,#4037);
#4035 = CARTESIAN_POINT('',(-0.45,-0.35,0.66));
#4036 = DIRECTION('',(0.,0.,1.));
#4037 = DIRECTION('',(1.110223024625E-16,1.,-0.));
#4038 = ADVANCED_FACE('',(#4039),#4068,.T.);
#4039 = FACE_BOUND('',#4040,.T.);
#4040 = EDGE_LOOP('',(#4041,#4049,#4066,#4067));
#4041 = ORIENTED_EDGE('',*,*,#4042,.F.);
#4042 = EDGE_CURVE('',#4043,#3734,#4045,.T.);
#4043 = VERTEX_POINT('',#4044);
#4044 = CARTESIAN_POINT('',(-0.8,0.207846096908,0.63));
#4045 = LINE('',#4046,#4047);
#4046 = CARTESIAN_POINT('',(-0.8,-0.35,0.63));
#4047 = VECTOR('',#4048,1.);
#4048 = DIRECTION('',(1.110223024625E-16,1.,0.));
#4049 = ORIENTED_EDGE('',*,*,#4050,.T.);
#4050 = EDGE_CURVE('',#4043,#4012,#4051,.T.);
#4051 = B_SPLINE_CURVE_WITH_KNOTS('',7,(#4052,#4053,#4054,#4055,#4056,
    #4057,#4058,#4059,#4060,#4061,#4062,#4063,#4064,#4065),
  .UNSPECIFIED.,.F.,.F.,(8,6,8),(0.,0.874463336087,1.),.UNSPECIFIED.);
#4052 = CARTESIAN_POINT('',(-0.8,0.207846096908,0.63));
#4053 = CARTESIAN_POINT('',(-0.8,0.207846096908,0.636345841059));
#4054 = CARTESIAN_POINT('',(-0.798433952319,0.208072144873,
    0.642469507615));
#4055 = CARTESIAN_POINT('',(-0.795499279423,0.208495687659,0.64798381764
    ));
#4056 = CARTESIAN_POINT('',(-0.791441116875,0.209005633614,
    0.652610174938));
#4057 = CARTESIAN_POINT('',(-0.786545018706,0.209461860626,0.65612783499
    ));
#4058 = CARTESIAN_POINT('',(-0.78115642072,0.209776529343,0.658412763373
    ));
#4059 = CARTESIAN_POINT('',(-0.774826845706,0.20994602495,0.659620194383
    ));
#4060 = CARTESIAN_POINT('',(-0.774028016437,0.209963905022,
    0.659746673217));
#4061 = CARTESIAN_POINT('',(-0.773225799574,0.209978298237,
    0.659847954909));
#4062 = CARTESIAN_POINT('',(-0.772421042633,0.209989137801,0.65992396526
    ));
#4063 = CARTESIAN_POINT('',(-0.771614592695,0.209996379145,
    0.659974654986));
#4064 = CARTESIAN_POINT('',(-0.770807296411,0.209999999919,
    0.659999999717));
#4065 = CARTESIAN_POINT('',(-0.77,0.21,0.66));
#4066 = ORIENTED_EDGE('',*,*,#4011,.T.);
#4067 = ORIENTED_EDGE('',*,*,#3741,.F.);
#4068 = CYLINDRICAL_SURFACE('',#4069,3.E-02);
#4069 = AXIS2_PLACEMENT_3D('',#4070,#4071,#4072);
#4070 = CARTESIAN_POINT('',(-0.77,-0.35,0.63));
#4071 = DIRECTION('',(1.110223024625E-16,1.,0.));
#4072 = DIRECTION('',(-1.,1.110223024625E-16,0.));
#4073 = ADVANCED_FACE('',(#4074),#4092,.T.);
#4074 = FACE_BOUND('',#4075,.T.);
#4075 = EDGE_LOOP('',(#4076,#4077,#4085,#4091));
#4076 = ORIENTED_EDGE('',*,*,#3733,.F.);
#4077 = ORIENTED_EDGE('',*,*,#4078,.F.);
#4078 = EDGE_CURVE('',#4079,#3725,#4081,.T.);
#4079 = VERTEX_POINT('',#4080);
#4080 = CARTESIAN_POINT('',(-0.8,0.207846096908,3.E-02));
#4081 = LINE('',#4082,#4083);
#4082 = CARTESIAN_POINT('',(-0.8,-0.35,3.E-02));
#4083 = VECTOR('',#4084,1.);
#4084 = DIRECTION('',(1.110223024625E-16,1.,0.));
#4085 = ORIENTED_EDGE('',*,*,#4086,.T.);
#4086 = EDGE_CURVE('',#4079,#4043,#4087,.T.);
#4087 = LINE('',#4088,#4089);
#4088 = CARTESIAN_POINT('',(-0.8,0.207846096908,0.66));
#4089 = VECTOR('',#4090,1.);
#4090 = DIRECTION('',(0.,0.,1.));
#4091 = ORIENTED_EDGE('',*,*,#4042,.T.);
#4092 = PLANE('',#4093);
#4093 = AXIS2_PLACEMENT_3D('',#4094,#4095,#4096);
#4094 = CARTESIAN_POINT('',(-0.8,-0.35,0.));
#4095 = DIRECTION('',(-1.,1.110223024625E-16,0.));
#4096 = DIRECTION('',(0.,0.,1.));
#4097 = ADVANCED_FACE('',(#4098),#4127,.T.);
#4098 = FACE_BOUND('',#4099,.T.);
#4099 = EDGE_LOOP('',(#4100,#4101,#4109,#4126));
#4100 = ORIENTED_EDGE('',*,*,#3724,.T.);
#4101 = ORIENTED_EDGE('',*,*,#4102,.F.);
#4102 = EDGE_CURVE('',#4103,#3717,#4105,.T.);
#4103 = VERTEX_POINT('',#4104);
#4104 = CARTESIAN_POINT('',(-0.77,0.21,-1.734723475977E-18));
#4105 = LINE('',#4106,#4107);
#4106 = CARTESIAN_POINT('',(-0.77,-0.35,-3.469446951954E-18));
#4107 = VECTOR('',#4108,1.);
#4108 = DIRECTION('',(1.110223024625E-16,1.,0.));
#4109 = ORIENTED_EDGE('',*,*,#4110,.F.);
#4110 = EDGE_CURVE('',#4079,#4103,#4111,.T.);
#4111 = B_SPLINE_CURVE_WITH_KNOTS('',7,(#4112,#4113,#4114,#4115,#4116,
    #4117,#4118,#4119,#4120,#4121,#4122,#4123,#4124,#4125),
  .UNSPECIFIED.,.F.,.F.,(8,6,8),(0.,0.874463336086,1.),.UNSPECIFIED.);
#4112 = CARTESIAN_POINT('',(-0.8,0.207846096908,3.E-02));
#4113 = CARTESIAN_POINT('',(-0.8,0.207846096908,2.365415894153E-02));
#4114 = CARTESIAN_POINT('',(-0.798433952319,0.208072144873,
    1.753049238527E-02));
#4115 = CARTESIAN_POINT('',(-0.795499279423,0.208495687659,
    1.201618235995E-02));
#4116 = CARTESIAN_POINT('',(-0.791441116875,0.209005633614,
    7.389825062537E-03));
#4117 = CARTESIAN_POINT('',(-0.786545018706,0.209461860626,
    3.872165010374E-03));
#4118 = CARTESIAN_POINT('',(-0.78115642072,0.209776529343,
    1.587236626821E-03));
#4119 = CARTESIAN_POINT('',(-0.774826845706,0.20994602495,
    3.798056172976E-04));
#4120 = CARTESIAN_POINT('',(-0.774028016437,0.209963905022,
    2.533267834389E-04));
#4121 = CARTESIAN_POINT('',(-0.773225799574,0.209978298237,
    1.520450911262E-04));
#4122 = CARTESIAN_POINT('',(-0.772421042633,0.209989137801,
    7.603473981997E-05));
#4123 = CARTESIAN_POINT('',(-0.771614592695,0.209996379145,
    2.534501387762E-05));
#4124 = CARTESIAN_POINT('',(-0.770807296411,0.209999999919,
    2.825537414566E-10));
#4125 = CARTESIAN_POINT('',(-0.77,0.21,-1.734723475977E-18));
#4126 = ORIENTED_EDGE('',*,*,#4078,.T.);
#4127 = CYLINDRICAL_SURFACE('',#4128,3.E-02);
#4128 = AXIS2_PLACEMENT_3D('',#4129,#4130,#4131);
#4129 = CARTESIAN_POINT('',(-0.77,-0.35,3.E-02));
#4130 = DIRECTION('',(1.110223024625E-16,1.,0.));
#4131 = DIRECTION('',(-1.,1.110223024625E-16,0.));
#4132 = ADVANCED_FACE('',(#4133),#4154,.F.);
#4133 = FACE_BOUND('',#4134,.F.);
#4134 = EDGE_LOOP('',(#4135,#4136,#4137,#4138,#4139,#4148));
#4135 = ORIENTED_EDGE('',*,*,#3819,.F.);
#4136 = ORIENTED_EDGE('',*,*,#3784,.T.);
#4137 = ORIENTED_EDGE('',*,*,#3716,.T.);
#4138 = ORIENTED_EDGE('',*,*,#4102,.F.);
#4139 = ORIENTED_EDGE('',*,*,#4140,.F.);
#4140 = EDGE_CURVE('',#4141,#4103,#4143,.T.);
#4141 = VERTEX_POINT('',#4142);
#4142 = CARTESIAN_POINT('',(-0.77,-0.21,-3.469446951954E-18));
#4143 = CIRCLE('',#4144,0.21);
#4144 = AXIS2_PLACEMENT_3D('',#4145,#4146,#4147);
#4145 = CARTESIAN_POINT('',(-0.77,9.936496070395E-17,0.));
#4146 = DIRECTION('',(0.,-0.,1.));
#4147 = DIRECTION('',(1.110223024625E-16,1.,0.));
#4148 = ORIENTED_EDGE('',*,*,#4149,.F.);
#4149 = EDGE_CURVE('',#3820,#4141,#4150,.T.);
#4150 = LINE('',#4151,#4152);
#4151 = CARTESIAN_POINT('',(-0.77,-0.35,-3.469446951954E-18));
#4152 = VECTOR('',#4153,1.);
#4153 = DIRECTION('',(1.110223024625E-16,1.,0.));
#4154 = PLANE('',#4155);
#4155 = AXIS2_PLACEMENT_3D('',#4156,#4157,#4158);
#4156 = CARTESIAN_POINT('',(-0.45,-0.35,0.));
#4157 = DIRECTION('',(0.,0.,1.));
#4158 = DIRECTION('',(1.110223024625E-16,1.,-0.));
#4159 = ADVANCED_FACE('',(#4160),#4189,.T.);
#4160 = FACE_BOUND('',#4161,.T.);
#4161 = EDGE_LOOP('',(#4162,#4170,#4171,#4172));
#4162 = ORIENTED_EDGE('',*,*,#4163,.F.);
#4163 = EDGE_CURVE('',#3837,#4164,#4166,.T.);
#4164 = VERTEX_POINT('',#4165);
#4165 = CARTESIAN_POINT('',(-0.8,-0.207846096908,0.63));
#4166 = LINE('',#4167,#4168);
#4167 = CARTESIAN_POINT('',(-0.8,-0.35,0.63));
#4168 = VECTOR('',#4169,1.);
#4169 = DIRECTION('',(1.110223024625E-16,1.,0.));
#4170 = ORIENTED_EDGE('',*,*,#3844,.T.);
#4171 = ORIENTED_EDGE('',*,*,#4028,.T.);
#4172 = ORIENTED_EDGE('',*,*,#4173,.F.);
#4173 = EDGE_CURVE('',#4164,#4020,#4174,.T.);
#4174 = B_SPLINE_CURVE_WITH_KNOTS('',7,(#4175,#4176,#4177,#4178,#4179,
    #4180,#4181,#4182,#4183,#4184,#4185,#4186,#4187,#4188),
  .UNSPECIFIED.,.F.,.F.,(8,6,8),(0.,0.874463336063,1.),.UNSPECIFIED.);
#4175 = CARTESIAN_POINT('',(-0.8,-0.207846096908,0.63));
#4176 = CARTESIAN_POINT('',(-0.8,-0.207846096908,0.636345841058));
#4177 = CARTESIAN_POINT('',(-0.798433952319,-0.208072144873,
    0.642469507615));
#4178 = CARTESIAN_POINT('',(-0.795499279423,-0.208495687659,
    0.64798381764));
#4179 = CARTESIAN_POINT('',(-0.791441116875,-0.209005633614,
    0.652610174937));
#4180 = CARTESIAN_POINT('',(-0.786545018706,-0.209461860626,
    0.65612783499));
#4181 = CARTESIAN_POINT('',(-0.78115642072,-0.209776529343,
    0.658412763373));
#4182 = CARTESIAN_POINT('',(-0.774826845706,-0.20994602495,
    0.659620194383));
#4183 = CARTESIAN_POINT('',(-0.774028016437,-0.209963904989,
    0.659746673099));
#4184 = CARTESIAN_POINT('',(-0.773225799574,-0.209978298192,
    0.659847954753));
#4185 = CARTESIAN_POINT('',(-0.772421042633,-0.209989137789,
    0.659923965218));
#4186 = CARTESIAN_POINT('',(-0.771614592695,-0.209996379192,
    0.659974655151));
#4187 = CARTESIAN_POINT('',(-0.77080729641,-0.21,0.66));
#4188 = CARTESIAN_POINT('',(-0.77,-0.21,0.66));
#4189 = CYLINDRICAL_SURFACE('',#4190,3.E-02);
#4190 = AXIS2_PLACEMENT_3D('',#4191,#4192,#4193);
#4191 = CARTESIAN_POINT('',(-0.77,-0.35,0.63));
#4192 = DIRECTION('',(1.110223024625E-16,1.,0.));
#4193 = DIRECTION('',(-1.,1.110223024625E-16,0.));
#4194 = ADVANCED_FACE('',(#4195),#4213,.T.);
#4195 = FACE_BOUND('',#4196,.T.);
#4196 = EDGE_LOOP('',(#4197,#4205,#4211,#4212));
#4197 = ORIENTED_EDGE('',*,*,#4198,.F.);
#4198 = EDGE_CURVE('',#4199,#4164,#4201,.T.);
#4199 = VERTEX_POINT('',#4200);
#4200 = CARTESIAN_POINT('',(-0.8,-0.207846096908,3.E-02));
#4201 = LINE('',#4202,#4203);
#4202 = CARTESIAN_POINT('',(-0.8,-0.207846096908,0.66));
#4203 = VECTOR('',#4204,1.);
#4204 = DIRECTION('',(0.,0.,1.));
#4205 = ORIENTED_EDGE('',*,*,#4206,.F.);
#4206 = EDGE_CURVE('',#3828,#4199,#4207,.T.);
#4207 = LINE('',#4208,#4209);
#4208 = CARTESIAN_POINT('',(-0.8,-0.35,3.E-02));
#4209 = VECTOR('',#4210,1.);
#4210 = DIRECTION('',(1.110223024625E-16,1.,0.));
#4211 = ORIENTED_EDGE('',*,*,#3836,.T.);
#4212 = ORIENTED_EDGE('',*,*,#4163,.T.);
#4213 = PLANE('',#4214);
#4214 = AXIS2_PLACEMENT_3D('',#4215,#4216,#4217);
#4215 = CARTESIAN_POINT('',(-0.8,-0.35,0.));
#4216 = DIRECTION('',(-1.,1.110223024625E-16,0.));
#4217 = DIRECTION('',(0.,0.,1.));
#4218 = ADVANCED_FACE('',(#4219),#4241,.T.);
#4219 = FACE_BOUND('',#4220,.T.);
#4220 = EDGE_LOOP('',(#4221,#4238,#4239,#4240));
#4221 = ORIENTED_EDGE('',*,*,#4222,.T.);
#4222 = EDGE_CURVE('',#4199,#4141,#4223,.T.);
#4223 = B_SPLINE_CURVE_WITH_KNOTS('',7,(#4224,#4225,#4226,#4227,#4228,
    #4229,#4230,#4231,#4232,#4233,#4234,#4235,#4236,#4237),
  .UNSPECIFIED.,.F.,.F.,(8,6,8),(0.,0.874463336063,1.),.UNSPECIFIED.);
#4224 = CARTESIAN_POINT('',(-0.8,-0.207846096908,3.E-02));
#4225 = CARTESIAN_POINT('',(-0.8,-0.207846096908,2.365415894152E-02));
#4226 = CARTESIAN_POINT('',(-0.798433952319,-0.208072144873,
    1.753049238528E-02));
#4227 = CARTESIAN_POINT('',(-0.795499279423,-0.208495687659,
    1.201618235995E-02));
#4228 = CARTESIAN_POINT('',(-0.791441116875,-0.209005633614,
    7.389825062529E-03));
#4229 = CARTESIAN_POINT('',(-0.786545018706,-0.209461860626,
    3.872165010373E-03));
#4230 = CARTESIAN_POINT('',(-0.78115642072,-0.209776529343,
    1.587236626824E-03));
#4231 = CARTESIAN_POINT('',(-0.774826845706,-0.20994602495,
    3.798056172653E-04));
#4232 = CARTESIAN_POINT('',(-0.774028016437,-0.209963904989,
    2.533269011312E-04));
#4233 = CARTESIAN_POINT('',(-0.773225799574,-0.209978298192,
    1.520452465003E-04));
#4234 = CARTESIAN_POINT('',(-0.772421042633,-0.209989137789,
    7.603478218543E-05));
#4235 = CARTESIAN_POINT('',(-0.771614592695,-0.209996379192,
    2.534484904841E-05));
#4236 = CARTESIAN_POINT('',(-0.77080729641,-0.21,-1.734723475977E-18));
#4237 = CARTESIAN_POINT('',(-0.77,-0.21,-1.734723475977E-18));
#4238 = ORIENTED_EDGE('',*,*,#4149,.F.);
#4239 = ORIENTED_EDGE('',*,*,#3827,.F.);
#4240 = ORIENTED_EDGE('',*,*,#4206,.T.);
#4241 = CYLINDRICAL_SURFACE('',#4242,3.E-02);
#4242 = AXIS2_PLACEMENT_3D('',#4243,#4244,#4245);
#4243 = CARTESIAN_POINT('',(-0.77,-0.35,3.E-02));
#4244 = DIRECTION('',(1.110223024625E-16,1.,0.));
#4245 = DIRECTION('',(-1.,1.110223024625E-16,0.));
#4246 = ADVANCED_FACE('',(#4247),#4253,.T.);
#4247 = FACE_BOUND('',#4248,.T.);
#4248 = EDGE_LOOP('',(#4249,#4250,#4251,#4252));
#4249 = ORIENTED_EDGE('',*,*,#3992,.F.);
#4250 = ORIENTED_EDGE('',*,*,#3944,.T.);
#4251 = ORIENTED_EDGE('',*,*,#3920,.T.);
#4252 = ORIENTED_EDGE('',*,*,#3968,.F.);
#4253 = PLANE('',#4254);
#4254 = AXIS2_PLACEMENT_3D('',#4255,#4256,#4257);
#4255 = CARTESIAN_POINT('',(-0.435,-0.42,0.62));
#4256 = DIRECTION('',(0.,0.,1.));
#4257 = DIRECTION('',(1.,0.,-0.));
#4258 = ADVANCED_FACE('',(#4259),#4269,.F.);
#4259 = FACE_BOUND('',#4260,.F.);
#4260 = EDGE_LOOP('',(#4261,#4262,#4263,#4264,#4265,#4266,#4267,#4268));
#4261 = ORIENTED_EDGE('',*,*,#4086,.T.);
#4262 = ORIENTED_EDGE('',*,*,#4050,.T.);
#4263 = ORIENTED_EDGE('',*,*,#4019,.F.);
#4264 = ORIENTED_EDGE('',*,*,#4173,.F.);
#4265 = ORIENTED_EDGE('',*,*,#4198,.F.);
#4266 = ORIENTED_EDGE('',*,*,#4222,.T.);
#4267 = ORIENTED_EDGE('',*,*,#4140,.T.);
#4268 = ORIENTED_EDGE('',*,*,#4110,.F.);
#4269 = CYLINDRICAL_SURFACE('',#4270,0.21);
#4270 = AXIS2_PLACEMENT_3D('',#4271,#4272,#4273);
#4271 = CARTESIAN_POINT('',(-0.77,9.936496070395E-17,0.66));
#4272 = DIRECTION('',(0.,0.,1.));
#4273 = DIRECTION('',(1.110223024625E-16,1.,-0.));
#4274 = ( GEOMETRIC_REPRESENTATION_CONTEXT(3) 
GLOBAL_UNCERTAINTY_ASSIGNED_CONTEXT((#4278)) 
GLOBAL_UNIT_ASSIGNED_CONTEXT((#4275,#4276,#4277)) REPRESENTATION_CONTEXT
('Context #1','3D Context with UNIT and UNCERTAINTY') );
#4275 = ( LENGTH_UNIT() NAMED_UNIT(*) SI_UNIT(.MILLI.,.METRE.) );
#4276 = ( NAMED_UNIT(*) PLANE_ANGLE_UNIT() SI_UNIT($,.RADIAN.) );
#4277 = ( NAMED_UNIT(*) SI_UNIT($,.STERADIAN.) SOLID_ANGLE_UNIT() );
#4278 = UNCERTAINTY_MEASURE_WITH_UNIT(LENGTH_MEASURE(1.E-07),#4275,
  'distance_accuracy_value','confusion accuracy');
#4279 = CONTEXT_DEPENDENT_SHAPE_REPRESENTATION(#4280,#4282);
#4280 = ( REPRESENTATION_RELATIONSHIP('','',#2949,#10) 
REPRESENTATION_RELATIONSHIP_WITH_TRANSFORMATION(#4281) 
SHAPE_REPRESENTATION_RELATIONSHIP() );
#4281 = ITEM_DEFINED_TRANSFORMATION('','',#11,#27);
#4282 = PRODUCT_DEFINITION_SHAPE('Placement','Placement of an item',
  #4283);
#4283 = NEXT_ASSEMBLY_USAGE_OCCURRENCE('4','D2','',#5,#2944,$);
#4284 = PRODUCT_RELATED_PRODUCT_CATEGORY('part',$,(#2946));
#4285 = SHAPE_DEFINITION_REPRESENTATION(#4286,#4292);
#4286 = PRODUCT_DEFINITION_SHAPE('','',#4287);
#4287 = PRODUCT_DEFINITION('design','',#4288,#4291);
#4288 = PRODUCT_DEFINITION_FORMATION('','',#4289);
#4289 = PRODUCT('C_0603_1608Metric','C_0603_1608Metric','',(#4290));
#4290 = PRODUCT_CONTEXT('',#2,'mechanical');
#4291 = PRODUCT_DEFINITION_CONTEXT('part definition',#2,'design');
#4292 = ADVANCED_BREP_SHAPE_REPRESENTATION('',(#11,#4293),#5147);
#4293 = MANIFOLD_SOLID_BREP('',#4294);
#4294 = CLOSED_SHELL('',(#4295,#4371,#4402,#4427,#4452,#4476,#4500,#4525
    ,#4550,#4567,#4653,#4685,#4709,#4734,#4758,#4783,#4807,#4832,#4849,
    #4935,#4966,#4991,#5016,#5040,#5064,#5089,#5114,#5131));
#4295 = ADVANCED_FACE('',(#4296),#4366,.F.);
#4296 = FACE_BOUND('',#4297,.F.);
#4297 = EDGE_LOOP('',(#4298,#4308,#4317,#4325,#4334,#4342,#4351,#4359));
#4298 = ORIENTED_EDGE('',*,*,#4299,.F.);
#4299 = EDGE_CURVE('',#4300,#4302,#4304,.T.);
#4300 = VERTEX_POINT('',#4301);
#4301 = CARTESIAN_POINT('',(-0.8,-0.4,3.E-02));
#4302 = VERTEX_POINT('',#4303);
#4303 = CARTESIAN_POINT('',(-0.8,-0.4,0.77));
#4304 = LINE('',#4305,#4306);
#4305 = CARTESIAN_POINT('',(-0.8,-0.4,0.));
#4306 = VECTOR('',#4307,1.);
#4307 = DIRECTION('',(0.,0.,1.));
#4308 = ORIENTED_EDGE('',*,*,#4309,.T.);
#4309 = EDGE_CURVE('',#4300,#4310,#4312,.T.);
#4310 = VERTEX_POINT('',#4311);
#4311 = CARTESIAN_POINT('',(-0.8,-0.37,0.));
#4312 = CIRCLE('',#4313,3.E-02);
#4313 = AXIS2_PLACEMENT_3D('',#4314,#4315,#4316);
#4314 = CARTESIAN_POINT('',(-0.8,-0.37,3.E-02));
#4315 = DIRECTION('',(1.,0.,-0.));
#4316 = DIRECTION('',(0.,0.,1.));
#4317 = ORIENTED_EDGE('',*,*,#4318,.T.);
#4318 = EDGE_CURVE('',#4310,#4319,#4321,.T.);
#4319 = VERTEX_POINT('',#4320);
#4320 = CARTESIAN_POINT('',(-0.8,0.37,0.));
#4321 = LINE('',#4322,#4323);
#4322 = CARTESIAN_POINT('',(-0.8,-0.4,0.));
#4323 = VECTOR('',#4324,1.);
#4324 = DIRECTION('',(0.,1.,0.));
#4325 = ORIENTED_EDGE('',*,*,#4326,.F.);
#4326 = EDGE_CURVE('',#4327,#4319,#4329,.T.);
#4327 = VERTEX_POINT('',#4328);
#4328 = CARTESIAN_POINT('',(-0.8,0.4,3.E-02));
#4329 = CIRCLE('',#4330,3.E-02);
#4330 = AXIS2_PLACEMENT_3D('',#4331,#4332,#4333);
#4331 = CARTESIAN_POINT('',(-0.8,0.37,3.E-02));
#4332 = DIRECTION('',(-1.,0.,0.));
#4333 = DIRECTION('',(0.,0.,1.));
#4334 = ORIENTED_EDGE('',*,*,#4335,.T.);
#4335 = EDGE_CURVE('',#4327,#4336,#4338,.T.);
#4336 = VERTEX_POINT('',#4337);
#4337 = CARTESIAN_POINT('',(-0.8,0.4,0.77));
#4338 = LINE('',#4339,#4340);
#4339 = CARTESIAN_POINT('',(-0.8,0.4,0.));
#4340 = VECTOR('',#4341,1.);
#4341 = DIRECTION('',(0.,0.,1.));
#4342 = ORIENTED_EDGE('',*,*,#4343,.T.);
#4343 = EDGE_CURVE('',#4336,#4344,#4346,.T.);
#4344 = VERTEX_POINT('',#4345);
#4345 = CARTESIAN_POINT('',(-0.8,0.37,0.8));
#4346 = CIRCLE('',#4347,3.E-02);
#4347 = AXIS2_PLACEMENT_3D('',#4348,#4349,#4350);
#4348 = CARTESIAN_POINT('',(-0.8,0.37,0.77));
#4349 = DIRECTION('',(1.,0.,-0.));
#4350 = DIRECTION('',(0.,0.,1.));
#4351 = ORIENTED_EDGE('',*,*,#4352,.F.);
#4352 = EDGE_CURVE('',#4353,#4344,#4355,.T.);
#4353 = VERTEX_POINT('',#4354);
#4354 = CARTESIAN_POINT('',(-0.8,-0.37,0.8));
#4355 = LINE('',#4356,#4357);
#4356 = CARTESIAN_POINT('',(-0.8,-0.4,0.8));
#4357 = VECTOR('',#4358,1.);
#4358 = DIRECTION('',(0.,1.,0.));
#4359 = ORIENTED_EDGE('',*,*,#4360,.F.);
#4360 = EDGE_CURVE('',#4302,#4353,#4361,.T.);
#4361 = CIRCLE('',#4362,3.E-02);
#4362 = AXIS2_PLACEMENT_3D('',#4363,#4364,#4365);
#4363 = CARTESIAN_POINT('',(-0.8,-0.37,0.77));
#4364 = DIRECTION('',(-1.,0.,0.));
#4365 = DIRECTION('',(0.,0.,1.));
#4366 = PLANE('',#4367);
#4367 = AXIS2_PLACEMENT_3D('',#4368,#4369,#4370);
#4368 = CARTESIAN_POINT('',(-0.8,-0.4,0.));
#4369 = DIRECTION('',(1.,0.,0.));
#4370 = DIRECTION('',(0.,0.,1.));
#4371 = ADVANCED_FACE('',(#4372),#4397,.F.);
#4372 = FACE_BOUND('',#4373,.F.);
#4373 = EDGE_LOOP('',(#4374,#4384,#4390,#4391));
#4374 = ORIENTED_EDGE('',*,*,#4375,.F.);
#4375 = EDGE_CURVE('',#4376,#4378,#4380,.T.);
#4376 = VERTEX_POINT('',#4377);
#4377 = CARTESIAN_POINT('',(-0.5,-0.4,3.E-02));
#4378 = VERTEX_POINT('',#4379);
#4379 = CARTESIAN_POINT('',(-0.5,-0.4,0.77));
#4380 = LINE('',#4381,#4382);
#4381 = CARTESIAN_POINT('',(-0.5,-0.4,0.));
#4382 = VECTOR('',#4383,1.);
#4383 = DIRECTION('',(0.,0.,1.));
#4384 = ORIENTED_EDGE('',*,*,#4385,.F.);
#4385 = EDGE_CURVE('',#4300,#4376,#4386,.T.);
#4386 = LINE('',#4387,#4388);
#4387 = CARTESIAN_POINT('',(-0.8,-0.4,3.E-02));
#4388 = VECTOR('',#4389,1.);
#4389 = DIRECTION('',(1.,0.,0.));
#4390 = ORIENTED_EDGE('',*,*,#4299,.T.);
#4391 = ORIENTED_EDGE('',*,*,#4392,.T.);
#4392 = EDGE_CURVE('',#4302,#4378,#4393,.T.);
#4393 = LINE('',#4394,#4395);
#4394 = CARTESIAN_POINT('',(-0.8,-0.4,0.77));
#4395 = VECTOR('',#4396,1.);
#4396 = DIRECTION('',(1.,0.,0.));
#4397 = PLANE('',#4398);
#4398 = AXIS2_PLACEMENT_3D('',#4399,#4400,#4401);
#4399 = CARTESIAN_POINT('',(-0.8,-0.4,0.));
#4400 = DIRECTION('',(0.,1.,0.));
#4401 = DIRECTION('',(0.,-0.,1.));
#4402 = ADVANCED_FACE('',(#4403),#4422,.T.);
#4403 = FACE_BOUND('',#4404,.T.);
#4404 = EDGE_LOOP('',(#4405,#4406,#4414,#4421));
#4405 = ORIENTED_EDGE('',*,*,#4309,.T.);
#4406 = ORIENTED_EDGE('',*,*,#4407,.T.);
#4407 = EDGE_CURVE('',#4310,#4408,#4410,.T.);
#4408 = VERTEX_POINT('',#4409);
#4409 = CARTESIAN_POINT('',(-0.5,-0.37,0.));
#4410 = LINE('',#4411,#4412);
#4411 = CARTESIAN_POINT('',(-0.8,-0.37,0.));
#4412 = VECTOR('',#4413,1.);
#4413 = DIRECTION('',(1.,0.,0.));
#4414 = ORIENTED_EDGE('',*,*,#4415,.F.);
#4415 = EDGE_CURVE('',#4376,#4408,#4416,.T.);
#4416 = CIRCLE('',#4417,3.E-02);
#4417 = AXIS2_PLACEMENT_3D('',#4418,#4419,#4420);
#4418 = CARTESIAN_POINT('',(-0.5,-0.37,3.E-02));
#4419 = DIRECTION('',(1.,0.,-0.));
#4420 = DIRECTION('',(0.,0.,1.));
#4421 = ORIENTED_EDGE('',*,*,#4385,.F.);
#4422 = CYLINDRICAL_SURFACE('',#4423,3.E-02);
#4423 = AXIS2_PLACEMENT_3D('',#4424,#4425,#4426);
#4424 = CARTESIAN_POINT('',(-0.8,-0.37,3.E-02));
#4425 = DIRECTION('',(1.,0.,0.));
#4426 = DIRECTION('',(0.,-1.,0.));
#4427 = ADVANCED_FACE('',(#4428),#4447,.T.);
#4428 = FACE_BOUND('',#4429,.T.);
#4429 = EDGE_LOOP('',(#4430,#4431,#4440,#4446));
#4430 = ORIENTED_EDGE('',*,*,#4392,.T.);
#4431 = ORIENTED_EDGE('',*,*,#4432,.T.);
#4432 = EDGE_CURVE('',#4378,#4433,#4435,.T.);
#4433 = VERTEX_POINT('',#4434);
#4434 = CARTESIAN_POINT('',(-0.5,-0.37,0.8));
#4435 = CIRCLE('',#4436,3.E-02);
#4436 = AXIS2_PLACEMENT_3D('',#4437,#4438,#4439);
#4437 = CARTESIAN_POINT('',(-0.5,-0.37,0.77));
#4438 = DIRECTION('',(-1.,0.,0.));
#4439 = DIRECTION('',(0.,0.,1.));
#4440 = ORIENTED_EDGE('',*,*,#4441,.F.);
#4441 = EDGE_CURVE('',#4353,#4433,#4442,.T.);
#4442 = LINE('',#4443,#4444);
#4443 = CARTESIAN_POINT('',(-0.8,-0.37,0.8));
#4444 = VECTOR('',#4445,1.);
#4445 = DIRECTION('',(1.,0.,0.));
#4446 = ORIENTED_EDGE('',*,*,#4360,.F.);
#4447 = CYLINDRICAL_SURFACE('',#4448,3.E-02);
#4448 = AXIS2_PLACEMENT_3D('',#4449,#4450,#4451);
#4449 = CARTESIAN_POINT('',(-0.8,-0.37,0.77));
#4450 = DIRECTION('',(1.,0.,0.));
#4451 = DIRECTION('',(0.,-1.,0.));
#4452 = ADVANCED_FACE('',(#4453),#4471,.F.);
#4453 = FACE_BOUND('',#4454,.F.);
#4454 = EDGE_LOOP('',(#4455,#4456,#4457,#4465));
#4455 = ORIENTED_EDGE('',*,*,#4318,.F.);
#4456 = ORIENTED_EDGE('',*,*,#4407,.T.);
#4457 = ORIENTED_EDGE('',*,*,#4458,.T.);
#4458 = EDGE_CURVE('',#4408,#4459,#4461,.T.);
#4459 = VERTEX_POINT('',#4460);
#4460 = CARTESIAN_POINT('',(-0.5,0.37,0.));
#4461 = LINE('',#4462,#4463);
#4462 = CARTESIAN_POINT('',(-0.5,-0.4,0.));
#4463 = VECTOR('',#4464,1.);
#4464 = DIRECTION('',(0.,1.,0.));
#4465 = ORIENTED_EDGE('',*,*,#4466,.F.);
#4466 = EDGE_CURVE('',#4319,#4459,#4467,.T.);
#4467 = LINE('',#4468,#4469);
#4468 = CARTESIAN_POINT('',(-0.8,0.37,0.));
#4469 = VECTOR('',#4470,1.);
#4470 = DIRECTION('',(1.,0.,0.));
#4471 = PLANE('',#4472);
#4472 = AXIS2_PLACEMENT_3D('',#4473,#4474,#4475);
#4473 = CARTESIAN_POINT('',(-0.8,-0.4,0.));
#4474 = DIRECTION('',(0.,0.,1.));
#4475 = DIRECTION('',(1.,0.,-0.));
#4476 = ADVANCED_FACE('',(#4477),#4495,.T.);
#4477 = FACE_BOUND('',#4478,.T.);
#4478 = EDGE_LOOP('',(#4479,#4480,#4481,#4489));
#4479 = ORIENTED_EDGE('',*,*,#4352,.F.);
#4480 = ORIENTED_EDGE('',*,*,#4441,.T.);
#4481 = ORIENTED_EDGE('',*,*,#4482,.T.);
#4482 = EDGE_CURVE('',#4433,#4483,#4485,.T.);
#4483 = VERTEX_POINT('',#4484);
#4484 = CARTESIAN_POINT('',(-0.5,0.37,0.8));
#4485 = LINE('',#4486,#4487);
#4486 = CARTESIAN_POINT('',(-0.5,-0.4,0.8));
#4487 = VECTOR('',#4488,1.);
#4488 = DIRECTION('',(0.,1.,0.));
#4489 = ORIENTED_EDGE('',*,*,#4490,.F.);
#4490 = EDGE_CURVE('',#4344,#4483,#4491,.T.);
#4491 = LINE('',#4492,#4493);
#4492 = CARTESIAN_POINT('',(-0.8,0.37,0.8));
#4493 = VECTOR('',#4494,1.);
#4494 = DIRECTION('',(1.,0.,0.));
#4495 = PLANE('',#4496);
#4496 = AXIS2_PLACEMENT_3D('',#4497,#4498,#4499);
#4497 = CARTESIAN_POINT('',(-0.8,-0.4,0.8));
#4498 = DIRECTION('',(0.,0.,1.));
#4499 = DIRECTION('',(1.,0.,-0.));
#4500 = ADVANCED_FACE('',(#4501),#4520,.T.);
#4501 = FACE_BOUND('',#4502,.T.);
#4502 = EDGE_LOOP('',(#4503,#4511,#4518,#4519));
#4503 = ORIENTED_EDGE('',*,*,#4504,.T.);
#4504 = EDGE_CURVE('',#4327,#4505,#4507,.T.);
#4505 = VERTEX_POINT('',#4506);
#4506 = CARTESIAN_POINT('',(-0.5,0.4,3.E-02));
#4507 = LINE('',#4508,#4509);
#4508 = CARTESIAN_POINT('',(-0.8,0.4,3.E-02));
#4509 = VECTOR('',#4510,1.);
#4510 = DIRECTION('',(1.,0.,0.));
#4511 = ORIENTED_EDGE('',*,*,#4512,.T.);
#4512 = EDGE_CURVE('',#4505,#4459,#4513,.T.);
#4513 = CIRCLE('',#4514,3.E-02);
#4514 = AXIS2_PLACEMENT_3D('',#4515,#4516,#4517);
#4515 = CARTESIAN_POINT('',(-0.5,0.37,3.E-02));
#4516 = DIRECTION('',(-1.,0.,0.));
#4517 = DIRECTION('',(0.,0.,1.));
#4518 = ORIENTED_EDGE('',*,*,#4466,.F.);
#4519 = ORIENTED_EDGE('',*,*,#4326,.F.);
#4520 = CYLINDRICAL_SURFACE('',#4521,3.E-02);
#4521 = AXIS2_PLACEMENT_3D('',#4522,#4523,#4524);
#4522 = CARTESIAN_POINT('',(-0.8,0.37,3.E-02));
#4523 = DIRECTION('',(1.,0.,0.));
#4524 = DIRECTION('',(-0.,1.,0.));
#4525 = ADVANCED_FACE('',(#4526),#4545,.T.);
#4526 = FACE_BOUND('',#4527,.T.);
#4527 = EDGE_LOOP('',(#4528,#4529,#4530,#4539));
#4528 = ORIENTED_EDGE('',*,*,#4343,.T.);
#4529 = ORIENTED_EDGE('',*,*,#4490,.T.);
#4530 = ORIENTED_EDGE('',*,*,#4531,.F.);
#4531 = EDGE_CURVE('',#4532,#4483,#4534,.T.);
#4532 = VERTEX_POINT('',#4533);
#4533 = CARTESIAN_POINT('',(-0.5,0.4,0.77));
#4534 = CIRCLE('',#4535,3.E-02);
#4535 = AXIS2_PLACEMENT_3D('',#4536,#4537,#4538);
#4536 = CARTESIAN_POINT('',(-0.5,0.37,0.77));
#4537 = DIRECTION('',(1.,0.,-0.));
#4538 = DIRECTION('',(0.,0.,1.));
#4539 = ORIENTED_EDGE('',*,*,#4540,.F.);
#4540 = EDGE_CURVE('',#4336,#4532,#4541,.T.);
#4541 = LINE('',#4542,#4543);
#4542 = CARTESIAN_POINT('',(-0.8,0.4,0.77));
#4543 = VECTOR('',#4544,1.);
#4544 = DIRECTION('',(1.,0.,0.));
#4545 = CYLINDRICAL_SURFACE('',#4546,3.E-02);
#4546 = AXIS2_PLACEMENT_3D('',#4547,#4548,#4549);
#4547 = CARTESIAN_POINT('',(-0.8,0.37,0.77));
#4548 = DIRECTION('',(1.,0.,0.));
#4549 = DIRECTION('',(-0.,1.,0.));
#4550 = ADVANCED_FACE('',(#4551),#4562,.T.);
#4551 = FACE_BOUND('',#4552,.T.);
#4552 = EDGE_LOOP('',(#4553,#4559,#4560,#4561));
#4553 = ORIENTED_EDGE('',*,*,#4554,.F.);
#4554 = EDGE_CURVE('',#4505,#4532,#4555,.T.);
#4555 = LINE('',#4556,#4557);
#4556 = CARTESIAN_POINT('',(-0.5,0.4,0.));
#4557 = VECTOR('',#4558,1.);
#4558 = DIRECTION('',(0.,0.,1.));
#4559 = ORIENTED_EDGE('',*,*,#4504,.F.);
#4560 = ORIENTED_EDGE('',*,*,#4335,.T.);
#4561 = ORIENTED_EDGE('',*,*,#4540,.T.);
#4562 = PLANE('',#4563);
#4563 = AXIS2_PLACEMENT_3D('',#4564,#4565,#4566);
#4564 = CARTESIAN_POINT('',(-0.8,0.4,0.));
#4565 = DIRECTION('',(0.,1.,0.));
#4566 = DIRECTION('',(0.,-0.,1.));
#4567 = ADVANCED_FACE('',(#4568,#4578),#4648,.T.);
#4568 = FACE_BOUND('',#4569,.T.);
#4569 = EDGE_LOOP('',(#4570,#4571,#4572,#4573,#4574,#4575,#4576,#4577));
#4570 = ORIENTED_EDGE('',*,*,#4375,.F.);
#4571 = ORIENTED_EDGE('',*,*,#4415,.T.);
#4572 = ORIENTED_EDGE('',*,*,#4458,.T.);
#4573 = ORIENTED_EDGE('',*,*,#4512,.F.);
#4574 = ORIENTED_EDGE('',*,*,#4554,.T.);
#4575 = ORIENTED_EDGE('',*,*,#4531,.T.);
#4576 = ORIENTED_EDGE('',*,*,#4482,.F.);
#4577 = ORIENTED_EDGE('',*,*,#4432,.F.);
#4578 = FACE_BOUND('',#4579,.T.);
#4579 = EDGE_LOOP('',(#4580,#4591,#4599,#4608,#4616,#4625,#4633,#4642));
#4580 = ORIENTED_EDGE('',*,*,#4581,.F.);
#4581 = EDGE_CURVE('',#4582,#4584,#4586,.T.);
#4582 = VERTEX_POINT('',#4583);
#4583 = CARTESIAN_POINT('',(-0.5,-0.37,6.E-02));
#4584 = VERTEX_POINT('',#4585);
#4585 = CARTESIAN_POINT('',(-0.5,-0.34,3.E-02));
#4586 = CIRCLE('',#4587,3.E-02);
#4587 = AXIS2_PLACEMENT_3D('',#4588,#4589,#4590);
#4588 = CARTESIAN_POINT('',(-0.5,-0.34,6.E-02));
#4589 = DIRECTION('',(1.,0.,-0.));
#4590 = DIRECTION('',(0.,0.,1.));
#4591 = ORIENTED_EDGE('',*,*,#4592,.T.);
#4592 = EDGE_CURVE('',#4582,#4593,#4595,.T.);
#4593 = VERTEX_POINT('',#4594);
#4594 = CARTESIAN_POINT('',(-0.5,-0.37,0.74));
#4595 = LINE('',#4596,#4597);
#4596 = CARTESIAN_POINT('',(-0.5,-0.37,3.E-02));
#4597 = VECTOR('',#4598,1.);
#4598 = DIRECTION('',(0.,0.,1.));
#4599 = ORIENTED_EDGE('',*,*,#4600,.T.);
#4600 = EDGE_CURVE('',#4593,#4601,#4603,.T.);
#4601 = VERTEX_POINT('',#4602);
#4602 = CARTESIAN_POINT('',(-0.5,-0.34,0.77));
#4603 = CIRCLE('',#4604,3.E-02);
#4604 = AXIS2_PLACEMENT_3D('',#4605,#4606,#4607);
#4605 = CARTESIAN_POINT('',(-0.5,-0.34,0.74));
#4606 = DIRECTION('',(-1.,0.,0.));
#4607 = DIRECTION('',(0.,0.,1.));
#4608 = ORIENTED_EDGE('',*,*,#4609,.T.);
#4609 = EDGE_CURVE('',#4601,#4610,#4612,.T.);
#4610 = VERTEX_POINT('',#4611);
#4611 = CARTESIAN_POINT('',(-0.5,0.34,0.77));
#4612 = LINE('',#4613,#4614);
#4613 = CARTESIAN_POINT('',(-0.5,-0.37,0.77));
#4614 = VECTOR('',#4615,1.);
#4615 = DIRECTION('',(0.,1.,0.));
#4616 = ORIENTED_EDGE('',*,*,#4617,.F.);
#4617 = EDGE_CURVE('',#4618,#4610,#4620,.T.);
#4618 = VERTEX_POINT('',#4619);
#4619 = CARTESIAN_POINT('',(-0.5,0.37,0.74));
#4620 = CIRCLE('',#4621,3.E-02);
#4621 = AXIS2_PLACEMENT_3D('',#4622,#4623,#4624);
#4622 = CARTESIAN_POINT('',(-0.5,0.34,0.74));
#4623 = DIRECTION('',(1.,0.,-0.));
#4624 = DIRECTION('',(0.,0.,1.));
#4625 = ORIENTED_EDGE('',*,*,#4626,.F.);
#4626 = EDGE_CURVE('',#4627,#4618,#4629,.T.);
#4627 = VERTEX_POINT('',#4628);
#4628 = CARTESIAN_POINT('',(-0.5,0.37,6.E-02));
#4629 = LINE('',#4630,#4631);
#4630 = CARTESIAN_POINT('',(-0.5,0.37,3.E-02));
#4631 = VECTOR('',#4632,1.);
#4632 = DIRECTION('',(0.,0.,1.));
#4633 = ORIENTED_EDGE('',*,*,#4634,.T.);
#4634 = EDGE_CURVE('',#4627,#4635,#4637,.T.);
#4635 = VERTEX_POINT('',#4636);
#4636 = CARTESIAN_POINT('',(-0.5,0.34,3.E-02));
#4637 = CIRCLE('',#4638,3.E-02);
#4638 = AXIS2_PLACEMENT_3D('',#4639,#4640,#4641);
#4639 = CARTESIAN_POINT('',(-0.5,0.34,6.E-02));
#4640 = DIRECTION('',(-1.,0.,0.));
#4641 = DIRECTION('',(0.,0.,1.));
#4642 = ORIENTED_EDGE('',*,*,#4643,.F.);
#4643 = EDGE_CURVE('',#4584,#4635,#4644,.T.);
#4644 = LINE('',#4645,#4646);
#4645 = CARTESIAN_POINT('',(-0.5,-0.37,3.E-02));
#4646 = VECTOR('',#4647,1.);
#4647 = DIRECTION('',(0.,1.,0.));
#4648 = PLANE('',#4649);
#4649 = AXIS2_PLACEMENT_3D('',#4650,#4651,#4652);
#4650 = CARTESIAN_POINT('',(-0.5,-0.4,0.));
#4651 = DIRECTION('',(1.,0.,0.));
#4652 = DIRECTION('',(0.,0.,1.));
#4653 = ADVANCED_FACE('',(#4654),#4680,.T.);
#4654 = FACE_BOUND('',#4655,.T.);
#4655 = EDGE_LOOP('',(#4656,#4657,#4665,#4674));
#4656 = ORIENTED_EDGE('',*,*,#4581,.T.);
#4657 = ORIENTED_EDGE('',*,*,#4658,.T.);
#4658 = EDGE_CURVE('',#4584,#4659,#4661,.T.);
#4659 = VERTEX_POINT('',#4660);
#4660 = CARTESIAN_POINT('',(0.5,-0.34,3.E-02));
#4661 = LINE('',#4662,#4663);
#4662 = CARTESIAN_POINT('',(-0.5,-0.34,3.E-02));
#4663 = VECTOR('',#4664,1.);
#4664 = DIRECTION('',(1.,0.,0.));
#4665 = ORIENTED_EDGE('',*,*,#4666,.F.);
#4666 = EDGE_CURVE('',#4667,#4659,#4669,.T.);
#4667 = VERTEX_POINT('',#4668);
#4668 = CARTESIAN_POINT('',(0.5,-0.37,6.E-02));
#4669 = CIRCLE('',#4670,3.E-02);
#4670 = AXIS2_PLACEMENT_3D('',#4671,#4672,#4673);
#4671 = CARTESIAN_POINT('',(0.5,-0.34,6.E-02));
#4672 = DIRECTION('',(1.,0.,-0.));
#4673 = DIRECTION('',(0.,0.,1.));
#4674 = ORIENTED_EDGE('',*,*,#4675,.F.);
#4675 = EDGE_CURVE('',#4582,#4667,#4676,.T.);
#4676 = LINE('',#4677,#4678);
#4677 = CARTESIAN_POINT('',(-0.5,-0.37,6.E-02));
#4678 = VECTOR('',#4679,1.);
#4679 = DIRECTION('',(1.,0.,0.));
#4680 = CYLINDRICAL_SURFACE('',#4681,3.E-02);
#4681 = AXIS2_PLACEMENT_3D('',#4682,#4683,#4684);
#4682 = CARTESIAN_POINT('',(-0.5,-0.34,6.E-02));
#4683 = DIRECTION('',(1.,0.,0.));
#4684 = DIRECTION('',(0.,-1.,0.));
#4685 = ADVANCED_FACE('',(#4686),#4704,.F.);
#4686 = FACE_BOUND('',#4687,.F.);
#4687 = EDGE_LOOP('',(#4688,#4689,#4690,#4698));
#4688 = ORIENTED_EDGE('',*,*,#4643,.F.);
#4689 = ORIENTED_EDGE('',*,*,#4658,.T.);
#4690 = ORIENTED_EDGE('',*,*,#4691,.T.);
#4691 = EDGE_CURVE('',#4659,#4692,#4694,.T.);
#4692 = VERTEX_POINT('',#4693);
#4693 = CARTESIAN_POINT('',(0.5,0.34,3.E-02));
#4694 = LINE('',#4695,#4696);
#4695 = CARTESIAN_POINT('',(0.5,-0.37,3.E-02));
#4696 = VECTOR('',#4697,1.);
#4697 = DIRECTION('',(0.,1.,0.));
#4698 = ORIENTED_EDGE('',*,*,#4699,.F.);
#4699 = EDGE_CURVE('',#4635,#4692,#4700,.T.);
#4700 = LINE('',#4701,#4702);
#4701 = CARTESIAN_POINT('',(-0.5,0.34,3.E-02));
#4702 = VECTOR('',#4703,1.);
#4703 = DIRECTION('',(1.,0.,0.));
#4704 = PLANE('',#4705);
#4705 = AXIS2_PLACEMENT_3D('',#4706,#4707,#4708);
#4706 = CARTESIAN_POINT('',(-0.5,-0.37,3.E-02));
#4707 = DIRECTION('',(0.,0.,1.));
#4708 = DIRECTION('',(1.,0.,-0.));
#4709 = ADVANCED_FACE('',(#4710),#4729,.T.);
#4710 = FACE_BOUND('',#4711,.T.);
#4711 = EDGE_LOOP('',(#4712,#4720,#4727,#4728));
#4712 = ORIENTED_EDGE('',*,*,#4713,.T.);
#4713 = EDGE_CURVE('',#4627,#4714,#4716,.T.);
#4714 = VERTEX_POINT('',#4715);
#4715 = CARTESIAN_POINT('',(0.5,0.37,6.E-02));
#4716 = LINE('',#4717,#4718);
#4717 = CARTESIAN_POINT('',(-0.5,0.37,6.E-02));
#4718 = VECTOR('',#4719,1.);
#4719 = DIRECTION('',(1.,0.,0.));
#4720 = ORIENTED_EDGE('',*,*,#4721,.T.);
#4721 = EDGE_CURVE('',#4714,#4692,#4722,.T.);
#4722 = CIRCLE('',#4723,3.E-02);
#4723 = AXIS2_PLACEMENT_3D('',#4724,#4725,#4726);
#4724 = CARTESIAN_POINT('',(0.5,0.34,6.E-02));
#4725 = DIRECTION('',(-1.,0.,0.));
#4726 = DIRECTION('',(0.,0.,1.));
#4727 = ORIENTED_EDGE('',*,*,#4699,.F.);
#4728 = ORIENTED_EDGE('',*,*,#4634,.F.);
#4729 = CYLINDRICAL_SURFACE('',#4730,3.E-02);
#4730 = AXIS2_PLACEMENT_3D('',#4731,#4732,#4733);
#4731 = CARTESIAN_POINT('',(-0.5,0.34,6.E-02));
#4732 = DIRECTION('',(1.,0.,0.));
#4733 = DIRECTION('',(-0.,1.,0.));
#4734 = ADVANCED_FACE('',(#4735),#4753,.T.);
#4735 = FACE_BOUND('',#4736,.T.);
#4736 = EDGE_LOOP('',(#4737,#4745,#4746,#4747));
#4737 = ORIENTED_EDGE('',*,*,#4738,.F.);
#4738 = EDGE_CURVE('',#4714,#4739,#4741,.T.);
#4739 = VERTEX_POINT('',#4740);
#4740 = CARTESIAN_POINT('',(0.5,0.37,0.74));
#4741 = LINE('',#4742,#4743);
#4742 = CARTESIAN_POINT('',(0.5,0.37,3.E-02));
#4743 = VECTOR('',#4744,1.);
#4744 = DIRECTION('',(0.,0.,1.));
#4745 = ORIENTED_EDGE('',*,*,#4713,.F.);
#4746 = ORIENTED_EDGE('',*,*,#4626,.T.);
#4747 = ORIENTED_EDGE('',*,*,#4748,.T.);
#4748 = EDGE_CURVE('',#4618,#4739,#4749,.T.);
#4749 = LINE('',#4750,#4751);
#4750 = CARTESIAN_POINT('',(-0.5,0.37,0.74));
#4751 = VECTOR('',#4752,1.);
#4752 = DIRECTION('',(1.,0.,0.));
#4753 = PLANE('',#4754);
#4754 = AXIS2_PLACEMENT_3D('',#4755,#4756,#4757);
#4755 = CARTESIAN_POINT('',(-0.5,0.37,3.E-02));
#4756 = DIRECTION('',(0.,1.,0.));
#4757 = DIRECTION('',(0.,-0.,1.));
#4758 = ADVANCED_FACE('',(#4759),#4778,.T.);
#4759 = FACE_BOUND('',#4760,.T.);
#4760 = EDGE_LOOP('',(#4761,#4762,#4770,#4777));
#4761 = ORIENTED_EDGE('',*,*,#4617,.T.);
#4762 = ORIENTED_EDGE('',*,*,#4763,.T.);
#4763 = EDGE_CURVE('',#4610,#4764,#4766,.T.);
#4764 = VERTEX_POINT('',#4765);
#4765 = CARTESIAN_POINT('',(0.5,0.34,0.77));
#4766 = LINE('',#4767,#4768);
#4767 = CARTESIAN_POINT('',(-0.5,0.34,0.77));
#4768 = VECTOR('',#4769,1.);
#4769 = DIRECTION('',(1.,0.,0.));
#4770 = ORIENTED_EDGE('',*,*,#4771,.F.);
#4771 = EDGE_CURVE('',#4739,#4764,#4772,.T.);
#4772 = CIRCLE('',#4773,3.E-02);
#4773 = AXIS2_PLACEMENT_3D('',#4774,#4775,#4776);
#4774 = CARTESIAN_POINT('',(0.5,0.34,0.74));
#4775 = DIRECTION('',(1.,0.,-0.));
#4776 = DIRECTION('',(0.,0.,1.));
#4777 = ORIENTED_EDGE('',*,*,#4748,.F.);
#4778 = CYLINDRICAL_SURFACE('',#4779,3.E-02);
#4779 = AXIS2_PLACEMENT_3D('',#4780,#4781,#4782);
#4780 = CARTESIAN_POINT('',(-0.5,0.34,0.74));
#4781 = DIRECTION('',(1.,0.,0.));
#4782 = DIRECTION('',(-0.,1.,0.));
#4783 = ADVANCED_FACE('',(#4784),#4802,.T.);
#4784 = FACE_BOUND('',#4785,.T.);
#4785 = EDGE_LOOP('',(#4786,#4787,#4795,#4801));
#4786 = ORIENTED_EDGE('',*,*,#4609,.F.);
#4787 = ORIENTED_EDGE('',*,*,#4788,.T.);
#4788 = EDGE_CURVE('',#4601,#4789,#4791,.T.);
#4789 = VERTEX_POINT('',#4790);
#4790 = CARTESIAN_POINT('',(0.5,-0.34,0.77));
#4791 = LINE('',#4792,#4793);
#4792 = CARTESIAN_POINT('',(-0.5,-0.34,0.77));
#4793 = VECTOR('',#4794,1.);
#4794 = DIRECTION('',(1.,0.,0.));
#4795 = ORIENTED_EDGE('',*,*,#4796,.T.);
#4796 = EDGE_CURVE('',#4789,#4764,#4797,.T.);
#4797 = LINE('',#4798,#4799);
#4798 = CARTESIAN_POINT('',(0.5,-0.37,0.77));
#4799 = VECTOR('',#4800,1.);
#4800 = DIRECTION('',(0.,1.,0.));
#4801 = ORIENTED_EDGE('',*,*,#4763,.F.);
#4802 = PLANE('',#4803);
#4803 = AXIS2_PLACEMENT_3D('',#4804,#4805,#4806);
#4804 = CARTESIAN_POINT('',(-0.5,-0.37,0.77));
#4805 = DIRECTION('',(0.,0.,1.));
#4806 = DIRECTION('',(1.,0.,-0.));
#4807 = ADVANCED_FACE('',(#4808),#4827,.T.);
#4808 = FACE_BOUND('',#4809,.T.);
#4809 = EDGE_LOOP('',(#4810,#4818,#4825,#4826));
#4810 = ORIENTED_EDGE('',*,*,#4811,.T.);
#4811 = EDGE_CURVE('',#4593,#4812,#4814,.T.);
#4812 = VERTEX_POINT('',#4813);
#4813 = CARTESIAN_POINT('',(0.5,-0.37,0.74));
#4814 = LINE('',#4815,#4816);
#4815 = CARTESIAN_POINT('',(-0.5,-0.37,0.74));
#4816 = VECTOR('',#4817,1.);
#4817 = DIRECTION('',(1.,0.,0.));
#4818 = ORIENTED_EDGE('',*,*,#4819,.T.);
#4819 = EDGE_CURVE('',#4812,#4789,#4820,.T.);
#4820 = CIRCLE('',#4821,3.E-02);
#4821 = AXIS2_PLACEMENT_3D('',#4822,#4823,#4824);
#4822 = CARTESIAN_POINT('',(0.5,-0.34,0.74));
#4823 = DIRECTION('',(-1.,0.,0.));
#4824 = DIRECTION('',(0.,0.,1.));
#4825 = ORIENTED_EDGE('',*,*,#4788,.F.);
#4826 = ORIENTED_EDGE('',*,*,#4600,.F.);
#4827 = CYLINDRICAL_SURFACE('',#4828,3.E-02);
#4828 = AXIS2_PLACEMENT_3D('',#4829,#4830,#4831);
#4829 = CARTESIAN_POINT('',(-0.5,-0.34,0.74));
#4830 = DIRECTION('',(1.,0.,0.));
#4831 = DIRECTION('',(0.,-1.,0.));
#4832 = ADVANCED_FACE('',(#4833),#4844,.F.);
#4833 = FACE_BOUND('',#4834,.F.);
#4834 = EDGE_LOOP('',(#4835,#4841,#4842,#4843));
#4835 = ORIENTED_EDGE('',*,*,#4836,.F.);
#4836 = EDGE_CURVE('',#4667,#4812,#4837,.T.);
#4837 = LINE('',#4838,#4839);
#4838 = CARTESIAN_POINT('',(0.5,-0.37,3.E-02));
#4839 = VECTOR('',#4840,1.);
#4840 = DIRECTION('',(0.,0.,1.));
#4841 = ORIENTED_EDGE('',*,*,#4675,.F.);
#4842 = ORIENTED_EDGE('',*,*,#4592,.T.);
#4843 = ORIENTED_EDGE('',*,*,#4811,.T.);
#4844 = PLANE('',#4845);
#4845 = AXIS2_PLACEMENT_3D('',#4846,#4847,#4848);
#4846 = CARTESIAN_POINT('',(-0.5,-0.37,3.E-02));
#4847 = DIRECTION('',(0.,1.,0.));
#4848 = DIRECTION('',(0.,-0.,1.));
#4849 = ADVANCED_FACE('',(#4850,#4920),#4930,.F.);
#4850 = FACE_BOUND('',#4851,.F.);
#4851 = EDGE_LOOP('',(#4852,#4862,#4871,#4879,#4888,#4896,#4905,#4913));
#4852 = ORIENTED_EDGE('',*,*,#4853,.F.);
#4853 = EDGE_CURVE('',#4854,#4856,#4858,.T.);
#4854 = VERTEX_POINT('',#4855);
#4855 = CARTESIAN_POINT('',(0.5,-0.4,3.E-02));
#4856 = VERTEX_POINT('',#4857);
#4857 = CARTESIAN_POINT('',(0.5,-0.4,0.77));
#4858 = LINE('',#4859,#4860);
#4859 = CARTESIAN_POINT('',(0.5,-0.4,0.));
#4860 = VECTOR('',#4861,1.);
#4861 = DIRECTION('',(0.,0.,1.));
#4862 = ORIENTED_EDGE('',*,*,#4863,.T.);
#4863 = EDGE_CURVE('',#4854,#4864,#4866,.T.);
#4864 = VERTEX_POINT('',#4865);
#4865 = CARTESIAN_POINT('',(0.5,-0.37,0.));
#4866 = CIRCLE('',#4867,3.E-02);
#4867 = AXIS2_PLACEMENT_3D('',#4868,#4869,#4870);
#4868 = CARTESIAN_POINT('',(0.5,-0.37,3.E-02));
#4869 = DIRECTION('',(1.,0.,-0.));
#4870 = DIRECTION('',(0.,0.,1.));
#4871 = ORIENTED_EDGE('',*,*,#4872,.T.);
#4872 = EDGE_CURVE('',#4864,#4873,#4875,.T.);
#4873 = VERTEX_POINT('',#4874);
#4874 = CARTESIAN_POINT('',(0.5,0.37,0.));
#4875 = LINE('',#4876,#4877);
#4876 = CARTESIAN_POINT('',(0.5,-0.4,0.));
#4877 = VECTOR('',#4878,1.);
#4878 = DIRECTION('',(0.,1.,0.));
#4879 = ORIENTED_EDGE('',*,*,#4880,.F.);
#4880 = EDGE_CURVE('',#4881,#4873,#4883,.T.);
#4881 = VERTEX_POINT('',#4882);
#4882 = CARTESIAN_POINT('',(0.5,0.4,3.E-02));
#4883 = CIRCLE('',#4884,3.E-02);
#4884 = AXIS2_PLACEMENT_3D('',#4885,#4886,#4887);
#4885 = CARTESIAN_POINT('',(0.5,0.37,3.E-02));
#4886 = DIRECTION('',(-1.,0.,0.));
#4887 = DIRECTION('',(0.,0.,1.));
#4888 = ORIENTED_EDGE('',*,*,#4889,.T.);
#4889 = EDGE_CURVE('',#4881,#4890,#4892,.T.);
#4890 = VERTEX_POINT('',#4891);
#4891 = CARTESIAN_POINT('',(0.5,0.4,0.77));
#4892 = LINE('',#4893,#4894);
#4893 = CARTESIAN_POINT('',(0.5,0.4,0.));
#4894 = VECTOR('',#4895,1.);
#4895 = DIRECTION('',(0.,0.,1.));
#4896 = ORIENTED_EDGE('',*,*,#4897,.T.);
#4897 = EDGE_CURVE('',#4890,#4898,#4900,.T.);
#4898 = VERTEX_POINT('',#4899);
#4899 = CARTESIAN_POINT('',(0.5,0.37,0.8));
#4900 = CIRCLE('',#4901,3.E-02);
#4901 = AXIS2_PLACEMENT_3D('',#4902,#4903,#4904);
#4902 = CARTESIAN_POINT('',(0.5,0.37,0.77));
#4903 = DIRECTION('',(1.,0.,-0.));
#4904 = DIRECTION('',(0.,0.,1.));
#4905 = ORIENTED_EDGE('',*,*,#4906,.F.);
#4906 = EDGE_CURVE('',#4907,#4898,#4909,.T.);
#4907 = VERTEX_POINT('',#4908);
#4908 = CARTESIAN_POINT('',(0.5,-0.37,0.8));
#4909 = LINE('',#4910,#4911);
#4910 = CARTESIAN_POINT('',(0.5,-0.4,0.8));
#4911 = VECTOR('',#4912,1.);
#4912 = DIRECTION('',(0.,1.,0.));
#4913 = ORIENTED_EDGE('',*,*,#4914,.F.);
#4914 = EDGE_CURVE('',#4856,#4907,#4915,.T.);
#4915 = CIRCLE('',#4916,3.E-02);
#4916 = AXIS2_PLACEMENT_3D('',#4917,#4918,#4919);
#4917 = CARTESIAN_POINT('',(0.5,-0.37,0.77));
#4918 = DIRECTION('',(-1.,0.,0.));
#4919 = DIRECTION('',(0.,0.,1.));
#4920 = FACE_BOUND('',#4921,.F.);
#4921 = EDGE_LOOP('',(#4922,#4923,#4924,#4925,#4926,#4927,#4928,#4929));
#4922 = ORIENTED_EDGE('',*,*,#4666,.F.);
#4923 = ORIENTED_EDGE('',*,*,#4836,.T.);
#4924 = ORIENTED_EDGE('',*,*,#4819,.T.);
#4925 = ORIENTED_EDGE('',*,*,#4796,.T.);
#4926 = ORIENTED_EDGE('',*,*,#4771,.F.);
#4927 = ORIENTED_EDGE('',*,*,#4738,.F.);
#4928 = ORIENTED_EDGE('',*,*,#4721,.T.);
#4929 = ORIENTED_EDGE('',*,*,#4691,.F.);
#4930 = PLANE('',#4931);
#4931 = AXIS2_PLACEMENT_3D('',#4932,#4933,#4934);
#4932 = CARTESIAN_POINT('',(0.5,-0.4,0.));
#4933 = DIRECTION('',(1.,0.,0.));
#4934 = DIRECTION('',(0.,0.,1.));
#4935 = ADVANCED_FACE('',(#4936),#4961,.F.);
#4936 = FACE_BOUND('',#4937,.F.);
#4937 = EDGE_LOOP('',(#4938,#4948,#4954,#4955));
#4938 = ORIENTED_EDGE('',*,*,#4939,.F.);
#4939 = EDGE_CURVE('',#4940,#4942,#4944,.T.);
#4940 = VERTEX_POINT('',#4941);
#4941 = CARTESIAN_POINT('',(0.8,-0.4,3.E-02));
#4942 = VERTEX_POINT('',#4943);
#4943 = CARTESIAN_POINT('',(0.8,-0.4,0.77));
#4944 = LINE('',#4945,#4946);
#4945 = CARTESIAN_POINT('',(0.8,-0.4,0.));
#4946 = VECTOR('',#4947,1.);
#4947 = DIRECTION('',(0.,0.,1.));
#4948 = ORIENTED_EDGE('',*,*,#4949,.F.);
#4949 = EDGE_CURVE('',#4854,#4940,#4950,.T.);
#4950 = LINE('',#4951,#4952);
#4951 = CARTESIAN_POINT('',(0.5,-0.4,3.E-02));
#4952 = VECTOR('',#4953,1.);
#4953 = DIRECTION('',(1.,0.,0.));
#4954 = ORIENTED_EDGE('',*,*,#4853,.T.);
#4955 = ORIENTED_EDGE('',*,*,#4956,.T.);
#4956 = EDGE_CURVE('',#4856,#4942,#4957,.T.);
#4957 = LINE('',#4958,#4959);
#4958 = CARTESIAN_POINT('',(0.5,-0.4,0.77));
#4959 = VECTOR('',#4960,1.);
#4960 = DIRECTION('',(1.,0.,0.));
#4961 = PLANE('',#4962);
#4962 = AXIS2_PLACEMENT_3D('',#4963,#4964,#4965);
#4963 = CARTESIAN_POINT('',(0.5,-0.4,0.));
#4964 = DIRECTION('',(0.,1.,0.));
#4965 = DIRECTION('',(0.,-0.,1.));
#4966 = ADVANCED_FACE('',(#4967),#4986,.T.);
#4967 = FACE_BOUND('',#4968,.T.);
#4968 = EDGE_LOOP('',(#4969,#4970,#4978,#4985));
#4969 = ORIENTED_EDGE('',*,*,#4863,.T.);
#4970 = ORIENTED_EDGE('',*,*,#4971,.T.);
#4971 = EDGE_CURVE('',#4864,#4972,#4974,.T.);
#4972 = VERTEX_POINT('',#4973);
#4973 = CARTESIAN_POINT('',(0.8,-0.37,0.));
#4974 = LINE('',#4975,#4976);
#4975 = CARTESIAN_POINT('',(0.5,-0.37,0.));
#4976 = VECTOR('',#4977,1.);
#4977 = DIRECTION('',(1.,0.,0.));
#4978 = ORIENTED_EDGE('',*,*,#4979,.F.);
#4979 = EDGE_CURVE('',#4940,#4972,#4980,.T.);
#4980 = CIRCLE('',#4981,3.E-02);
#4981 = AXIS2_PLACEMENT_3D('',#4982,#4983,#4984);
#4982 = CARTESIAN_POINT('',(0.8,-0.37,3.E-02));
#4983 = DIRECTION('',(1.,0.,-0.));
#4984 = DIRECTION('',(0.,0.,1.));
#4985 = ORIENTED_EDGE('',*,*,#4949,.F.);
#4986 = CYLINDRICAL_SURFACE('',#4987,3.E-02);
#4987 = AXIS2_PLACEMENT_3D('',#4988,#4989,#4990);
#4988 = CARTESIAN_POINT('',(0.5,-0.37,3.E-02));
#4989 = DIRECTION('',(1.,0.,0.));
#4990 = DIRECTION('',(0.,-1.,0.));
#4991 = ADVANCED_FACE('',(#4992),#5011,.T.);
#4992 = FACE_BOUND('',#4993,.T.);
#4993 = EDGE_LOOP('',(#4994,#4995,#5004,#5010));
#4994 = ORIENTED_EDGE('',*,*,#4956,.T.);
#4995 = ORIENTED_EDGE('',*,*,#4996,.T.);
#4996 = EDGE_CURVE('',#4942,#4997,#4999,.T.);
#4997 = VERTEX_POINT('',#4998);
#4998 = CARTESIAN_POINT('',(0.8,-0.37,0.8));
#4999 = CIRCLE('',#5000,3.E-02);
#5000 = AXIS2_PLACEMENT_3D('',#5001,#5002,#5003);
#5001 = CARTESIAN_POINT('',(0.8,-0.37,0.77));
#5002 = DIRECTION('',(-1.,0.,0.));
#5003 = DIRECTION('',(0.,0.,1.));
#5004 = ORIENTED_EDGE('',*,*,#5005,.F.);
#5005 = EDGE_CURVE('',#4907,#4997,#5006,.T.);
#5006 = LINE('',#5007,#5008);
#5007 = CARTESIAN_POINT('',(0.5,-0.37,0.8));
#5008 = VECTOR('',#5009,1.);
#5009 = DIRECTION('',(1.,0.,0.));
#5010 = ORIENTED_EDGE('',*,*,#4914,.F.);
#5011 = CYLINDRICAL_SURFACE('',#5012,3.E-02);
#5012 = AXIS2_PLACEMENT_3D('',#5013,#5014,#5015);
#5013 = CARTESIAN_POINT('',(0.5,-0.37,0.77));
#5014 = DIRECTION('',(1.,0.,0.));
#5015 = DIRECTION('',(0.,-1.,0.));
#5016 = ADVANCED_FACE('',(#5017),#5035,.F.);
#5017 = FACE_BOUND('',#5018,.F.);
#5018 = EDGE_LOOP('',(#5019,#5020,#5021,#5029));
#5019 = ORIENTED_EDGE('',*,*,#4872,.F.);
#5020 = ORIENTED_EDGE('',*,*,#4971,.T.);
#5021 = ORIENTED_EDGE('',*,*,#5022,.T.);
#5022 = EDGE_CURVE('',#4972,#5023,#5025,.T.);
#5023 = VERTEX_POINT('',#5024);
#5024 = CARTESIAN_POINT('',(0.8,0.37,0.));
#5025 = LINE('',#5026,#5027);
#5026 = CARTESIAN_POINT('',(0.8,-0.4,0.));
#5027 = VECTOR('',#5028,1.);
#5028 = DIRECTION('',(0.,1.,0.));
#5029 = ORIENTED_EDGE('',*,*,#5030,.F.);
#5030 = EDGE_CURVE('',#4873,#5023,#5031,.T.);
#5031 = LINE('',#5032,#5033);
#5032 = CARTESIAN_POINT('',(0.5,0.37,0.));
#5033 = VECTOR('',#5034,1.);
#5034 = DIRECTION('',(1.,0.,0.));
#5035 = PLANE('',#5036);
#5036 = AXIS2_PLACEMENT_3D('',#5037,#5038,#5039);
#5037 = CARTESIAN_POINT('',(0.5,-0.4,0.));
#5038 = DIRECTION('',(0.,0.,1.));
#5039 = DIRECTION('',(1.,0.,-0.));
#5040 = ADVANCED_FACE('',(#5041),#5059,.T.);
#5041 = FACE_BOUND('',#5042,.T.);
#5042 = EDGE_LOOP('',(#5043,#5044,#5045,#5053));
#5043 = ORIENTED_EDGE('',*,*,#4906,.F.);
#5044 = ORIENTED_EDGE('',*,*,#5005,.T.);
#5045 = ORIENTED_EDGE('',*,*,#5046,.T.);
#5046 = EDGE_CURVE('',#4997,#5047,#5049,.T.);
#5047 = VERTEX_POINT('',#5048);
#5048 = CARTESIAN_POINT('',(0.8,0.37,0.8));
#5049 = LINE('',#5050,#5051);
#5050 = CARTESIAN_POINT('',(0.8,-0.4,0.8));
#5051 = VECTOR('',#5052,1.);
#5052 = DIRECTION('',(0.,1.,0.));
#5053 = ORIENTED_EDGE('',*,*,#5054,.F.);
#5054 = EDGE_CURVE('',#4898,#5047,#5055,.T.);
#5055 = LINE('',#5056,#5057);
#5056 = CARTESIAN_POINT('',(0.5,0.37,0.8));
#5057 = VECTOR('',#5058,1.);
#5058 = DIRECTION('',(1.,0.,0.));
#5059 = PLANE('',#5060);
#5060 = AXIS2_PLACEMENT_3D('',#5061,#5062,#5063);
#5061 = CARTESIAN_POINT('',(0.5,-0.4,0.8));
#5062 = DIRECTION('',(0.,0.,1.));
#5063 = DIRECTION('',(1.,0.,-0.));
#5064 = ADVANCED_FACE('',(#5065),#5084,.T.);
#5065 = FACE_BOUND('',#5066,.T.);
#5066 = EDGE_LOOP('',(#5067,#5075,#5082,#5083));
#5067 = ORIENTED_EDGE('',*,*,#5068,.T.);
#5068 = EDGE_CURVE('',#4881,#5069,#5071,.T.);
#5069 = VERTEX_POINT('',#5070);
#5070 = CARTESIAN_POINT('',(0.8,0.4,3.E-02));
#5071 = LINE('',#5072,#5073);
#5072 = CARTESIAN_POINT('',(0.5,0.4,3.E-02));
#5073 = VECTOR('',#5074,1.);
#5074 = DIRECTION('',(1.,0.,0.));
#5075 = ORIENTED_EDGE('',*,*,#5076,.T.);
#5076 = EDGE_CURVE('',#5069,#5023,#5077,.T.);
#5077 = CIRCLE('',#5078,3.E-02);
#5078 = AXIS2_PLACEMENT_3D('',#5079,#5080,#5081);
#5079 = CARTESIAN_POINT('',(0.8,0.37,3.E-02));
#5080 = DIRECTION('',(-1.,0.,0.));
#5081 = DIRECTION('',(0.,0.,1.));
#5082 = ORIENTED_EDGE('',*,*,#5030,.F.);
#5083 = ORIENTED_EDGE('',*,*,#4880,.F.);
#5084 = CYLINDRICAL_SURFACE('',#5085,3.E-02);
#5085 = AXIS2_PLACEMENT_3D('',#5086,#5087,#5088);
#5086 = CARTESIAN_POINT('',(0.5,0.37,3.E-02));
#5087 = DIRECTION('',(1.,0.,0.));
#5088 = DIRECTION('',(-0.,1.,0.));
#5089 = ADVANCED_FACE('',(#5090),#5109,.T.);
#5090 = FACE_BOUND('',#5091,.T.);
#5091 = EDGE_LOOP('',(#5092,#5093,#5094,#5103));
#5092 = ORIENTED_EDGE('',*,*,#4897,.T.);
#5093 = ORIENTED_EDGE('',*,*,#5054,.T.);
#5094 = ORIENTED_EDGE('',*,*,#5095,.F.);
#5095 = EDGE_CURVE('',#5096,#5047,#5098,.T.);
#5096 = VERTEX_POINT('',#5097);
#5097 = CARTESIAN_POINT('',(0.8,0.4,0.77));
#5098 = CIRCLE('',#5099,3.E-02);
#5099 = AXIS2_PLACEMENT_3D('',#5100,#5101,#5102);
#5100 = CARTESIAN_POINT('',(0.8,0.37,0.77));
#5101 = DIRECTION('',(1.,0.,-0.));
#5102 = DIRECTION('',(0.,0.,1.));
#5103 = ORIENTED_EDGE('',*,*,#5104,.F.);
#5104 = EDGE_CURVE('',#4890,#5096,#5105,.T.);
#5105 = LINE('',#5106,#5107);
#5106 = CARTESIAN_POINT('',(0.5,0.4,0.77));
#5107 = VECTOR('',#5108,1.);
#5108 = DIRECTION('',(1.,0.,0.));
#5109 = CYLINDRICAL_SURFACE('',#5110,3.E-02);
#5110 = AXIS2_PLACEMENT_3D('',#5111,#5112,#5113);
#5111 = CARTESIAN_POINT('',(0.5,0.37,0.77));
#5112 = DIRECTION('',(1.,0.,0.));
#5113 = DIRECTION('',(-0.,1.,0.));
#5114 = ADVANCED_FACE('',(#5115),#5126,.T.);
#5115 = FACE_BOUND('',#5116,.T.);
#5116 = EDGE_LOOP('',(#5117,#5123,#5124,#5125));
#5117 = ORIENTED_EDGE('',*,*,#5118,.F.);
#5118 = EDGE_CURVE('',#5069,#5096,#5119,.T.);
#5119 = LINE('',#5120,#5121);
#5120 = CARTESIAN_POINT('',(0.8,0.4,0.));
#5121 = VECTOR('',#5122,1.);
#5122 = DIRECTION('',(0.,0.,1.));
#5123 = ORIENTED_EDGE('',*,*,#5068,.F.);
#5124 = ORIENTED_EDGE('',*,*,#4889,.T.);
#5125 = ORIENTED_EDGE('',*,*,#5104,.T.);
#5126 = PLANE('',#5127);
#5127 = AXIS2_PLACEMENT_3D('',#5128,#5129,#5130);
#5128 = CARTESIAN_POINT('',(0.5,0.4,0.));
#5129 = DIRECTION('',(0.,1.,0.));
#5130 = DIRECTION('',(0.,-0.,1.));
#5131 = ADVANCED_FACE('',(#5132),#5142,.T.);
#5132 = FACE_BOUND('',#5133,.T.);
#5133 = EDGE_LOOP('',(#5134,#5135,#5136,#5137,#5138,#5139,#5140,#5141));
#5134 = ORIENTED_EDGE('',*,*,#4939,.F.);
#5135 = ORIENTED_EDGE('',*,*,#4979,.T.);
#5136 = ORIENTED_EDGE('',*,*,#5022,.T.);
#5137 = ORIENTED_EDGE('',*,*,#5076,.F.);
#5138 = ORIENTED_EDGE('',*,*,#5118,.T.);
#5139 = ORIENTED_EDGE('',*,*,#5095,.T.);
#5140 = ORIENTED_EDGE('',*,*,#5046,.F.);
#5141 = ORIENTED_EDGE('',*,*,#4996,.F.);
#5142 = PLANE('',#5143);
#5143 = AXIS2_PLACEMENT_3D('',#5144,#5145,#5146);
#5144 = CARTESIAN_POINT('',(0.8,-0.4,0.));
#5145 = DIRECTION('',(1.,0.,0.));
#5146 = DIRECTION('',(0.,0.,1.));
#5147 = ( GEOMETRIC_REPRESENTATION_CONTEXT(3) 
GLOBAL_UNCERTAINTY_ASSIGNED_CONTEXT((#5151)) 
GLOBAL_UNIT_ASSIGNED_CONTEXT((#5148,#5149,#5150)) REPRESENTATION_CONTEXT
('Context #1','3D Context with UNIT and UNCERTAINTY') );
#5148 = ( LENGTH_UNIT() NAMED_UNIT(*) SI_UNIT(.MILLI.,.METRE.) );
#5149 = ( NAMED_UNIT(*) PLANE_ANGLE_UNIT() SI_UNIT($,.RADIAN.) );
#5150 = ( NAMED_UNIT(*) SI_UNIT($,.STERADIAN.) SOLID_ANGLE_UNIT() );
#5151 = UNCERTAINTY_MEASURE_WITH_UNIT(LENGTH_MEASURE(1.E-07),#5148,
  'distance_accuracy_value','confusion accuracy');
#5152 = CONTEXT_DEPENDENT_SHAPE_REPRESENTATION(#5153,#5155);
#5153 = ( REPRESENTATION_RELATIONSHIP('','',#4292,#10) 
REPRESENTATION_RELATIONSHIP_WITH_TRANSFORMATION(#5154) 
SHAPE_REPRESENTATION_RELATIONSHIP() );
#5154 = ITEM_DEFINED_TRANSFORMATION('','',#11,#31);
#5155 = PRODUCT_DEFINITION_SHAPE('Placement','Placement of an item',
  #5156);
#5156 = NEXT_ASSEMBLY_USAGE_OCCURRENCE('5','C1','',#5,#4287,$);
#5157 = PRODUCT_RELATED_PRODUCT_CATEGORY('part',$,(#4289));
#5158 = SHAPE_DEFINITION_REPRESENTATION(#5159,#5165);
#5159 = PRODUCT_DEFINITION_SHAPE('','',#5160);
#5160 = PRODUCT_DEFINITION('design','',#5161,#5164);
#5161 = PRODUCT_DEFINITION_FORMATION('','',#5162);
#5162 = PRODUCT('R_0603_1608Metric','R_0603_1608Metric','',(#5163));
#5163 = PRODUCT_CONTEXT('',#2,'mechanical');
#5164 = PRODUCT_DEFINITION_CONTEXT('part definition',#2,'design');
#5165 = ADVANCED_BREP_SHAPE_REPRESENTATION('',(#11,#5166),#5956);
#5166 = MANIFOLD_SOLID_BREP('',#5167);
#5167 = CLOSED_SHELL('',(#5168,#5208,#5291,#5316,#5341,#5408,#5425,#5442
    ,#5491,#5508,#5525,#5574,#5591,#5660,#5691,#5715,#5784,#5808,#5825,
    #5842,#5859,#5876,#5893,#5910,#5927,#5944));
#5168 = ADVANCED_FACE('',(#5169),#5203,.F.);
#5169 = FACE_BOUND('',#5170,.F.);
#5170 = EDGE_LOOP('',(#5171,#5181,#5189,#5197));
#5171 = ORIENTED_EDGE('',*,*,#5172,.F.);
#5172 = EDGE_CURVE('',#5173,#5175,#5177,.T.);
#5173 = VERTEX_POINT('',#5174);
#5174 = CARTESIAN_POINT('',(-0.8,-0.4,4.5E-02));
#5175 = VERTEX_POINT('',#5176);
#5176 = CARTESIAN_POINT('',(-0.8,-0.4,0.405));
#5177 = LINE('',#5178,#5179);
#5178 = CARTESIAN_POINT('',(-0.8,-0.4,0.));
#5179 = VECTOR('',#5180,1.);
#5180 = DIRECTION('',(0.,0.,1.));
#5181 = ORIENTED_EDGE('',*,*,#5182,.T.);
#5182 = EDGE_CURVE('',#5173,#5183,#5185,.T.);
#5183 = VERTEX_POINT('',#5184);
#5184 = CARTESIAN_POINT('',(-0.8,0.4,4.5E-02));
#5185 = LINE('',#5186,#5187);
#5186 = CARTESIAN_POINT('',(-0.8,-0.4,4.5E-02));
#5187 = VECTOR('',#5188,1.);
#5188 = DIRECTION('',(0.,1.,0.));
#5189 = ORIENTED_EDGE('',*,*,#5190,.T.);
#5190 = EDGE_CURVE('',#5183,#5191,#5193,.T.);
#5191 = VERTEX_POINT('',#5192);
#5192 = CARTESIAN_POINT('',(-0.8,0.4,0.405));
#5193 = LINE('',#5194,#5195);
#5194 = CARTESIAN_POINT('',(-0.8,0.4,0.));
#5195 = VECTOR('',#5196,1.);
#5196 = DIRECTION('',(0.,0.,1.));
#5197 = ORIENTED_EDGE('',*,*,#5198,.F.);
#5198 = EDGE_CURVE('',#5175,#5191,#5199,.T.);
#5199 = LINE('',#5200,#5201);
#5200 = CARTESIAN_POINT('',(-0.8,-0.4,0.405));
#5201 = VECTOR('',#5202,1.);
#5202 = DIRECTION('',(0.,1.,0.));
#5203 = PLANE('',#5204);
#5204 = AXIS2_PLACEMENT_3D('',#5205,#5206,#5207);
#5205 = CARTESIAN_POINT('',(-0.8,-0.4,0.));
#5206 = DIRECTION('',(1.,0.,0.));
#5207 = DIRECTION('',(0.,0.,1.));
#5208 = ADVANCED_FACE('',(#5209),#5286,.F.);
#5209 = FACE_BOUND('',#5210,.F.);
#5210 = EDGE_LOOP('',(#5211,#5221,#5228,#5229,#5238,#5246,#5255,#5263,
    #5271,#5279));
#5211 = ORIENTED_EDGE('',*,*,#5212,.F.);
#5212 = EDGE_CURVE('',#5213,#5215,#5217,.T.);
#5213 = VERTEX_POINT('',#5214);
#5214 = CARTESIAN_POINT('',(-0.755,-0.4,-2.775557561563E-17));
#5215 = VERTEX_POINT('',#5216);
#5216 = CARTESIAN_POINT('',(-0.545,-0.4,-2.775557561563E-17));
#5217 = LINE('',#5218,#5219);
#5218 = CARTESIAN_POINT('',(-0.8,-0.4,0.));
#5219 = VECTOR('',#5220,1.);
#5220 = DIRECTION('',(1.,0.,0.));
#5221 = ORIENTED_EDGE('',*,*,#5222,.F.);
#5222 = EDGE_CURVE('',#5173,#5213,#5223,.T.);
#5223 = CIRCLE('',#5224,4.5E-02);
#5224 = AXIS2_PLACEMENT_3D('',#5225,#5226,#5227);
#5225 = CARTESIAN_POINT('',(-0.755,-0.4,4.5E-02));
#5226 = DIRECTION('',(0.,-1.,0.));
#5227 = DIRECTION('',(0.,0.,1.));
#5228 = ORIENTED_EDGE('',*,*,#5172,.T.);
#5229 = ORIENTED_EDGE('',*,*,#5230,.T.);
#5230 = EDGE_CURVE('',#5175,#5231,#5233,.T.);
#5231 = VERTEX_POINT('',#5232);
#5232 = CARTESIAN_POINT('',(-0.755,-0.4,0.45));
#5233 = CIRCLE('',#5234,4.5E-02);
#5234 = AXIS2_PLACEMENT_3D('',#5235,#5236,#5237);
#5235 = CARTESIAN_POINT('',(-0.755,-0.4,0.405));
#5236 = DIRECTION('',(0.,1.,0.));
#5237 = DIRECTION('',(0.,-0.,1.));
#5238 = ORIENTED_EDGE('',*,*,#5239,.T.);
#5239 = EDGE_CURVE('',#5231,#5240,#5242,.T.);
#5240 = VERTEX_POINT('',#5241);
#5241 = CARTESIAN_POINT('',(-0.545,-0.4,0.45));
#5242 = LINE('',#5243,#5244);
#5243 = CARTESIAN_POINT('',(-0.8,-0.4,0.45));
#5244 = VECTOR('',#5245,1.);
#5245 = DIRECTION('',(1.,0.,0.));
#5246 = ORIENTED_EDGE('',*,*,#5247,.F.);
#5247 = EDGE_CURVE('',#5248,#5240,#5250,.T.);
#5248 = VERTEX_POINT('',#5249);
#5249 = CARTESIAN_POINT('',(-0.5,-0.4,0.405));
#5250 = CIRCLE('',#5251,4.5E-02);
#5251 = AXIS2_PLACEMENT_3D('',#5252,#5253,#5254);
#5252 = CARTESIAN_POINT('',(-0.545,-0.4,0.405));
#5253 = DIRECTION('',(0.,-1.,0.));
#5254 = DIRECTION('',(0.,0.,1.));
#5255 = ORIENTED_EDGE('',*,*,#5256,.F.);
#5256 = EDGE_CURVE('',#5257,#5248,#5259,.T.);
#5257 = VERTEX_POINT('',#5258);
#5258 = CARTESIAN_POINT('',(-0.755,-0.4,0.405));
#5259 = LINE('',#5260,#5261);
#5260 = CARTESIAN_POINT('',(-0.755,-0.4,0.405));
#5261 = VECTOR('',#5262,1.);
#5262 = DIRECTION('',(1.,0.,0.));
#5263 = ORIENTED_EDGE('',*,*,#5264,.F.);
#5264 = EDGE_CURVE('',#5265,#5257,#5267,.T.);
#5265 = VERTEX_POINT('',#5266);
#5266 = CARTESIAN_POINT('',(-0.755,-0.4,4.5E-02));
#5267 = LINE('',#5268,#5269);
#5268 = CARTESIAN_POINT('',(-0.755,-0.4,4.5E-02));
#5269 = VECTOR('',#5270,1.);
#5270 = DIRECTION('',(0.,0.,1.));
#5271 = ORIENTED_EDGE('',*,*,#5272,.T.);
#5272 = EDGE_CURVE('',#5265,#5273,#5275,.T.);
#5273 = VERTEX_POINT('',#5274);
#5274 = CARTESIAN_POINT('',(-0.5,-0.4,4.5E-02));
#5275 = LINE('',#5276,#5277);
#5276 = CARTESIAN_POINT('',(-0.755,-0.4,4.5E-02));
#5277 = VECTOR('',#5278,1.);
#5278 = DIRECTION('',(1.,0.,0.));
#5279 = ORIENTED_EDGE('',*,*,#5280,.T.);
#5280 = EDGE_CURVE('',#5273,#5215,#5281,.T.);
#5281 = CIRCLE('',#5282,4.5E-02);
#5282 = AXIS2_PLACEMENT_3D('',#5283,#5284,#5285);
#5283 = CARTESIAN_POINT('',(-0.545,-0.4,4.5E-02));
#5284 = DIRECTION('',(0.,1.,0.));
#5285 = DIRECTION('',(0.,-0.,1.));
#5286 = PLANE('',#5287);
#5287 = AXIS2_PLACEMENT_3D('',#5288,#5289,#5290);
#5288 = CARTESIAN_POINT('',(-0.8,-0.4,0.));
#5289 = DIRECTION('',(0.,1.,0.));
#5290 = DIRECTION('',(0.,-0.,1.));
#5291 = ADVANCED_FACE('',(#5292),#5311,.T.);
#5292 = FACE_BOUND('',#5293,.T.);
#5293 = EDGE_LOOP('',(#5294,#5295,#5304,#5310));
#5294 = ORIENTED_EDGE('',*,*,#5182,.T.);
#5295 = ORIENTED_EDGE('',*,*,#5296,.T.);
#5296 = EDGE_CURVE('',#5183,#5297,#5299,.T.);
#5297 = VERTEX_POINT('',#5298);
#5298 = CARTESIAN_POINT('',(-0.755,0.4,-2.775557561563E-17));
#5299 = CIRCLE('',#5300,4.5E-02);
#5300 = AXIS2_PLACEMENT_3D('',#5301,#5302,#5303);
#5301 = CARTESIAN_POINT('',(-0.755,0.4,4.5E-02));
#5302 = DIRECTION('',(0.,-1.,0.));
#5303 = DIRECTION('',(0.,0.,1.));
#5304 = ORIENTED_EDGE('',*,*,#5305,.F.);
#5305 = EDGE_CURVE('',#5213,#5297,#5306,.T.);
#5306 = LINE('',#5307,#5308);
#5307 = CARTESIAN_POINT('',(-0.755,-0.4,-2.775557561563E-17));
#5308 = VECTOR('',#5309,1.);
#5309 = DIRECTION('',(0.,1.,0.));
#5310 = ORIENTED_EDGE('',*,*,#5222,.F.);
#5311 = CYLINDRICAL_SURFACE('',#5312,4.5E-02);
#5312 = AXIS2_PLACEMENT_3D('',#5313,#5314,#5315);
#5313 = CARTESIAN_POINT('',(-0.755,-0.4,4.5E-02));
#5314 = DIRECTION('',(0.,1.,0.));
#5315 = DIRECTION('',(-1.,0.,0.));
#5316 = ADVANCED_FACE('',(#5317),#5336,.T.);
#5317 = FACE_BOUND('',#5318,.T.);
#5318 = EDGE_LOOP('',(#5319,#5320,#5328,#5335));
#5319 = ORIENTED_EDGE('',*,*,#5230,.T.);
#5320 = ORIENTED_EDGE('',*,*,#5321,.T.);
#5321 = EDGE_CURVE('',#5231,#5322,#5324,.T.);
#5322 = VERTEX_POINT('',#5323);
#5323 = CARTESIAN_POINT('',(-0.755,0.4,0.45));
#5324 = LINE('',#5325,#5326);
#5325 = CARTESIAN_POINT('',(-0.755,-0.4,0.45));
#5326 = VECTOR('',#5327,1.);
#5327 = DIRECTION('',(0.,1.,0.));
#5328 = ORIENTED_EDGE('',*,*,#5329,.F.);
#5329 = EDGE_CURVE('',#5191,#5322,#5330,.T.);
#5330 = CIRCLE('',#5331,4.5E-02);
#5331 = AXIS2_PLACEMENT_3D('',#5332,#5333,#5334);
#5332 = CARTESIAN_POINT('',(-0.755,0.4,0.405));
#5333 = DIRECTION('',(0.,1.,0.));
#5334 = DIRECTION('',(0.,-0.,1.));
#5335 = ORIENTED_EDGE('',*,*,#5198,.F.);
#5336 = CYLINDRICAL_SURFACE('',#5337,4.5E-02);
#5337 = AXIS2_PLACEMENT_3D('',#5338,#5339,#5340);
#5338 = CARTESIAN_POINT('',(-0.755,-0.4,0.405));
#5339 = DIRECTION('',(0.,1.,0.));
#5340 = DIRECTION('',(-1.,0.,0.));
#5341 = ADVANCED_FACE('',(#5342),#5403,.T.);
#5342 = FACE_BOUND('',#5343,.T.);
#5343 = EDGE_LOOP('',(#5344,#5352,#5353,#5354,#5355,#5363,#5372,#5380,
    #5388,#5396));
#5344 = ORIENTED_EDGE('',*,*,#5345,.F.);
#5345 = EDGE_CURVE('',#5297,#5346,#5348,.T.);
#5346 = VERTEX_POINT('',#5347);
#5347 = CARTESIAN_POINT('',(-0.545,0.4,-2.775557561563E-17));
#5348 = LINE('',#5349,#5350);
#5349 = CARTESIAN_POINT('',(-0.8,0.4,0.));
#5350 = VECTOR('',#5351,1.);
#5351 = DIRECTION('',(1.,0.,0.));
#5352 = ORIENTED_EDGE('',*,*,#5296,.F.);
#5353 = ORIENTED_EDGE('',*,*,#5190,.T.);
#5354 = ORIENTED_EDGE('',*,*,#5329,.T.);
#5355 = ORIENTED_EDGE('',*,*,#5356,.T.);
#5356 = EDGE_CURVE('',#5322,#5357,#5359,.T.);
#5357 = VERTEX_POINT('',#5358);
#5358 = CARTESIAN_POINT('',(-0.545,0.4,0.45));
#5359 = LINE('',#5360,#5361);
#5360 = CARTESIAN_POINT('',(-0.8,0.4,0.45));
#5361 = VECTOR('',#5362,1.);
#5362 = DIRECTION('',(1.,0.,0.));
#5363 = ORIENTED_EDGE('',*,*,#5364,.F.);
#5364 = EDGE_CURVE('',#5365,#5357,#5367,.T.);
#5365 = VERTEX_POINT('',#5366);
#5366 = CARTESIAN_POINT('',(-0.5,0.4,0.405));
#5367 = CIRCLE('',#5368,4.5E-02);
#5368 = AXIS2_PLACEMENT_3D('',#5369,#5370,#5371);
#5369 = CARTESIAN_POINT('',(-0.545,0.4,0.405));
#5370 = DIRECTION('',(0.,-1.,0.));
#5371 = DIRECTION('',(0.,0.,1.));
#5372 = ORIENTED_EDGE('',*,*,#5373,.F.);
#5373 = EDGE_CURVE('',#5374,#5365,#5376,.T.);
#5374 = VERTEX_POINT('',#5375);
#5375 = CARTESIAN_POINT('',(-0.755,0.4,0.405));
#5376 = LINE('',#5377,#5378);
#5377 = CARTESIAN_POINT('',(-0.755,0.4,0.405));
#5378 = VECTOR('',#5379,1.);
#5379 = DIRECTION('',(1.,0.,0.));
#5380 = ORIENTED_EDGE('',*,*,#5381,.F.);
#5381 = EDGE_CURVE('',#5382,#5374,#5384,.T.);
#5382 = VERTEX_POINT('',#5383);
#5383 = CARTESIAN_POINT('',(-0.755,0.4,4.5E-02));
#5384 = LINE('',#5385,#5386);
#5385 = CARTESIAN_POINT('',(-0.755,0.4,4.5E-02));
#5386 = VECTOR('',#5387,1.);
#5387 = DIRECTION('',(0.,0.,1.));
#5388 = ORIENTED_EDGE('',*,*,#5389,.T.);
#5389 = EDGE_CURVE('',#5382,#5390,#5392,.T.);
#5390 = VERTEX_POINT('',#5391);
#5391 = CARTESIAN_POINT('',(-0.5,0.4,4.5E-02));
#5392 = LINE('',#5393,#5394);
#5393 = CARTESIAN_POINT('',(-0.755,0.4,4.5E-02));
#5394 = VECTOR('',#5395,1.);
#5395 = DIRECTION('',(1.,0.,0.));
#5396 = ORIENTED_EDGE('',*,*,#5397,.T.);
#5397 = EDGE_CURVE('',#5390,#5346,#5398,.T.);
#5398 = CIRCLE('',#5399,4.5E-02);
#5399 = AXIS2_PLACEMENT_3D('',#5400,#5401,#5402);
#5400 = CARTESIAN_POINT('',(-0.545,0.4,4.5E-02));
#5401 = DIRECTION('',(0.,1.,0.));
#5402 = DIRECTION('',(0.,-0.,1.));
#5403 = PLANE('',#5404);
#5404 = AXIS2_PLACEMENT_3D('',#5405,#5406,#5407);
#5405 = CARTESIAN_POINT('',(-0.8,0.4,0.));
#5406 = DIRECTION('',(0.,1.,0.));
#5407 = DIRECTION('',(0.,-0.,1.));
#5408 = ADVANCED_FACE('',(#5409),#5420,.F.);
#5409 = FACE_BOUND('',#5410,.F.);
#5410 = EDGE_LOOP('',(#5411,#5412,#5413,#5414));
#5411 = ORIENTED_EDGE('',*,*,#5345,.F.);
#5412 = ORIENTED_EDGE('',*,*,#5305,.F.);
#5413 = ORIENTED_EDGE('',*,*,#5212,.T.);
#5414 = ORIENTED_EDGE('',*,*,#5415,.T.);
#5415 = EDGE_CURVE('',#5215,#5346,#5416,.T.);
#5416 = LINE('',#5417,#5418);
#5417 = CARTESIAN_POINT('',(-0.545,-0.4,-2.775557561563E-17));
#5418 = VECTOR('',#5419,1.);
#5419 = DIRECTION('',(0.,1.,0.));
#5420 = PLANE('',#5421);
#5421 = AXIS2_PLACEMENT_3D('',#5422,#5423,#5424);
#5422 = CARTESIAN_POINT('',(-0.8,-0.4,0.));
#5423 = DIRECTION('',(0.,0.,1.));
#5424 = DIRECTION('',(1.,0.,-0.));
#5425 = ADVANCED_FACE('',(#5426),#5437,.T.);
#5426 = FACE_BOUND('',#5427,.T.);
#5427 = EDGE_LOOP('',(#5428,#5429,#5430,#5431));
#5428 = ORIENTED_EDGE('',*,*,#5280,.T.);
#5429 = ORIENTED_EDGE('',*,*,#5415,.T.);
#5430 = ORIENTED_EDGE('',*,*,#5397,.F.);
#5431 = ORIENTED_EDGE('',*,*,#5432,.F.);
#5432 = EDGE_CURVE('',#5273,#5390,#5433,.T.);
#5433 = LINE('',#5434,#5435);
#5434 = CARTESIAN_POINT('',(-0.5,-0.4,4.5E-02));
#5435 = VECTOR('',#5436,1.);
#5436 = DIRECTION('',(0.,1.,0.));
#5437 = CYLINDRICAL_SURFACE('',#5438,4.5E-02);
#5438 = AXIS2_PLACEMENT_3D('',#5439,#5440,#5441);
#5439 = CARTESIAN_POINT('',(-0.545,-0.4,4.5E-02));
#5440 = DIRECTION('',(0.,1.,0.));
#5441 = DIRECTION('',(1.,0.,0.));
#5442 = ADVANCED_FACE('',(#5443),#5486,.F.);
#5443 = FACE_BOUND('',#5444,.F.);
#5444 = EDGE_LOOP('',(#5445,#5446,#5447,#5448,#5456,#5464,#5472,#5480));
#5445 = ORIENTED_EDGE('',*,*,#5272,.F.);
#5446 = ORIENTED_EDGE('',*,*,#5264,.T.);
#5447 = ORIENTED_EDGE('',*,*,#5256,.T.);
#5448 = ORIENTED_EDGE('',*,*,#5449,.T.);
#5449 = EDGE_CURVE('',#5248,#5450,#5452,.T.);
#5450 = VERTEX_POINT('',#5451);
#5451 = CARTESIAN_POINT('',(0.5,-0.4,0.405));
#5452 = LINE('',#5453,#5454);
#5453 = CARTESIAN_POINT('',(-0.5,-0.4,0.405));
#5454 = VECTOR('',#5455,1.);
#5455 = DIRECTION('',(1.,0.,0.));
#5456 = ORIENTED_EDGE('',*,*,#5457,.T.);
#5457 = EDGE_CURVE('',#5450,#5458,#5460,.T.);
#5458 = VERTEX_POINT('',#5459);
#5459 = CARTESIAN_POINT('',(0.755,-0.4,0.405));
#5460 = LINE('',#5461,#5462);
#5461 = CARTESIAN_POINT('',(-0.755,-0.4,0.405));
#5462 = VECTOR('',#5463,1.);
#5463 = DIRECTION('',(1.,0.,0.));
#5464 = ORIENTED_EDGE('',*,*,#5465,.F.);
#5465 = EDGE_CURVE('',#5466,#5458,#5468,.T.);
#5466 = VERTEX_POINT('',#5467);
#5467 = CARTESIAN_POINT('',(0.755,-0.4,4.5E-02));
#5468 = LINE('',#5469,#5470);
#5469 = CARTESIAN_POINT('',(0.755,-0.4,4.5E-02));
#5470 = VECTOR('',#5471,1.);
#5471 = DIRECTION('',(0.,0.,1.));
#5472 = ORIENTED_EDGE('',*,*,#5473,.F.);
#5473 = EDGE_CURVE('',#5474,#5466,#5476,.T.);
#5474 = VERTEX_POINT('',#5475);
#5475 = CARTESIAN_POINT('',(0.5,-0.4,4.5E-02));
#5476 = LINE('',#5477,#5478);
#5477 = CARTESIAN_POINT('',(-0.755,-0.4,4.5E-02));
#5478 = VECTOR('',#5479,1.);
#5479 = DIRECTION('',(1.,0.,0.));
#5480 = ORIENTED_EDGE('',*,*,#5481,.F.);
#5481 = EDGE_CURVE('',#5273,#5474,#5482,.T.);
#5482 = LINE('',#5483,#5484);
#5483 = CARTESIAN_POINT('',(-0.755,-0.4,4.5E-02));
#5484 = VECTOR('',#5485,1.);
#5485 = DIRECTION('',(1.,0.,0.));
#5486 = PLANE('',#5487);
#5487 = AXIS2_PLACEMENT_3D('',#5488,#5489,#5490);
#5488 = CARTESIAN_POINT('',(-0.755,-0.4,4.5E-02));
#5489 = DIRECTION('',(0.,1.,0.));
#5490 = DIRECTION('',(0.,-0.,1.));
#5491 = ADVANCED_FACE('',(#5492),#5503,.T.);
#5492 = FACE_BOUND('',#5493,.T.);
#5493 = EDGE_LOOP('',(#5494,#5495,#5496,#5497));
#5494 = ORIENTED_EDGE('',*,*,#5356,.F.);
#5495 = ORIENTED_EDGE('',*,*,#5321,.F.);
#5496 = ORIENTED_EDGE('',*,*,#5239,.T.);
#5497 = ORIENTED_EDGE('',*,*,#5498,.T.);
#5498 = EDGE_CURVE('',#5240,#5357,#5499,.T.);
#5499 = LINE('',#5500,#5501);
#5500 = CARTESIAN_POINT('',(-0.545,-0.4,0.45));
#5501 = VECTOR('',#5502,1.);
#5502 = DIRECTION('',(0.,1.,0.));
#5503 = PLANE('',#5504);
#5504 = AXIS2_PLACEMENT_3D('',#5505,#5506,#5507);
#5505 = CARTESIAN_POINT('',(-0.8,-0.4,0.45));
#5506 = DIRECTION('',(0.,0.,1.));
#5507 = DIRECTION('',(1.,0.,-0.));
#5508 = ADVANCED_FACE('',(#5509),#5520,.T.);
#5509 = FACE_BOUND('',#5510,.T.);
#5510 = EDGE_LOOP('',(#5511,#5517,#5518,#5519));
#5511 = ORIENTED_EDGE('',*,*,#5512,.T.);
#5512 = EDGE_CURVE('',#5248,#5365,#5513,.T.);
#5513 = LINE('',#5514,#5515);
#5514 = CARTESIAN_POINT('',(-0.5,-0.4,0.405));
#5515 = VECTOR('',#5516,1.);
#5516 = DIRECTION('',(0.,1.,0.));
#5517 = ORIENTED_EDGE('',*,*,#5364,.T.);
#5518 = ORIENTED_EDGE('',*,*,#5498,.F.);
#5519 = ORIENTED_EDGE('',*,*,#5247,.F.);
#5520 = CYLINDRICAL_SURFACE('',#5521,4.5E-02);
#5521 = AXIS2_PLACEMENT_3D('',#5522,#5523,#5524);
#5522 = CARTESIAN_POINT('',(-0.545,-0.4,0.405));
#5523 = DIRECTION('',(0.,1.,0.));
#5524 = DIRECTION('',(1.,0.,0.));
#5525 = ADVANCED_FACE('',(#5526),#5569,.T.);
#5526 = FACE_BOUND('',#5527,.T.);
#5527 = EDGE_LOOP('',(#5528,#5529,#5530,#5531,#5539,#5547,#5555,#5563));
#5528 = ORIENTED_EDGE('',*,*,#5389,.F.);
#5529 = ORIENTED_EDGE('',*,*,#5381,.T.);
#5530 = ORIENTED_EDGE('',*,*,#5373,.T.);
#5531 = ORIENTED_EDGE('',*,*,#5532,.T.);
#5532 = EDGE_CURVE('',#5365,#5533,#5535,.T.);
#5533 = VERTEX_POINT('',#5534);
#5534 = CARTESIAN_POINT('',(0.5,0.4,0.405));
#5535 = LINE('',#5536,#5537);
#5536 = CARTESIAN_POINT('',(-0.5,0.4,0.405));
#5537 = VECTOR('',#5538,1.);
#5538 = DIRECTION('',(1.,0.,0.));
#5539 = ORIENTED_EDGE('',*,*,#5540,.T.);
#5540 = EDGE_CURVE('',#5533,#5541,#5543,.T.);
#5541 = VERTEX_POINT('',#5542);
#5542 = CARTESIAN_POINT('',(0.755,0.4,0.405));
#5543 = LINE('',#5544,#5545);
#5544 = CARTESIAN_POINT('',(-0.755,0.4,0.405));
#5545 = VECTOR('',#5546,1.);
#5546 = DIRECTION('',(1.,0.,0.));
#5547 = ORIENTED_EDGE('',*,*,#5548,.F.);
#5548 = EDGE_CURVE('',#5549,#5541,#5551,.T.);
#5549 = VERTEX_POINT('',#5550);
#5550 = CARTESIAN_POINT('',(0.755,0.4,4.5E-02));
#5551 = LINE('',#5552,#5553);
#5552 = CARTESIAN_POINT('',(0.755,0.4,4.5E-02));
#5553 = VECTOR('',#5554,1.);
#5554 = DIRECTION('',(0.,0.,1.));
#5555 = ORIENTED_EDGE('',*,*,#5556,.F.);
#5556 = EDGE_CURVE('',#5557,#5549,#5559,.T.);
#5557 = VERTEX_POINT('',#5558);
#5558 = CARTESIAN_POINT('',(0.5,0.4,4.5E-02));
#5559 = LINE('',#5560,#5561);
#5560 = CARTESIAN_POINT('',(-0.755,0.4,4.5E-02));
#5561 = VECTOR('',#5562,1.);
#5562 = DIRECTION('',(1.,0.,0.));
#5563 = ORIENTED_EDGE('',*,*,#5564,.F.);
#5564 = EDGE_CURVE('',#5390,#5557,#5565,.T.);
#5565 = LINE('',#5566,#5567);
#5566 = CARTESIAN_POINT('',(-0.755,0.4,4.5E-02));
#5567 = VECTOR('',#5568,1.);
#5568 = DIRECTION('',(1.,0.,0.));
#5569 = PLANE('',#5570);
#5570 = AXIS2_PLACEMENT_3D('',#5571,#5572,#5573);
#5571 = CARTESIAN_POINT('',(-0.755,0.4,4.5E-02));
#5572 = DIRECTION('',(0.,1.,0.));
#5573 = DIRECTION('',(0.,-0.,1.));
#5574 = ADVANCED_FACE('',(#5575),#5586,.F.);
#5575 = FACE_BOUND('',#5576,.F.);
#5576 = EDGE_LOOP('',(#5577,#5578,#5579,#5585));
#5577 = ORIENTED_EDGE('',*,*,#5432,.F.);
#5578 = ORIENTED_EDGE('',*,*,#5481,.T.);
#5579 = ORIENTED_EDGE('',*,*,#5580,.T.);
#5580 = EDGE_CURVE('',#5474,#5557,#5581,.T.);
#5581 = LINE('',#5582,#5583);
#5582 = CARTESIAN_POINT('',(0.5,-0.4,4.5E-02));
#5583 = VECTOR('',#5584,1.);
#5584 = DIRECTION('',(0.,1.,0.));
#5585 = ORIENTED_EDGE('',*,*,#5564,.F.);
#5586 = PLANE('',#5587);
#5587 = AXIS2_PLACEMENT_3D('',#5588,#5589,#5590);
#5588 = CARTESIAN_POINT('',(-0.755,-0.4,4.5E-02));
#5589 = DIRECTION('',(0.,0.,1.));
#5590 = DIRECTION('',(1.,0.,-0.));
#5591 = ADVANCED_FACE('',(#5592),#5655,.F.);
#5592 = FACE_BOUND('',#5593,.F.);
#5593 = EDGE_LOOP('',(#5594,#5604,#5611,#5612,#5613,#5614,#5623,#5631,
    #5640,#5648));
#5594 = ORIENTED_EDGE('',*,*,#5595,.F.);
#5595 = EDGE_CURVE('',#5596,#5598,#5600,.T.);
#5596 = VERTEX_POINT('',#5597);
#5597 = CARTESIAN_POINT('',(0.545,-0.4,-2.775557561563E-17));
#5598 = VERTEX_POINT('',#5599);
#5599 = CARTESIAN_POINT('',(0.755,-0.4,-2.775557561563E-17));
#5600 = LINE('',#5601,#5602);
#5601 = CARTESIAN_POINT('',(0.5,-0.4,0.));
#5602 = VECTOR('',#5603,1.);
#5603 = DIRECTION('',(1.,0.,0.));
#5604 = ORIENTED_EDGE('',*,*,#5605,.F.);
#5605 = EDGE_CURVE('',#5474,#5596,#5606,.T.);
#5606 = CIRCLE('',#5607,4.5E-02);
#5607 = AXIS2_PLACEMENT_3D('',#5608,#5609,#5610);
#5608 = CARTESIAN_POINT('',(0.545,-0.4,4.5E-02));
#5609 = DIRECTION('',(0.,-1.,0.));
#5610 = DIRECTION('',(0.,0.,1.));
#5611 = ORIENTED_EDGE('',*,*,#5473,.T.);
#5612 = ORIENTED_EDGE('',*,*,#5465,.T.);
#5613 = ORIENTED_EDGE('',*,*,#5457,.F.);
#5614 = ORIENTED_EDGE('',*,*,#5615,.T.);
#5615 = EDGE_CURVE('',#5450,#5616,#5618,.T.);
#5616 = VERTEX_POINT('',#5617);
#5617 = CARTESIAN_POINT('',(0.545,-0.4,0.45));
#5618 = CIRCLE('',#5619,4.5E-02);
#5619 = AXIS2_PLACEMENT_3D('',#5620,#5621,#5622);
#5620 = CARTESIAN_POINT('',(0.545,-0.4,0.405));
#5621 = DIRECTION('',(0.,1.,0.));
#5622 = DIRECTION('',(0.,-0.,1.));
#5623 = ORIENTED_EDGE('',*,*,#5624,.T.);
#5624 = EDGE_CURVE('',#5616,#5625,#5627,.T.);
#5625 = VERTEX_POINT('',#5626);
#5626 = CARTESIAN_POINT('',(0.755,-0.4,0.45));
#5627 = LINE('',#5628,#5629);
#5628 = CARTESIAN_POINT('',(0.5,-0.4,0.45));
#5629 = VECTOR('',#5630,1.);
#5630 = DIRECTION('',(1.,0.,0.));
#5631 = ORIENTED_EDGE('',*,*,#5632,.F.);
#5632 = EDGE_CURVE('',#5633,#5625,#5635,.T.);
#5633 = VERTEX_POINT('',#5634);
#5634 = CARTESIAN_POINT('',(0.8,-0.4,0.405));
#5635 = CIRCLE('',#5636,4.5E-02);
#5636 = AXIS2_PLACEMENT_3D('',#5637,#5638,#5639);
#5637 = CARTESIAN_POINT('',(0.755,-0.4,0.405));
#5638 = DIRECTION('',(0.,-1.,0.));
#5639 = DIRECTION('',(0.,0.,1.));
#5640 = ORIENTED_EDGE('',*,*,#5641,.F.);
#5641 = EDGE_CURVE('',#5642,#5633,#5644,.T.);
#5642 = VERTEX_POINT('',#5643);
#5643 = CARTESIAN_POINT('',(0.8,-0.4,4.5E-02));
#5644 = LINE('',#5645,#5646);
#5645 = CARTESIAN_POINT('',(0.8,-0.4,0.));
#5646 = VECTOR('',#5647,1.);
#5647 = DIRECTION('',(0.,0.,1.));
#5648 = ORIENTED_EDGE('',*,*,#5649,.T.);
#5649 = EDGE_CURVE('',#5642,#5598,#5650,.T.);
#5650 = CIRCLE('',#5651,4.5E-02);
#5651 = AXIS2_PLACEMENT_3D('',#5652,#5653,#5654);
#5652 = CARTESIAN_POINT('',(0.755,-0.4,4.5E-02));
#5653 = DIRECTION('',(0.,1.,0.));
#5654 = DIRECTION('',(0.,-0.,1.));
#5655 = PLANE('',#5656);
#5656 = AXIS2_PLACEMENT_3D('',#5657,#5658,#5659);
#5657 = CARTESIAN_POINT('',(0.5,-0.4,0.));
#5658 = DIRECTION('',(0.,1.,0.));
#5659 = DIRECTION('',(0.,-0.,1.));
#5660 = ADVANCED_FACE('',(#5661),#5686,.F.);
#5661 = FACE_BOUND('',#5662,.F.);
#5662 = EDGE_LOOP('',(#5663,#5664,#5672,#5680));
#5663 = ORIENTED_EDGE('',*,*,#5449,.F.);
#5664 = ORIENTED_EDGE('',*,*,#5665,.T.);
#5665 = EDGE_CURVE('',#5248,#5666,#5668,.T.);
#5666 = VERTEX_POINT('',#5667);
#5667 = CARTESIAN_POINT('',(-0.5,-0.4,0.45));
#5668 = LINE('',#5669,#5670);
#5669 = CARTESIAN_POINT('',(-0.5,-0.4,0.405));
#5670 = VECTOR('',#5671,1.);
#5671 = DIRECTION('',(0.,0.,1.));
#5672 = ORIENTED_EDGE('',*,*,#5673,.T.);
#5673 = EDGE_CURVE('',#5666,#5674,#5676,.T.);
#5674 = VERTEX_POINT('',#5675);
#5675 = CARTESIAN_POINT('',(0.5,-0.4,0.45));
#5676 = LINE('',#5677,#5678);
#5677 = CARTESIAN_POINT('',(-0.5,-0.4,0.45));
#5678 = VECTOR('',#5679,1.);
#5679 = DIRECTION('',(1.,0.,0.));
#5680 = ORIENTED_EDGE('',*,*,#5681,.F.);
#5681 = EDGE_CURVE('',#5450,#5674,#5682,.T.);
#5682 = LINE('',#5683,#5684);
#5683 = CARTESIAN_POINT('',(0.5,-0.4,0.405));
#5684 = VECTOR('',#5685,1.);
#5685 = DIRECTION('',(0.,0.,1.));
#5686 = PLANE('',#5687);
#5687 = AXIS2_PLACEMENT_3D('',#5688,#5689,#5690);
#5688 = CARTESIAN_POINT('',(-0.5,-0.4,0.405));
#5689 = DIRECTION('',(0.,1.,0.));
#5690 = DIRECTION('',(0.,-0.,1.));
#5691 = ADVANCED_FACE('',(#5692),#5710,.F.);
#5692 = FACE_BOUND('',#5693,.F.);
#5693 = EDGE_LOOP('',(#5694,#5695,#5696,#5704));
#5694 = ORIENTED_EDGE('',*,*,#5665,.F.);
#5695 = ORIENTED_EDGE('',*,*,#5512,.T.);
#5696 = ORIENTED_EDGE('',*,*,#5697,.T.);
#5697 = EDGE_CURVE('',#5365,#5698,#5700,.T.);
#5698 = VERTEX_POINT('',#5699);
#5699 = CARTESIAN_POINT('',(-0.5,0.4,0.45));
#5700 = LINE('',#5701,#5702);
#5701 = CARTESIAN_POINT('',(-0.5,0.4,0.405));
#5702 = VECTOR('',#5703,1.);
#5703 = DIRECTION('',(0.,0.,1.));
#5704 = ORIENTED_EDGE('',*,*,#5705,.F.);
#5705 = EDGE_CURVE('',#5666,#5698,#5706,.T.);
#5706 = LINE('',#5707,#5708);
#5707 = CARTESIAN_POINT('',(-0.5,-0.4,0.45));
#5708 = VECTOR('',#5709,1.);
#5709 = DIRECTION('',(0.,1.,0.));
#5710 = PLANE('',#5711);
#5711 = AXIS2_PLACEMENT_3D('',#5712,#5713,#5714);
#5712 = CARTESIAN_POINT('',(-0.5,-0.4,0.405));
#5713 = DIRECTION('',(1.,0.,0.));
#5714 = DIRECTION('',(0.,0.,1.));
#5715 = ADVANCED_FACE('',(#5716),#5779,.T.);
#5716 = FACE_BOUND('',#5717,.T.);
#5717 = EDGE_LOOP('',(#5718,#5728,#5735,#5736,#5737,#5738,#5747,#5755,
    #5764,#5772));
#5718 = ORIENTED_EDGE('',*,*,#5719,.F.);
#5719 = EDGE_CURVE('',#5720,#5722,#5724,.T.);
#5720 = VERTEX_POINT('',#5721);
#5721 = CARTESIAN_POINT('',(0.545,0.4,-2.775557561563E-17));
#5722 = VERTEX_POINT('',#5723);
#5723 = CARTESIAN_POINT('',(0.755,0.4,-2.775557561563E-17));
#5724 = LINE('',#5725,#5726);
#5725 = CARTESIAN_POINT('',(0.5,0.4,0.));
#5726 = VECTOR('',#5727,1.);
#5727 = DIRECTION('',(1.,0.,0.));
#5728 = ORIENTED_EDGE('',*,*,#5729,.F.);
#5729 = EDGE_CURVE('',#5557,#5720,#5730,.T.);
#5730 = CIRCLE('',#5731,4.5E-02);
#5731 = AXIS2_PLACEMENT_3D('',#5732,#5733,#5734);
#5732 = CARTESIAN_POINT('',(0.545,0.4,4.5E-02));
#5733 = DIRECTION('',(0.,-1.,0.));
#5734 = DIRECTION('',(0.,0.,1.));
#5735 = ORIENTED_EDGE('',*,*,#5556,.T.);
#5736 = ORIENTED_EDGE('',*,*,#5548,.T.);
#5737 = ORIENTED_EDGE('',*,*,#5540,.F.);
#5738 = ORIENTED_EDGE('',*,*,#5739,.T.);
#5739 = EDGE_CURVE('',#5533,#5740,#5742,.T.);
#5740 = VERTEX_POINT('',#5741);
#5741 = CARTESIAN_POINT('',(0.545,0.4,0.45));
#5742 = CIRCLE('',#5743,4.5E-02);
#5743 = AXIS2_PLACEMENT_3D('',#5744,#5745,#5746);
#5744 = CARTESIAN_POINT('',(0.545,0.4,0.405));
#5745 = DIRECTION('',(0.,1.,0.));
#5746 = DIRECTION('',(0.,-0.,1.));
#5747 = ORIENTED_EDGE('',*,*,#5748,.T.);
#5748 = EDGE_CURVE('',#5740,#5749,#5751,.T.);
#5749 = VERTEX_POINT('',#5750);
#5750 = CARTESIAN_POINT('',(0.755,0.4,0.45));
#5751 = LINE('',#5752,#5753);
#5752 = CARTESIAN_POINT('',(0.5,0.4,0.45));
#5753 = VECTOR('',#5754,1.);
#5754 = DIRECTION('',(1.,0.,0.));
#5755 = ORIENTED_EDGE('',*,*,#5756,.F.);
#5756 = EDGE_CURVE('',#5757,#5749,#5759,.T.);
#5757 = VERTEX_POINT('',#5758);
#5758 = CARTESIAN_POINT('',(0.8,0.4,0.405));
#5759 = CIRCLE('',#5760,4.5E-02);
#5760 = AXIS2_PLACEMENT_3D('',#5761,#5762,#5763);
#5761 = CARTESIAN_POINT('',(0.755,0.4,0.405));
#5762 = DIRECTION('',(0.,-1.,0.));
#5763 = DIRECTION('',(0.,0.,1.));
#5764 = ORIENTED_EDGE('',*,*,#5765,.F.);
#5765 = EDGE_CURVE('',#5766,#5757,#5768,.T.);
#5766 = VERTEX_POINT('',#5767);
#5767 = CARTESIAN_POINT('',(0.8,0.4,4.5E-02));
#5768 = LINE('',#5769,#5770);
#5769 = CARTESIAN_POINT('',(0.8,0.4,0.));
#5770 = VECTOR('',#5771,1.);
#5771 = DIRECTION('',(0.,0.,1.));
#5772 = ORIENTED_EDGE('',*,*,#5773,.T.);
#5773 = EDGE_CURVE('',#5766,#5722,#5774,.T.);
#5774 = CIRCLE('',#5775,4.5E-02);
#5775 = AXIS2_PLACEMENT_3D('',#5776,#5777,#5778);
#5776 = CARTESIAN_POINT('',(0.755,0.4,4.5E-02));
#5777 = DIRECTION('',(0.,1.,0.));
#5778 = DIRECTION('',(0.,-0.,1.));
#5779 = PLANE('',#5780);
#5780 = AXIS2_PLACEMENT_3D('',#5781,#5782,#5783);
#5781 = CARTESIAN_POINT('',(0.5,0.4,0.));
#5782 = DIRECTION('',(0.,1.,0.));
#5783 = DIRECTION('',(0.,-0.,1.));
#5784 = ADVANCED_FACE('',(#5785),#5803,.T.);
#5785 = FACE_BOUND('',#5786,.T.);
#5786 = EDGE_LOOP('',(#5787,#5788,#5789,#5797));
#5787 = ORIENTED_EDGE('',*,*,#5532,.F.);
#5788 = ORIENTED_EDGE('',*,*,#5697,.T.);
#5789 = ORIENTED_EDGE('',*,*,#5790,.T.);
#5790 = EDGE_CURVE('',#5698,#5791,#5793,.T.);
#5791 = VERTEX_POINT('',#5792);
#5792 = CARTESIAN_POINT('',(0.5,0.4,0.45));
#5793 = LINE('',#5794,#5795);
#5794 = CARTESIAN_POINT('',(-0.5,0.4,0.45));
#5795 = VECTOR('',#5796,1.);
#5796 = DIRECTION('',(1.,0.,0.));
#5797 = ORIENTED_EDGE('',*,*,#5798,.F.);
#5798 = EDGE_CURVE('',#5533,#5791,#5799,.T.);
#5799 = LINE('',#5800,#5801);
#5800 = CARTESIAN_POINT('',(0.5,0.4,0.405));
#5801 = VECTOR('',#5802,1.);
#5802 = DIRECTION('',(0.,0.,1.));
#5803 = PLANE('',#5804);
#5804 = AXIS2_PLACEMENT_3D('',#5805,#5806,#5807);
#5805 = CARTESIAN_POINT('',(-0.5,0.4,0.405));
#5806 = DIRECTION('',(0.,1.,0.));
#5807 = DIRECTION('',(0.,-0.,1.));
#5808 = ADVANCED_FACE('',(#5809),#5820,.T.);
#5809 = FACE_BOUND('',#5810,.T.);
#5810 = EDGE_LOOP('',(#5811,#5812,#5813,#5819));
#5811 = ORIENTED_EDGE('',*,*,#5580,.T.);
#5812 = ORIENTED_EDGE('',*,*,#5729,.T.);
#5813 = ORIENTED_EDGE('',*,*,#5814,.F.);
#5814 = EDGE_CURVE('',#5596,#5720,#5815,.T.);
#5815 = LINE('',#5816,#5817);
#5816 = CARTESIAN_POINT('',(0.545,-0.4,-2.775557561563E-17));
#5817 = VECTOR('',#5818,1.);
#5818 = DIRECTION('',(0.,1.,0.));
#5819 = ORIENTED_EDGE('',*,*,#5605,.F.);
#5820 = CYLINDRICAL_SURFACE('',#5821,4.5E-02);
#5821 = AXIS2_PLACEMENT_3D('',#5822,#5823,#5824);
#5822 = CARTESIAN_POINT('',(0.545,-0.4,4.5E-02));
#5823 = DIRECTION('',(0.,1.,0.));
#5824 = DIRECTION('',(-1.,0.,0.));
#5825 = ADVANCED_FACE('',(#5826),#5837,.F.);
#5826 = FACE_BOUND('',#5827,.F.);
#5827 = EDGE_LOOP('',(#5828,#5829,#5830,#5831));
#5828 = ORIENTED_EDGE('',*,*,#5719,.F.);
#5829 = ORIENTED_EDGE('',*,*,#5814,.F.);
#5830 = ORIENTED_EDGE('',*,*,#5595,.T.);
#5831 = ORIENTED_EDGE('',*,*,#5832,.T.);
#5832 = EDGE_CURVE('',#5598,#5722,#5833,.T.);
#5833 = LINE('',#5834,#5835);
#5834 = CARTESIAN_POINT('',(0.755,-0.4,-2.775557561563E-17));
#5835 = VECTOR('',#5836,1.);
#5836 = DIRECTION('',(0.,1.,0.));
#5837 = PLANE('',#5838);
#5838 = AXIS2_PLACEMENT_3D('',#5839,#5840,#5841);
#5839 = CARTESIAN_POINT('',(0.5,-0.4,0.));
#5840 = DIRECTION('',(0.,0.,1.));
#5841 = DIRECTION('',(1.,0.,-0.));
#5842 = ADVANCED_FACE('',(#5843),#5854,.T.);
#5843 = FACE_BOUND('',#5844,.T.);
#5844 = EDGE_LOOP('',(#5845,#5846,#5847,#5848));
#5845 = ORIENTED_EDGE('',*,*,#5649,.T.);
#5846 = ORIENTED_EDGE('',*,*,#5832,.T.);
#5847 = ORIENTED_EDGE('',*,*,#5773,.F.);
#5848 = ORIENTED_EDGE('',*,*,#5849,.F.);
#5849 = EDGE_CURVE('',#5642,#5766,#5850,.T.);
#5850 = LINE('',#5851,#5852);
#5851 = CARTESIAN_POINT('',(0.8,-0.4,4.5E-02));
#5852 = VECTOR('',#5853,1.);
#5853 = DIRECTION('',(0.,1.,0.));
#5854 = CYLINDRICAL_SURFACE('',#5855,4.5E-02);
#5855 = AXIS2_PLACEMENT_3D('',#5856,#5857,#5858);
#5856 = CARTESIAN_POINT('',(0.755,-0.4,4.5E-02));
#5857 = DIRECTION('',(0.,1.,0.));
#5858 = DIRECTION('',(1.,0.,0.));
#5859 = ADVANCED_FACE('',(#5860),#5871,.T.);
#5860 = FACE_BOUND('',#5861,.T.);
#5861 = EDGE_LOOP('',(#5862,#5863,#5864,#5865));
#5862 = ORIENTED_EDGE('',*,*,#5641,.F.);
#5863 = ORIENTED_EDGE('',*,*,#5849,.T.);
#5864 = ORIENTED_EDGE('',*,*,#5765,.T.);
#5865 = ORIENTED_EDGE('',*,*,#5866,.F.);
#5866 = EDGE_CURVE('',#5633,#5757,#5867,.T.);
#5867 = LINE('',#5868,#5869);
#5868 = CARTESIAN_POINT('',(0.8,-0.4,0.405));
#5869 = VECTOR('',#5870,1.);
#5870 = DIRECTION('',(0.,1.,0.));
#5871 = PLANE('',#5872);
#5872 = AXIS2_PLACEMENT_3D('',#5873,#5874,#5875);
#5873 = CARTESIAN_POINT('',(0.8,-0.4,0.));
#5874 = DIRECTION('',(1.,0.,0.));
#5875 = DIRECTION('',(0.,0.,1.));
#5876 = ADVANCED_FACE('',(#5877),#5888,.T.);
#5877 = FACE_BOUND('',#5878,.T.);
#5878 = EDGE_LOOP('',(#5879,#5880,#5881,#5887));
#5879 = ORIENTED_EDGE('',*,*,#5866,.T.);
#5880 = ORIENTED_EDGE('',*,*,#5756,.T.);
#5881 = ORIENTED_EDGE('',*,*,#5882,.F.);
#5882 = EDGE_CURVE('',#5625,#5749,#5883,.T.);
#5883 = LINE('',#5884,#5885);
#5884 = CARTESIAN_POINT('',(0.755,-0.4,0.45));
#5885 = VECTOR('',#5886,1.);
#5886 = DIRECTION('',(0.,1.,0.));
#5887 = ORIENTED_EDGE('',*,*,#5632,.F.);
#5888 = CYLINDRICAL_SURFACE('',#5889,4.5E-02);
#5889 = AXIS2_PLACEMENT_3D('',#5890,#5891,#5892);
#5890 = CARTESIAN_POINT('',(0.755,-0.4,0.405));
#5891 = DIRECTION('',(0.,1.,0.));
#5892 = DIRECTION('',(1.,0.,0.));
#5893 = ADVANCED_FACE('',(#5894),#5905,.T.);
#5894 = FACE_BOUND('',#5895,.T.);
#5895 = EDGE_LOOP('',(#5896,#5897,#5903,#5904));
#5896 = ORIENTED_EDGE('',*,*,#5748,.F.);
#5897 = ORIENTED_EDGE('',*,*,#5898,.F.);
#5898 = EDGE_CURVE('',#5616,#5740,#5899,.T.);
#5899 = LINE('',#5900,#5901);
#5900 = CARTESIAN_POINT('',(0.545,-0.4,0.45));
#5901 = VECTOR('',#5902,1.);
#5902 = DIRECTION('',(0.,1.,0.));
#5903 = ORIENTED_EDGE('',*,*,#5624,.T.);
#5904 = ORIENTED_EDGE('',*,*,#5882,.T.);
#5905 = PLANE('',#5906);
#5906 = AXIS2_PLACEMENT_3D('',#5907,#5908,#5909);
#5907 = CARTESIAN_POINT('',(0.5,-0.4,0.45));
#5908 = DIRECTION('',(0.,0.,1.));
#5909 = DIRECTION('',(1.,0.,-0.));
#5910 = ADVANCED_FACE('',(#5911),#5922,.T.);
#5911 = FACE_BOUND('',#5912,.T.);
#5912 = EDGE_LOOP('',(#5913,#5914,#5915,#5916));
#5913 = ORIENTED_EDGE('',*,*,#5615,.T.);
#5914 = ORIENTED_EDGE('',*,*,#5898,.T.);
#5915 = ORIENTED_EDGE('',*,*,#5739,.F.);
#5916 = ORIENTED_EDGE('',*,*,#5917,.F.);
#5917 = EDGE_CURVE('',#5450,#5533,#5918,.T.);
#5918 = LINE('',#5919,#5920);
#5919 = CARTESIAN_POINT('',(0.5,-0.4,0.405));
#5920 = VECTOR('',#5921,1.);
#5921 = DIRECTION('',(0.,1.,0.));
#5922 = CYLINDRICAL_SURFACE('',#5923,4.5E-02);
#5923 = AXIS2_PLACEMENT_3D('',#5924,#5925,#5926);
#5924 = CARTESIAN_POINT('',(0.545,-0.4,0.405));
#5925 = DIRECTION('',(0.,1.,0.));
#5926 = DIRECTION('',(-1.,0.,0.));
#5927 = ADVANCED_FACE('',(#5928),#5939,.T.);
#5928 = FACE_BOUND('',#5929,.T.);
#5929 = EDGE_LOOP('',(#5930,#5931,#5932,#5933));
#5930 = ORIENTED_EDGE('',*,*,#5681,.F.);
#5931 = ORIENTED_EDGE('',*,*,#5917,.T.);
#5932 = ORIENTED_EDGE('',*,*,#5798,.T.);
#5933 = ORIENTED_EDGE('',*,*,#5934,.F.);
#5934 = EDGE_CURVE('',#5674,#5791,#5935,.T.);
#5935 = LINE('',#5936,#5937);
#5936 = CARTESIAN_POINT('',(0.5,-0.4,0.45));
#5937 = VECTOR('',#5938,1.);
#5938 = DIRECTION('',(0.,1.,0.));
#5939 = PLANE('',#5940);
#5940 = AXIS2_PLACEMENT_3D('',#5941,#5942,#5943);
#5941 = CARTESIAN_POINT('',(0.5,-0.4,0.405));
#5942 = DIRECTION('',(1.,0.,0.));
#5943 = DIRECTION('',(0.,0.,1.));
#5944 = ADVANCED_FACE('',(#5945),#5951,.T.);
#5945 = FACE_BOUND('',#5946,.T.);
#5946 = EDGE_LOOP('',(#5947,#5948,#5949,#5950));
#5947 = ORIENTED_EDGE('',*,*,#5705,.F.);
#5948 = ORIENTED_EDGE('',*,*,#5673,.T.);
#5949 = ORIENTED_EDGE('',*,*,#5934,.T.);
#5950 = ORIENTED_EDGE('',*,*,#5790,.F.);
#5951 = PLANE('',#5952);
#5952 = AXIS2_PLACEMENT_3D('',#5953,#5954,#5955);
#5953 = CARTESIAN_POINT('',(-0.5,-0.4,0.45));
#5954 = DIRECTION('',(0.,0.,1.));
#5955 = DIRECTION('',(1.,0.,-0.));
#5956 = ( GEOMETRIC_REPRESENTATION_CONTEXT(3) 
GLOBAL_UNCERTAINTY_ASSIGNED_CONTEXT((#5960)) 
GLOBAL_UNIT_ASSIGNED_CONTEXT((#5957,#5958,#5959)) REPRESENTATION_CONTEXT
('Context #1','3D Context with UNIT and UNCERTAINTY') );
#5957 = ( LENGTH_UNIT() NAMED_UNIT(*) SI_UNIT(.MILLI.,.METRE.) );
#5958 = ( NAMED_UNIT(*) PLANE_ANGLE_UNIT() SI_UNIT($,.RADIAN.) );
#5959 = ( NAMED_UNIT(*) SI_UNIT($,.STERADIAN.) SOLID_ANGLE_UNIT() );
#5960 = UNCERTAINTY_MEASURE_WITH_UNIT(LENGTH_MEASURE(1.E-07),#5957,
  'distance_accuracy_value','confusion accuracy');
#5961 = CONTEXT_DEPENDENT_SHAPE_REPRESENTATION(#5962,#5964);
#5962 = ( REPRESENTATION_RELATIONSHIP('','',#5165,#10) 
REPRESENTATION_RELATIONSHIP_WITH_TRANSFORMATION(#5963) 
SHAPE_REPRESENTATION_RELATIONSHIP() );
#5963 = ITEM_DEFINED_TRANSFORMATION('','',#11,#35);
#5964 = PRODUCT_DEFINITION_SHAPE('Placement','Placement of an item',
  #5965);
#5965 = NEXT_ASSEMBLY_USAGE_OCCURRENCE('6','R1','',#5,#5160,$);
#5966 = PRODUCT_RELATED_PRODUCT_CATEGORY('part',$,(#5162));
#5967 = SHAPE_DEFINITION_REPRESENTATION(#5968,#5974);
#5968 = PRODUCT_DEFINITION_SHAPE('','',#5969);
#5969 = PRODUCT_DEFINITION('design','',#5970,#5973);
#5970 = PRODUCT_DEFINITION_FORMATION('','',#5971);
#5971 = PRODUCT('SOT-23-6','SOT-23-6','',(#5972));
#5972 = PRODUCT_CONTEXT('',#2,'mechanical');
#5973 = PRODUCT_DEFINITION_CONTEXT('part definition',#2,'design');
#5974 = ADVANCED_BREP_SHAPE_REPRESENTATION('',(#11,#5975),#9511);
#5975 = MANIFOLD_SOLID_BREP('',#5976);
#5976 = CLOSED_SHELL('',(#5977,#6015,#6078,#6101,#6130,#6153,#6224,#6295
    ,#6318,#6341,#6358,#6381,#6469,#6485,#6515,#6546,#6577,#6608,#6639,
    #6670,#6687,#6704,#6735,#6766,#6797,#6828,#6859,#6889,#6912,#6935,
    #6952,#6997,#7067,#7090,#7113,#7136,#7207,#7245,#7294,#7386,#7411,
    #7495,#7517,#7609,#7634,#7718,#7735,#7820,#7845,#7922,#8007,#8032,
    #8109,#8126,#8218,#8243,#8327,#8349,#8441,#8466,#8550,#8567,#8586,
    #8605,#8651,#8667,#8686,#8705,#8721,#8738,#8750,#8767,#8784,#8801,
    #8818,#8835,#8852,#8869,#8881,#8898,#8915,#8932,#8949,#8966,#8983,
    #9000,#9012,#9029,#9046,#9063,#9080,#9097,#9114,#9126,#9143,#9160,
    #9177,#9194,#9211,#9228,#9240,#9257,#9274,#9291,#9308,#9325,#9342,
    #9359,#9371,#9388,#9405,#9422,#9439,#9456,#9473,#9490,#9502));
#5977 = ADVANCED_FACE('',(#5978),#6010,.F.);
#5978 = FACE_BOUND('',#5979,.F.);
#5979 = EDGE_LOOP('',(#5980,#5990,#5997,#6005));
#5980 = ORIENTED_EDGE('',*,*,#5981,.T.);
#5981 = EDGE_CURVE('',#5982,#5984,#5986,.T.);
#5982 = VERTEX_POINT('',#5983);
#5983 = CARTESIAN_POINT('',(-0.659324228722,1.358648457443,0.1));
#5984 = VERTEX_POINT('',#5985);
#5985 = CARTESIAN_POINT('',(0.659324228722,1.358648457443,0.1));
#5986 = LINE('',#5987,#5988);
#5987 = CARTESIAN_POINT('',(-0.659324228722,1.358648457443,0.1));
#5988 = VECTOR('',#5989,1.);
#5989 = DIRECTION('',(1.,1.110223024625E-16,0.));
#5990 = ORIENTED_EDGE('',*,*,#5991,.T.);
#5991 = EDGE_CURVE('',#5984,#5992,#5994,.T.);
#5992 = VERTEX_POINT('',#5993);
#5993 = CARTESIAN_POINT('',(0.705,1.45,0.75));
#5994 = B_SPLINE_CURVE_WITH_KNOTS('',1,(#5995,#5996),.UNSPECIFIED.,.F.,
  .F.,(2,2),(0.,1.),.PIECEWISE_BEZIER_KNOTS.);
#5995 = CARTESIAN_POINT('',(0.659324228722,1.358648457443,0.1));
#5996 = CARTESIAN_POINT('',(0.705,1.45,0.75));
#5997 = ORIENTED_EDGE('',*,*,#5998,.F.);
#5998 = EDGE_CURVE('',#5999,#5992,#6001,.T.);
#5999 = VERTEX_POINT('',#6000);
#6000 = CARTESIAN_POINT('',(-0.705,1.45,0.75));
#6001 = LINE('',#6002,#6003);
#6002 = CARTESIAN_POINT('',(-0.705,1.45,0.75));
#6003 = VECTOR('',#6004,1.);
#6004 = DIRECTION('',(1.,1.110223024625E-16,0.));
#6005 = ORIENTED_EDGE('',*,*,#6006,.F.);
#6006 = EDGE_CURVE('',#5982,#5999,#6007,.T.);
#6007 = B_SPLINE_CURVE_WITH_KNOTS('',1,(#6008,#6009),.UNSPECIFIED.,.F.,
  .F.,(2,2),(0.,1.),.PIECEWISE_BEZIER_KNOTS.);
#6008 = CARTESIAN_POINT('',(-0.659324228722,1.358648457443,0.1));
#6009 = CARTESIAN_POINT('',(-0.705,1.45,0.75));
#6010 = B_SPLINE_SURFACE_WITH_KNOTS('',1,1,(
    (#6011,#6012)
    ,(#6013,#6014
    )),.UNSPECIFIED.,.F.,.F.,.F.,(2,2),(2,2),(0.,1.41),(0.,1.),
  .PIECEWISE_BEZIER_KNOTS.);
#6011 = CARTESIAN_POINT('',(-0.659324228722,1.358648457443,0.1));
#6012 = CARTESIAN_POINT('',(-0.705,1.45,0.75));
#6013 = CARTESIAN_POINT('',(0.659324228722,1.358648457443,0.1));
#6014 = CARTESIAN_POINT('',(0.705,1.45,0.75));
#6015 = ADVANCED_FACE('',(#6016),#6073,.F.);
#6016 = FACE_BOUND('',#6017,.T.);
#6017 = EDGE_LOOP('',(#6018,#6019,#6027,#6035,#6043,#6051,#6059,#6067));
#6018 = ORIENTED_EDGE('',*,*,#5981,.T.);
#6019 = ORIENTED_EDGE('',*,*,#6020,.T.);
#6020 = EDGE_CURVE('',#5984,#6021,#6023,.T.);
#6021 = VERTEX_POINT('',#6022);
#6022 = CARTESIAN_POINT('',(0.708648457443,1.309324228722,0.1));
#6023 = LINE('',#6024,#6025);
#6024 = CARTESIAN_POINT('',(0.659324228722,1.358648457443,0.1));
#6025 = VECTOR('',#6026,1.);
#6026 = DIRECTION('',(0.707106781187,-0.707106781187,0.));
#6027 = ORIENTED_EDGE('',*,*,#6028,.T.);
#6028 = EDGE_CURVE('',#6021,#6029,#6031,.T.);
#6029 = VERTEX_POINT('',#6030);
#6030 = CARTESIAN_POINT('',(0.708648457443,-1.309324228722,0.1));
#6031 = LINE('',#6032,#6033);
#6032 = CARTESIAN_POINT('',(0.708648457443,1.309324228722,0.1));
#6033 = VECTOR('',#6034,1.);
#6034 = DIRECTION('',(1.110223024625E-16,-1.,0.));
#6035 = ORIENTED_EDGE('',*,*,#6036,.T.);
#6036 = EDGE_CURVE('',#6029,#6037,#6039,.T.);
#6037 = VERTEX_POINT('',#6038);
#6038 = CARTESIAN_POINT('',(0.659324228722,-1.358648457443,0.1));
#6039 = LINE('',#6040,#6041);
#6040 = CARTESIAN_POINT('',(0.708648457443,-1.309324228722,0.1));
#6041 = VECTOR('',#6042,1.);
#6042 = DIRECTION('',(-0.707106781187,-0.707106781187,0.));
#6043 = ORIENTED_EDGE('',*,*,#6044,.T.);
#6044 = EDGE_CURVE('',#6037,#6045,#6047,.T.);
#6045 = VERTEX_POINT('',#6046);
#6046 = CARTESIAN_POINT('',(-0.659324228722,-1.358648457443,0.1));
#6047 = LINE('',#6048,#6049);
#6048 = CARTESIAN_POINT('',(0.659324228722,-1.358648457443,0.1));
#6049 = VECTOR('',#6050,1.);
#6050 = DIRECTION('',(-1.,-1.110223024625E-16,0.));
#6051 = ORIENTED_EDGE('',*,*,#6052,.T.);
#6052 = EDGE_CURVE('',#6045,#6053,#6055,.T.);
#6053 = VERTEX_POINT('',#6054);
#6054 = CARTESIAN_POINT('',(-0.708648457443,-1.309324228722,0.1));
#6055 = LINE('',#6056,#6057);
#6056 = CARTESIAN_POINT('',(-0.659324228722,-1.358648457443,0.1));
#6057 = VECTOR('',#6058,1.);
#6058 = DIRECTION('',(-0.707106781187,0.707106781187,0.));
#6059 = ORIENTED_EDGE('',*,*,#6060,.T.);
#6060 = EDGE_CURVE('',#6053,#6061,#6063,.T.);
#6061 = VERTEX_POINT('',#6062);
#6062 = CARTESIAN_POINT('',(-0.708648457443,1.309324228722,0.1));
#6063 = LINE('',#6064,#6065);
#6064 = CARTESIAN_POINT('',(-0.708648457443,-1.309324228722,0.1));
#6065 = VECTOR('',#6066,1.);
#6066 = DIRECTION('',(-1.110223024625E-16,1.,0.));
#6067 = ORIENTED_EDGE('',*,*,#6068,.T.);
#6068 = EDGE_CURVE('',#6061,#5982,#6069,.T.);
#6069 = LINE('',#6070,#6071);
#6070 = CARTESIAN_POINT('',(-0.708648457443,1.309324228722,0.1));
#6071 = VECTOR('',#6072,1.);
#6072 = DIRECTION('',(0.707106781187,0.707106781187,0.));
#6073 = PLANE('',#6074);
#6074 = AXIS2_PLACEMENT_3D('',#6075,#6076,#6077);
#6075 = CARTESIAN_POINT('',(-0.659324228722,1.358648457443,0.1));
#6076 = DIRECTION('',(0.,0.,1.));
#6077 = DIRECTION('',(0.436587433964,-0.899661832304,0.));
#6078 = ADVANCED_FACE('',(#6079),#6096,.F.);
#6079 = FACE_BOUND('',#6080,.F.);
#6080 = EDGE_LOOP('',(#6081,#6082,#6089,#6095));
#6081 = ORIENTED_EDGE('',*,*,#6020,.T.);
#6082 = ORIENTED_EDGE('',*,*,#6083,.T.);
#6083 = EDGE_CURVE('',#6021,#6084,#6086,.T.);
#6084 = VERTEX_POINT('',#6085);
#6085 = CARTESIAN_POINT('',(0.8,1.355,0.75));
#6086 = B_SPLINE_CURVE_WITH_KNOTS('',1,(#6087,#6088),.UNSPECIFIED.,.F.,
  .F.,(2,2),(0.,1.),.PIECEWISE_BEZIER_KNOTS.);
#6087 = CARTESIAN_POINT('',(0.708648457443,1.309324228722,0.1));
#6088 = CARTESIAN_POINT('',(0.8,1.355,0.75));
#6089 = ORIENTED_EDGE('',*,*,#6090,.F.);
#6090 = EDGE_CURVE('',#5992,#6084,#6091,.T.);
#6091 = LINE('',#6092,#6093);
#6092 = CARTESIAN_POINT('',(0.705,1.45,0.75));
#6093 = VECTOR('',#6094,1.);
#6094 = DIRECTION('',(0.707106781187,-0.707106781187,0.));
#6095 = ORIENTED_EDGE('',*,*,#5991,.F.);
#6096 = B_SPLINE_SURFACE_WITH_KNOTS('',1,1,(
    (#6097,#6098)
    ,(#6099,#6100
    )),.UNSPECIFIED.,.F.,.F.,.F.,(2,2),(2,2),(0.,0.134350288425),(0.,1.)
  ,.PIECEWISE_BEZIER_KNOTS.);
#6097 = CARTESIAN_POINT('',(0.659324228722,1.358648457443,0.1));
#6098 = CARTESIAN_POINT('',(0.705,1.45,0.75));
#6099 = CARTESIAN_POINT('',(0.708648457443,1.309324228722,0.1));
#6100 = CARTESIAN_POINT('',(0.8,1.355,0.75));
#6101 = ADVANCED_FACE('',(#6102),#6125,.F.);
#6102 = FACE_BOUND('',#6103,.F.);
#6103 = EDGE_LOOP('',(#6104,#6105,#6112,#6120));
#6104 = ORIENTED_EDGE('',*,*,#5998,.T.);
#6105 = ORIENTED_EDGE('',*,*,#6106,.T.);
#6106 = EDGE_CURVE('',#5992,#6107,#6109,.T.);
#6107 = VERTEX_POINT('',#6108);
#6108 = CARTESIAN_POINT('',(0.705,1.45,0.9));
#6109 = B_SPLINE_CURVE_WITH_KNOTS('',1,(#6110,#6111),.UNSPECIFIED.,.F.,
  .F.,(2,2),(0.,1.),.PIECEWISE_BEZIER_KNOTS.);
#6110 = CARTESIAN_POINT('',(0.705,1.45,0.75));
#6111 = CARTESIAN_POINT('',(0.705,1.45,0.9));
#6112 = ORIENTED_EDGE('',*,*,#6113,.F.);
#6113 = EDGE_CURVE('',#6114,#6107,#6116,.T.);
#6114 = VERTEX_POINT('',#6115);
#6115 = CARTESIAN_POINT('',(-0.705,1.45,0.9));
#6116 = LINE('',#6117,#6118);
#6117 = CARTESIAN_POINT('',(-0.705,1.45,0.9));
#6118 = VECTOR('',#6119,1.);
#6119 = DIRECTION('',(1.,1.110223024625E-16,0.));
#6120 = ORIENTED_EDGE('',*,*,#6121,.F.);
#6121 = EDGE_CURVE('',#5999,#6114,#6122,.T.);
#6122 = B_SPLINE_CURVE_WITH_KNOTS('',1,(#6123,#6124),.UNSPECIFIED.,.F.,
  .F.,(2,2),(0.,1.),.PIECEWISE_BEZIER_KNOTS.);
#6123 = CARTESIAN_POINT('',(-0.705,1.45,0.75));
#6124 = CARTESIAN_POINT('',(-0.705,1.45,0.9));
#6125 = PLANE('',#6126);
#6126 = AXIS2_PLACEMENT_3D('',#6127,#6128,#6129);
#6127 = CARTESIAN_POINT('',(-0.705,1.45,0.9));
#6128 = DIRECTION('',(1.110223024625E-16,-1.,0.));
#6129 = DIRECTION('',(1.,1.110223024625E-16,0.));
#6130 = ADVANCED_FACE('',(#6131),#6148,.F.);
#6131 = FACE_BOUND('',#6132,.F.);
#6132 = EDGE_LOOP('',(#6133,#6134,#6135,#6143));
#6133 = ORIENTED_EDGE('',*,*,#6068,.T.);
#6134 = ORIENTED_EDGE('',*,*,#6006,.T.);
#6135 = ORIENTED_EDGE('',*,*,#6136,.F.);
#6136 = EDGE_CURVE('',#6137,#5999,#6139,.T.);
#6137 = VERTEX_POINT('',#6138);
#6138 = CARTESIAN_POINT('',(-0.8,1.355,0.75));
#6139 = LINE('',#6140,#6141);
#6140 = CARTESIAN_POINT('',(-0.8,1.355,0.75));
#6141 = VECTOR('',#6142,1.);
#6142 = DIRECTION('',(0.707106781187,0.707106781187,0.));
#6143 = ORIENTED_EDGE('',*,*,#6144,.F.);
#6144 = EDGE_CURVE('',#6061,#6137,#6145,.T.);
#6145 = B_SPLINE_CURVE_WITH_KNOTS('',1,(#6146,#6147),.UNSPECIFIED.,.F.,
  .F.,(2,2),(0.,1.),.PIECEWISE_BEZIER_KNOTS.);
#6146 = CARTESIAN_POINT('',(-0.708648457443,1.309324228722,0.1));
#6147 = CARTESIAN_POINT('',(-0.8,1.355,0.75));
#6148 = B_SPLINE_SURFACE_WITH_KNOTS('',1,1,(
    (#6149,#6150)
    ,(#6151,#6152
    )),.UNSPECIFIED.,.F.,.F.,.F.,(2,2),(2,2),(0.,0.134350288425),(0.,1.)
  ,.PIECEWISE_BEZIER_KNOTS.);
#6149 = CARTESIAN_POINT('',(-0.708648457443,1.309324228722,0.1));
#6150 = CARTESIAN_POINT('',(-0.8,1.355,0.75));
#6151 = CARTESIAN_POINT('',(-0.659324228722,1.358648457443,0.1));
#6152 = CARTESIAN_POINT('',(-0.705,1.45,0.75));
#6153 = ADVANCED_FACE('',(#6154),#6219,.F.);
#6154 = FACE_BOUND('',#6155,.F.);
#6155 = EDGE_LOOP('',(#6156,#6157,#6158,#6166,#6174,#6182,#6190,#6198,
    #6206,#6214));
#6156 = ORIENTED_EDGE('',*,*,#6060,.T.);
#6157 = ORIENTED_EDGE('',*,*,#6144,.T.);
#6158 = ORIENTED_EDGE('',*,*,#6159,.F.);
#6159 = EDGE_CURVE('',#6160,#6137,#6162,.T.);
#6160 = VERTEX_POINT('',#6161);
#6161 = CARTESIAN_POINT('',(-0.8,1.2,0.75));
#6162 = LINE('',#6163,#6164);
#6163 = CARTESIAN_POINT('',(-0.8,-1.355,0.75));
#6164 = VECTOR('',#6165,1.);
#6165 = DIRECTION('',(-1.110223024625E-16,1.,0.));
#6166 = ORIENTED_EDGE('',*,*,#6167,.F.);
#6167 = EDGE_CURVE('',#6168,#6160,#6170,.T.);
#6168 = VERTEX_POINT('',#6169);
#6169 = CARTESIAN_POINT('',(-0.8,0.7,0.75));
#6170 = LINE('',#6171,#6172);
#6171 = CARTESIAN_POINT('',(-0.8,-1.355,0.75));
#6172 = VECTOR('',#6173,1.);
#6173 = DIRECTION('',(-1.110223024625E-16,1.,0.));
#6174 = ORIENTED_EDGE('',*,*,#6175,.F.);
#6175 = EDGE_CURVE('',#6176,#6168,#6178,.T.);
#6176 = VERTEX_POINT('',#6177);
#6177 = CARTESIAN_POINT('',(-0.8,0.25,0.75));
#6178 = LINE('',#6179,#6180);
#6179 = CARTESIAN_POINT('',(-0.8,-1.355,0.75));
#6180 = VECTOR('',#6181,1.);
#6181 = DIRECTION('',(-1.110223024625E-16,1.,0.));
#6182 = ORIENTED_EDGE('',*,*,#6183,.F.);
#6183 = EDGE_CURVE('',#6184,#6176,#6186,.T.);
#6184 = VERTEX_POINT('',#6185);
#6185 = CARTESIAN_POINT('',(-0.8,-0.25,0.75));
#6186 = LINE('',#6187,#6188);
#6187 = CARTESIAN_POINT('',(-0.8,-1.355,0.75));
#6188 = VECTOR('',#6189,1.);
#6189 = DIRECTION('',(-1.110223024625E-16,1.,0.));
#6190 = ORIENTED_EDGE('',*,*,#6191,.F.);
#6191 = EDGE_CURVE('',#6192,#6184,#6194,.T.);
#6192 = VERTEX_POINT('',#6193);
#6193 = CARTESIAN_POINT('',(-0.8,-0.7,0.75));
#6194 = LINE('',#6195,#6196);
#6195 = CARTESIAN_POINT('',(-0.8,-1.355,0.75));
#6196 = VECTOR('',#6197,1.);
#6197 = DIRECTION('',(-1.110223024625E-16,1.,0.));
#6198 = ORIENTED_EDGE('',*,*,#6199,.F.);
#6199 = EDGE_CURVE('',#6200,#6192,#6202,.T.);
#6200 = VERTEX_POINT('',#6201);
#6201 = CARTESIAN_POINT('',(-0.8,-1.2,0.75));
#6202 = LINE('',#6203,#6204);
#6203 = CARTESIAN_POINT('',(-0.8,-1.355,0.75));
#6204 = VECTOR('',#6205,1.);
#6205 = DIRECTION('',(-1.110223024625E-16,1.,0.));
#6206 = ORIENTED_EDGE('',*,*,#6207,.F.);
#6207 = EDGE_CURVE('',#6208,#6200,#6210,.T.);
#6208 = VERTEX_POINT('',#6209);
#6209 = CARTESIAN_POINT('',(-0.8,-1.355,0.75));
#6210 = LINE('',#6211,#6212);
#6211 = CARTESIAN_POINT('',(-0.8,-1.355,0.75));
#6212 = VECTOR('',#6213,1.);
#6213 = DIRECTION('',(-1.110223024625E-16,1.,0.));
#6214 = ORIENTED_EDGE('',*,*,#6215,.F.);
#6215 = EDGE_CURVE('',#6053,#6208,#6216,.T.);
#6216 = B_SPLINE_CURVE_WITH_KNOTS('',1,(#6217,#6218),.UNSPECIFIED.,.F.,
  .F.,(2,2),(0.,1.),.PIECEWISE_BEZIER_KNOTS.);
#6217 = CARTESIAN_POINT('',(-0.708648457443,-1.309324228722,0.1));
#6218 = CARTESIAN_POINT('',(-0.8,-1.355,0.75));
#6219 = B_SPLINE_SURFACE_WITH_KNOTS('',1,1,(
    (#6220,#6221)
    ,(#6222,#6223
    )),.UNSPECIFIED.,.F.,.F.,.F.,(2,2),(2,2),(0.,2.71),(0.,1.),
  .PIECEWISE_BEZIER_KNOTS.);
#6220 = CARTESIAN_POINT('',(-0.708648457443,-1.309324228722,0.1));
#6221 = CARTESIAN_POINT('',(-0.8,-1.355,0.75));
#6222 = CARTESIAN_POINT('',(-0.708648457443,1.309324228722,0.1));
#6223 = CARTESIAN_POINT('',(-0.8,1.355,0.75));
#6224 = ADVANCED_FACE('',(#6225),#6290,.F.);
#6225 = FACE_BOUND('',#6226,.F.);
#6226 = EDGE_LOOP('',(#6227,#6228,#6235,#6243,#6251,#6259,#6267,#6275,
    #6283,#6289));
#6227 = ORIENTED_EDGE('',*,*,#6028,.T.);
#6228 = ORIENTED_EDGE('',*,*,#6229,.T.);
#6229 = EDGE_CURVE('',#6029,#6230,#6232,.T.);
#6230 = VERTEX_POINT('',#6231);
#6231 = CARTESIAN_POINT('',(0.8,-1.355,0.75));
#6232 = B_SPLINE_CURVE_WITH_KNOTS('',1,(#6233,#6234),.UNSPECIFIED.,.F.,
  .F.,(2,2),(0.,1.),.PIECEWISE_BEZIER_KNOTS.);
#6233 = CARTESIAN_POINT('',(0.708648457443,-1.309324228722,0.1));
#6234 = CARTESIAN_POINT('',(0.8,-1.355,0.75));
#6235 = ORIENTED_EDGE('',*,*,#6236,.F.);
#6236 = EDGE_CURVE('',#6237,#6230,#6239,.T.);
#6237 = VERTEX_POINT('',#6238);
#6238 = CARTESIAN_POINT('',(0.8,-1.2,0.75));
#6239 = LINE('',#6240,#6241);
#6240 = CARTESIAN_POINT('',(0.8,1.355,0.75));
#6241 = VECTOR('',#6242,1.);
#6242 = DIRECTION('',(1.110223024625E-16,-1.,0.));
#6243 = ORIENTED_EDGE('',*,*,#6244,.F.);
#6244 = EDGE_CURVE('',#6245,#6237,#6247,.T.);
#6245 = VERTEX_POINT('',#6246);
#6246 = CARTESIAN_POINT('',(0.8,-0.7,0.75));
#6247 = LINE('',#6248,#6249);
#6248 = CARTESIAN_POINT('',(0.8,1.355,0.75));
#6249 = VECTOR('',#6250,1.);
#6250 = DIRECTION('',(1.110223024625E-16,-1.,0.));
#6251 = ORIENTED_EDGE('',*,*,#6252,.F.);
#6252 = EDGE_CURVE('',#6253,#6245,#6255,.T.);
#6253 = VERTEX_POINT('',#6254);
#6254 = CARTESIAN_POINT('',(0.8,-0.25,0.75));
#6255 = LINE('',#6256,#6257);
#6256 = CARTESIAN_POINT('',(0.8,1.355,0.75));
#6257 = VECTOR('',#6258,1.);
#6258 = DIRECTION('',(1.110223024625E-16,-1.,0.));
#6259 = ORIENTED_EDGE('',*,*,#6260,.F.);
#6260 = EDGE_CURVE('',#6261,#6253,#6263,.T.);
#6261 = VERTEX_POINT('',#6262);
#6262 = CARTESIAN_POINT('',(0.8,0.25,0.75));
#6263 = LINE('',#6264,#6265);
#6264 = CARTESIAN_POINT('',(0.8,1.355,0.75));
#6265 = VECTOR('',#6266,1.);
#6266 = DIRECTION('',(1.110223024625E-16,-1.,0.));
#6267 = ORIENTED_EDGE('',*,*,#6268,.F.);
#6268 = EDGE_CURVE('',#6269,#6261,#6271,.T.);
#6269 = VERTEX_POINT('',#6270);
#6270 = CARTESIAN_POINT('',(0.8,0.7,0.75));
#6271 = LINE('',#6272,#6273);
#6272 = CARTESIAN_POINT('',(0.8,1.355,0.75));
#6273 = VECTOR('',#6274,1.);
#6274 = DIRECTION('',(1.110223024625E-16,-1.,0.));
#6275 = ORIENTED_EDGE('',*,*,#6276,.F.);
#6276 = EDGE_CURVE('',#6277,#6269,#6279,.T.);
#6277 = VERTEX_POINT('',#6278);
#6278 = CARTESIAN_POINT('',(0.8,1.2,0.75));
#6279 = LINE('',#6280,#6281);
#6280 = CARTESIAN_POINT('',(0.8,1.355,0.75));
#6281 = VECTOR('',#6282,1.);
#6282 = DIRECTION('',(1.110223024625E-16,-1.,0.));
#6283 = ORIENTED_EDGE('',*,*,#6284,.F.);
#6284 = EDGE_CURVE('',#6084,#6277,#6285,.T.);
#6285 = LINE('',#6286,#6287);
#6286 = CARTESIAN_POINT('',(0.8,1.355,0.75));
#6287 = VECTOR('',#6288,1.);
#6288 = DIRECTION('',(1.110223024625E-16,-1.,0.));
#6289 = ORIENTED_EDGE('',*,*,#6083,.F.);
#6290 = B_SPLINE_SURFACE_WITH_KNOTS('',1,1,(
    (#6291,#6292)
    ,(#6293,#6294
    )),.UNSPECIFIED.,.F.,.F.,.F.,(2,2),(2,2),(0.,2.71),(0.,1.),
  .PIECEWISE_BEZIER_KNOTS.);
#6291 = CARTESIAN_POINT('',(0.708648457443,1.309324228722,0.1));
#6292 = CARTESIAN_POINT('',(0.8,1.355,0.75));
#6293 = CARTESIAN_POINT('',(0.708648457443,-1.309324228722,0.1));
#6294 = CARTESIAN_POINT('',(0.8,-1.355,0.75));
#6295 = ADVANCED_FACE('',(#6296),#6313,.F.);
#6296 = FACE_BOUND('',#6297,.F.);
#6297 = EDGE_LOOP('',(#6298,#6299,#6300,#6308));
#6298 = ORIENTED_EDGE('',*,*,#6052,.T.);
#6299 = ORIENTED_EDGE('',*,*,#6215,.T.);
#6300 = ORIENTED_EDGE('',*,*,#6301,.F.);
#6301 = EDGE_CURVE('',#6302,#6208,#6304,.T.);
#6302 = VERTEX_POINT('',#6303);
#6303 = CARTESIAN_POINT('',(-0.705,-1.45,0.75));
#6304 = LINE('',#6305,#6306);
#6305 = CARTESIAN_POINT('',(-0.705,-1.45,0.75));
#6306 = VECTOR('',#6307,1.);
#6307 = DIRECTION('',(-0.707106781187,0.707106781187,0.));
#6308 = ORIENTED_EDGE('',*,*,#6309,.F.);
#6309 = EDGE_CURVE('',#6045,#6302,#6310,.T.);
#6310 = B_SPLINE_CURVE_WITH_KNOTS('',1,(#6311,#6312),.UNSPECIFIED.,.F.,
  .F.,(2,2),(0.,1.),.PIECEWISE_BEZIER_KNOTS.);
#6311 = CARTESIAN_POINT('',(-0.659324228722,-1.358648457443,0.1));
#6312 = CARTESIAN_POINT('',(-0.705,-1.45,0.75));
#6313 = B_SPLINE_SURFACE_WITH_KNOTS('',1,1,(
    (#6314,#6315)
    ,(#6316,#6317
    )),.UNSPECIFIED.,.F.,.F.,.F.,(2,2),(2,2),(0.,0.134350288425),(0.,1.)
  ,.PIECEWISE_BEZIER_KNOTS.);
#6314 = CARTESIAN_POINT('',(-0.659324228722,-1.358648457443,0.1));
#6315 = CARTESIAN_POINT('',(-0.705,-1.45,0.75));
#6316 = CARTESIAN_POINT('',(-0.708648457443,-1.309324228722,0.1));
#6317 = CARTESIAN_POINT('',(-0.8,-1.355,0.75));
#6318 = ADVANCED_FACE('',(#6319),#6336,.F.);
#6319 = FACE_BOUND('',#6320,.F.);
#6320 = EDGE_LOOP('',(#6321,#6322,#6329,#6335));
#6321 = ORIENTED_EDGE('',*,*,#6036,.T.);
#6322 = ORIENTED_EDGE('',*,*,#6323,.T.);
#6323 = EDGE_CURVE('',#6037,#6324,#6326,.T.);
#6324 = VERTEX_POINT('',#6325);
#6325 = CARTESIAN_POINT('',(0.705,-1.45,0.75));
#6326 = B_SPLINE_CURVE_WITH_KNOTS('',1,(#6327,#6328),.UNSPECIFIED.,.F.,
  .F.,(2,2),(0.,1.),.PIECEWISE_BEZIER_KNOTS.);
#6327 = CARTESIAN_POINT('',(0.659324228722,-1.358648457443,0.1));
#6328 = CARTESIAN_POINT('',(0.705,-1.45,0.75));
#6329 = ORIENTED_EDGE('',*,*,#6330,.F.);
#6330 = EDGE_CURVE('',#6230,#6324,#6331,.T.);
#6331 = LINE('',#6332,#6333);
#6332 = CARTESIAN_POINT('',(0.8,-1.355,0.75));
#6333 = VECTOR('',#6334,1.);
#6334 = DIRECTION('',(-0.707106781187,-0.707106781187,0.));
#6335 = ORIENTED_EDGE('',*,*,#6229,.F.);
#6336 = B_SPLINE_SURFACE_WITH_KNOTS('',1,1,(
    (#6337,#6338)
    ,(#6339,#6340
    )),.UNSPECIFIED.,.F.,.F.,.F.,(2,2),(2,2),(0.,0.134350288425),(0.,1.)
  ,.PIECEWISE_BEZIER_KNOTS.);
#6337 = CARTESIAN_POINT('',(0.708648457443,-1.309324228722,0.1));
#6338 = CARTESIAN_POINT('',(0.8,-1.355,0.75));
#6339 = CARTESIAN_POINT('',(0.659324228722,-1.358648457443,0.1));
#6340 = CARTESIAN_POINT('',(0.705,-1.45,0.75));
#6341 = ADVANCED_FACE('',(#6342),#6353,.F.);
#6342 = FACE_BOUND('',#6343,.F.);
#6343 = EDGE_LOOP('',(#6344,#6345,#6346,#6352));
#6344 = ORIENTED_EDGE('',*,*,#6044,.T.);
#6345 = ORIENTED_EDGE('',*,*,#6309,.T.);
#6346 = ORIENTED_EDGE('',*,*,#6347,.F.);
#6347 = EDGE_CURVE('',#6324,#6302,#6348,.T.);
#6348 = LINE('',#6349,#6350);
#6349 = CARTESIAN_POINT('',(0.705,-1.45,0.75));
#6350 = VECTOR('',#6351,1.);
#6351 = DIRECTION('',(-1.,-1.110223024625E-16,0.));
#6352 = ORIENTED_EDGE('',*,*,#6323,.F.);
#6353 = B_SPLINE_SURFACE_WITH_KNOTS('',1,1,(
    (#6354,#6355)
    ,(#6356,#6357
    )),.UNSPECIFIED.,.F.,.F.,.F.,(2,2),(2,2),(0.,1.41),(0.,1.),
  .PIECEWISE_BEZIER_KNOTS.);
#6354 = CARTESIAN_POINT('',(0.659324228722,-1.358648457443,0.1));
#6355 = CARTESIAN_POINT('',(0.705,-1.45,0.75));
#6356 = CARTESIAN_POINT('',(-0.659324228722,-1.358648457443,0.1));
#6357 = CARTESIAN_POINT('',(-0.705,-1.45,0.75));
#6358 = ADVANCED_FACE('',(#6359),#6376,.F.);
#6359 = FACE_BOUND('',#6360,.F.);
#6360 = EDGE_LOOP('',(#6361,#6362,#6369,#6375));
#6361 = ORIENTED_EDGE('',*,*,#6090,.T.);
#6362 = ORIENTED_EDGE('',*,*,#6363,.T.);
#6363 = EDGE_CURVE('',#6084,#6364,#6366,.T.);
#6364 = VERTEX_POINT('',#6365);
#6365 = CARTESIAN_POINT('',(0.8,1.355,0.9));
#6366 = B_SPLINE_CURVE_WITH_KNOTS('',1,(#6367,#6368),.UNSPECIFIED.,.F.,
  .F.,(2,2),(0.,1.),.PIECEWISE_BEZIER_KNOTS.);
#6367 = CARTESIAN_POINT('',(0.8,1.355,0.75));
#6368 = CARTESIAN_POINT('',(0.8,1.355,0.9));
#6369 = ORIENTED_EDGE('',*,*,#6370,.F.);
#6370 = EDGE_CURVE('',#6107,#6364,#6371,.T.);
#6371 = LINE('',#6372,#6373);
#6372 = CARTESIAN_POINT('',(0.705,1.45,0.9));
#6373 = VECTOR('',#6374,1.);
#6374 = DIRECTION('',(0.707106781187,-0.707106781187,0.));
#6375 = ORIENTED_EDGE('',*,*,#6106,.F.);
#6376 = PLANE('',#6377);
#6377 = AXIS2_PLACEMENT_3D('',#6378,#6379,#6380);
#6378 = CARTESIAN_POINT('',(0.705,1.45,0.9));
#6379 = DIRECTION('',(-0.707106781187,-0.707106781187,0.));
#6380 = DIRECTION('',(0.707106781187,-0.707106781187,0.));
#6381 = ADVANCED_FACE('',(#6382),#6464,.F.);
#6382 = FACE_BOUND('',#6383,.F.);
#6383 = EDGE_LOOP('',(#6384,#6392,#6393,#6394,#6402,#6410,#6418,#6426,
    #6434,#6442,#6450,#6458));
#6384 = ORIENTED_EDGE('',*,*,#6385,.T.);
#6385 = EDGE_CURVE('',#6386,#6114,#6388,.T.);
#6386 = VERTEX_POINT('',#6387);
#6387 = CARTESIAN_POINT('',(-0.8,1.355,0.9));
#6388 = LINE('',#6389,#6390);
#6389 = CARTESIAN_POINT('',(-0.8,1.355,0.9));
#6390 = VECTOR('',#6391,1.);
#6391 = DIRECTION('',(0.707106781187,0.707106781187,0.));
#6392 = ORIENTED_EDGE('',*,*,#6113,.T.);
#6393 = ORIENTED_EDGE('',*,*,#6370,.T.);
#6394 = ORIENTED_EDGE('',*,*,#6395,.T.);
#6395 = EDGE_CURVE('',#6364,#6396,#6398,.T.);
#6396 = VERTEX_POINT('',#6397);
#6397 = CARTESIAN_POINT('',(0.8,1.2,0.9));
#6398 = LINE('',#6399,#6400);
#6399 = CARTESIAN_POINT('',(0.8,1.355,0.9));
#6400 = VECTOR('',#6401,1.);
#6401 = DIRECTION('',(1.110223024625E-16,-1.,0.));
#6402 = ORIENTED_EDGE('',*,*,#6403,.T.);
#6403 = EDGE_CURVE('',#6396,#6404,#6406,.T.);
#6404 = VERTEX_POINT('',#6405);
#6405 = CARTESIAN_POINT('',(0.775,1.2,0.9));
#6406 = LINE('',#6407,#6408);
#6407 = CARTESIAN_POINT('',(0.85,1.2,0.9));
#6408 = VECTOR('',#6409,1.);
#6409 = DIRECTION('',(-1.,-1.110223024625E-16,0.));
#6410 = ORIENTED_EDGE('',*,*,#6411,.F.);
#6411 = EDGE_CURVE('',#6412,#6404,#6414,.T.);
#6412 = VERTEX_POINT('',#6413);
#6413 = CARTESIAN_POINT('',(0.775,1.3425,0.9));
#6414 = LINE('',#6415,#6416);
#6415 = CARTESIAN_POINT('',(0.775,1.3425,0.9));
#6416 = VECTOR('',#6417,1.);
#6417 = DIRECTION('',(1.110223024625E-16,-1.,0.));
#6418 = ORIENTED_EDGE('',*,*,#6419,.F.);
#6419 = EDGE_CURVE('',#6420,#6412,#6422,.T.);
#6420 = VERTEX_POINT('',#6421);
#6421 = CARTESIAN_POINT('',(0.6925,1.425,0.9));
#6422 = LINE('',#6423,#6424);
#6423 = CARTESIAN_POINT('',(0.6925,1.425,0.9));
#6424 = VECTOR('',#6425,1.);
#6425 = DIRECTION('',(0.707106781187,-0.707106781187,0.));
#6426 = ORIENTED_EDGE('',*,*,#6427,.F.);
#6427 = EDGE_CURVE('',#6428,#6420,#6430,.T.);
#6428 = VERTEX_POINT('',#6429);
#6429 = CARTESIAN_POINT('',(-0.6925,1.425,0.9));
#6430 = LINE('',#6431,#6432);
#6431 = CARTESIAN_POINT('',(-0.6925,1.425,0.9));
#6432 = VECTOR('',#6433,1.);
#6433 = DIRECTION('',(1.,1.110223024625E-16,0.));
#6434 = ORIENTED_EDGE('',*,*,#6435,.F.);
#6435 = EDGE_CURVE('',#6436,#6428,#6438,.T.);
#6436 = VERTEX_POINT('',#6437);
#6437 = CARTESIAN_POINT('',(-0.775,1.3425,0.9));
#6438 = LINE('',#6439,#6440);
#6439 = CARTESIAN_POINT('',(-0.775,1.3425,0.9));
#6440 = VECTOR('',#6441,1.);
#6441 = DIRECTION('',(0.707106781187,0.707106781187,0.));
#6442 = ORIENTED_EDGE('',*,*,#6443,.F.);
#6443 = EDGE_CURVE('',#6444,#6436,#6446,.T.);
#6444 = VERTEX_POINT('',#6445);
#6445 = CARTESIAN_POINT('',(-0.775,1.2,0.9));
#6446 = LINE('',#6447,#6448);
#6447 = CARTESIAN_POINT('',(-0.775,-1.3425,0.9));
#6448 = VECTOR('',#6449,1.);
#6449 = DIRECTION('',(-1.110223024625E-16,1.,0.));
#6450 = ORIENTED_EDGE('',*,*,#6451,.F.);
#6451 = EDGE_CURVE('',#6452,#6444,#6454,.T.);
#6452 = VERTEX_POINT('',#6453);
#6453 = CARTESIAN_POINT('',(-0.8,1.2,0.9));
#6454 = LINE('',#6455,#6456);
#6455 = CARTESIAN_POINT('',(-0.85,1.2,0.9));
#6456 = VECTOR('',#6457,1.);
#6457 = DIRECTION('',(1.,-1.144237745222E-17,0.));
#6458 = ORIENTED_EDGE('',*,*,#6459,.T.);
#6459 = EDGE_CURVE('',#6452,#6386,#6460,.T.);
#6460 = LINE('',#6461,#6462);
#6461 = CARTESIAN_POINT('',(-0.8,-1.355,0.9));
#6462 = VECTOR('',#6463,1.);
#6463 = DIRECTION('',(-1.110223024625E-16,1.,0.));
#6464 = PLANE('',#6465);
#6465 = AXIS2_PLACEMENT_3D('',#6466,#6467,#6468);
#6466 = CARTESIAN_POINT('',(-2.091417030376E-16,1.4375,0.9));
#6467 = DIRECTION('',(4.595758349624E-18,6.551522493592E-27,-1.));
#6468 = DIRECTION('',(1.,1.51922136901E-16,4.595758349624E-18));
#6469 = ADVANCED_FACE('',(#6470),#6480,.F.);
#6470 = FACE_BOUND('',#6471,.F.);
#6471 = EDGE_LOOP('',(#6472,#6473,#6474,#6475));
#6472 = ORIENTED_EDGE('',*,*,#6136,.T.);
#6473 = ORIENTED_EDGE('',*,*,#6121,.T.);
#6474 = ORIENTED_EDGE('',*,*,#6385,.F.);
#6475 = ORIENTED_EDGE('',*,*,#6476,.F.);
#6476 = EDGE_CURVE('',#6137,#6386,#6477,.T.);
#6477 = B_SPLINE_CURVE_WITH_KNOTS('',1,(#6478,#6479),.UNSPECIFIED.,.F.,
  .F.,(2,2),(0.,1.),.PIECEWISE_BEZIER_KNOTS.);
#6478 = CARTESIAN_POINT('',(-0.8,1.355,0.75));
#6479 = CARTESIAN_POINT('',(-0.8,1.355,0.9));
#6480 = PLANE('',#6481);
#6481 = AXIS2_PLACEMENT_3D('',#6482,#6483,#6484);
#6482 = CARTESIAN_POINT('',(-0.8,1.355,0.9));
#6483 = DIRECTION('',(0.707106781187,-0.707106781187,0.));
#6484 = DIRECTION('',(0.707106781187,0.707106781187,0.));
#6485 = ADVANCED_FACE('',(#6486),#6510,.F.);
#6486 = FACE_BOUND('',#6487,.F.);
#6487 = EDGE_LOOP('',(#6488,#6495,#6496,#6504));
#6488 = ORIENTED_EDGE('',*,*,#6489,.F.);
#6489 = EDGE_CURVE('',#6208,#6490,#6492,.T.);
#6490 = VERTEX_POINT('',#6491);
#6491 = CARTESIAN_POINT('',(-0.8,-1.355,0.9));
#6492 = B_SPLINE_CURVE_WITH_KNOTS('',1,(#6493,#6494),.UNSPECIFIED.,.F.,
  .F.,(2,2),(0.,1.),.PIECEWISE_BEZIER_KNOTS.);
#6493 = CARTESIAN_POINT('',(-0.8,-1.355,0.75));
#6494 = CARTESIAN_POINT('',(-0.8,-1.355,0.9));
#6495 = ORIENTED_EDGE('',*,*,#6207,.T.);
#6496 = ORIENTED_EDGE('',*,*,#6497,.T.);
#6497 = EDGE_CURVE('',#6200,#6498,#6500,.T.);
#6498 = VERTEX_POINT('',#6499);
#6499 = CARTESIAN_POINT('',(-0.8,-1.2,0.9));
#6500 = LINE('',#6501,#6502);
#6501 = CARTESIAN_POINT('',(-0.8,-1.2,0.670847817658));
#6502 = VECTOR('',#6503,1.);
#6503 = DIRECTION('',(0.,0.,1.));
#6504 = ORIENTED_EDGE('',*,*,#6505,.F.);
#6505 = EDGE_CURVE('',#6490,#6498,#6506,.T.);
#6506 = LINE('',#6507,#6508);
#6507 = CARTESIAN_POINT('',(-0.8,-1.355,0.9));
#6508 = VECTOR('',#6509,1.);
#6509 = DIRECTION('',(-1.110223024625E-16,1.,0.));
#6510 = PLANE('',#6511);
#6511 = AXIS2_PLACEMENT_3D('',#6512,#6513,#6514);
#6512 = CARTESIAN_POINT('',(-0.8,-1.355,0.9));
#6513 = DIRECTION('',(1.,1.110223024625E-16,0.));
#6514 = DIRECTION('',(-1.110223024625E-16,1.,0.));
#6515 = ADVANCED_FACE('',(#6516),#6541,.F.);
#6516 = FACE_BOUND('',#6517,.F.);
#6517 = EDGE_LOOP('',(#6518,#6526,#6527,#6535));
#6518 = ORIENTED_EDGE('',*,*,#6519,.F.);
#6519 = EDGE_CURVE('',#6200,#6520,#6522,.T.);
#6520 = VERTEX_POINT('',#6521);
#6521 = CARTESIAN_POINT('',(-0.85,-1.2,0.75));
#6522 = LINE('',#6523,#6524);
#6523 = CARTESIAN_POINT('',(-0.75,-1.2,0.75));
#6524 = VECTOR('',#6525,1.);
#6525 = DIRECTION('',(-1.,1.144237745222E-17,0.));
#6526 = ORIENTED_EDGE('',*,*,#6199,.T.);
#6527 = ORIENTED_EDGE('',*,*,#6528,.T.);
#6528 = EDGE_CURVE('',#6192,#6529,#6531,.T.);
#6529 = VERTEX_POINT('',#6530);
#6530 = CARTESIAN_POINT('',(-0.85,-0.7,0.75));
#6531 = LINE('',#6532,#6533);
#6532 = CARTESIAN_POINT('',(-0.75,-0.7,0.75));
#6533 = VECTOR('',#6534,1.);
#6534 = DIRECTION('',(-1.,1.144237745222E-17,0.));
#6535 = ORIENTED_EDGE('',*,*,#6536,.F.);
#6536 = EDGE_CURVE('',#6520,#6529,#6537,.T.);
#6537 = LINE('',#6538,#6539);
#6538 = CARTESIAN_POINT('',(-0.85,-1.2,0.75));
#6539 = VECTOR('',#6540,1.);
#6540 = DIRECTION('',(1.144237745222E-17,1.,0.));
#6541 = PLANE('',#6542);
#6542 = AXIS2_PLACEMENT_3D('',#6543,#6544,#6545);
#6543 = CARTESIAN_POINT('',(-0.75,-1.2,0.75));
#6544 = DIRECTION('',(0.,0.,1.));
#6545 = DIRECTION('',(-1.,1.144237745222E-17,0.));
#6546 = ADVANCED_FACE('',(#6547),#6572,.F.);
#6547 = FACE_BOUND('',#6548,.F.);
#6548 = EDGE_LOOP('',(#6549,#6557,#6558,#6566));
#6549 = ORIENTED_EDGE('',*,*,#6550,.F.);
#6550 = EDGE_CURVE('',#6192,#6551,#6553,.T.);
#6551 = VERTEX_POINT('',#6552);
#6552 = CARTESIAN_POINT('',(-0.8,-0.7,0.9));
#6553 = LINE('',#6554,#6555);
#6554 = CARTESIAN_POINT('',(-0.8,-0.7,0.670847817658));
#6555 = VECTOR('',#6556,1.);
#6556 = DIRECTION('',(0.,0.,1.));
#6557 = ORIENTED_EDGE('',*,*,#6191,.T.);
#6558 = ORIENTED_EDGE('',*,*,#6559,.T.);
#6559 = EDGE_CURVE('',#6184,#6560,#6562,.T.);
#6560 = VERTEX_POINT('',#6561);
#6561 = CARTESIAN_POINT('',(-0.8,-0.25,0.9));
#6562 = LINE('',#6563,#6564);
#6563 = CARTESIAN_POINT('',(-0.8,-0.25,0.670847817658));
#6564 = VECTOR('',#6565,1.);
#6565 = DIRECTION('',(0.,0.,1.));
#6566 = ORIENTED_EDGE('',*,*,#6567,.F.);
#6567 = EDGE_CURVE('',#6551,#6560,#6568,.T.);
#6568 = LINE('',#6569,#6570);
#6569 = CARTESIAN_POINT('',(-0.8,-1.355,0.9));
#6570 = VECTOR('',#6571,1.);
#6571 = DIRECTION('',(-1.110223024625E-16,1.,0.));
#6572 = PLANE('',#6573);
#6573 = AXIS2_PLACEMENT_3D('',#6574,#6575,#6576);
#6574 = CARTESIAN_POINT('',(-0.8,-1.355,0.9));
#6575 = DIRECTION('',(1.,1.110223024625E-16,0.));
#6576 = DIRECTION('',(-1.110223024625E-16,1.,0.));
#6577 = ADVANCED_FACE('',(#6578),#6603,.F.);
#6578 = FACE_BOUND('',#6579,.F.);
#6579 = EDGE_LOOP('',(#6580,#6588,#6589,#6597));
#6580 = ORIENTED_EDGE('',*,*,#6581,.F.);
#6581 = EDGE_CURVE('',#6184,#6582,#6584,.T.);
#6582 = VERTEX_POINT('',#6583);
#6583 = CARTESIAN_POINT('',(-0.85,-0.25,0.75));
#6584 = LINE('',#6585,#6586);
#6585 = CARTESIAN_POINT('',(-0.75,-0.25,0.75));
#6586 = VECTOR('',#6587,1.);
#6587 = DIRECTION('',(-1.,1.144237745222E-17,0.));
#6588 = ORIENTED_EDGE('',*,*,#6183,.T.);
#6589 = ORIENTED_EDGE('',*,*,#6590,.T.);
#6590 = EDGE_CURVE('',#6176,#6591,#6593,.T.);
#6591 = VERTEX_POINT('',#6592);
#6592 = CARTESIAN_POINT('',(-0.85,0.25,0.75));
#6593 = LINE('',#6594,#6595);
#6594 = CARTESIAN_POINT('',(-0.75,0.25,0.75));
#6595 = VECTOR('',#6596,1.);
#6596 = DIRECTION('',(-1.,1.144237745222E-17,0.));
#6597 = ORIENTED_EDGE('',*,*,#6598,.F.);
#6598 = EDGE_CURVE('',#6582,#6591,#6599,.T.);
#6599 = LINE('',#6600,#6601);
#6600 = CARTESIAN_POINT('',(-0.85,-0.25,0.75));
#6601 = VECTOR('',#6602,1.);
#6602 = DIRECTION('',(1.144237745222E-17,1.,0.));
#6603 = PLANE('',#6604);
#6604 = AXIS2_PLACEMENT_3D('',#6605,#6606,#6607);
#6605 = CARTESIAN_POINT('',(-0.75,-0.25,0.75));
#6606 = DIRECTION('',(0.,0.,1.));
#6607 = DIRECTION('',(-1.,1.144237745222E-17,0.));
#6608 = ADVANCED_FACE('',(#6609),#6634,.F.);
#6609 = FACE_BOUND('',#6610,.F.);
#6610 = EDGE_LOOP('',(#6611,#6619,#6620,#6628));
#6611 = ORIENTED_EDGE('',*,*,#6612,.F.);
#6612 = EDGE_CURVE('',#6176,#6613,#6615,.T.);
#6613 = VERTEX_POINT('',#6614);
#6614 = CARTESIAN_POINT('',(-0.8,0.25,0.9));
#6615 = LINE('',#6616,#6617);
#6616 = CARTESIAN_POINT('',(-0.8,0.25,0.670847817658));
#6617 = VECTOR('',#6618,1.);
#6618 = DIRECTION('',(0.,0.,1.));
#6619 = ORIENTED_EDGE('',*,*,#6175,.T.);
#6620 = ORIENTED_EDGE('',*,*,#6621,.T.);
#6621 = EDGE_CURVE('',#6168,#6622,#6624,.T.);
#6622 = VERTEX_POINT('',#6623);
#6623 = CARTESIAN_POINT('',(-0.8,0.7,0.9));
#6624 = LINE('',#6625,#6626);
#6625 = CARTESIAN_POINT('',(-0.8,0.7,0.670847817658));
#6626 = VECTOR('',#6627,1.);
#6627 = DIRECTION('',(0.,0.,1.));
#6628 = ORIENTED_EDGE('',*,*,#6629,.F.);
#6629 = EDGE_CURVE('',#6613,#6622,#6630,.T.);
#6630 = LINE('',#6631,#6632);
#6631 = CARTESIAN_POINT('',(-0.8,-1.355,0.9));
#6632 = VECTOR('',#6633,1.);
#6633 = DIRECTION('',(-1.110223024625E-16,1.,0.));
#6634 = PLANE('',#6635);
#6635 = AXIS2_PLACEMENT_3D('',#6636,#6637,#6638);
#6636 = CARTESIAN_POINT('',(-0.8,-1.355,0.9));
#6637 = DIRECTION('',(1.,1.110223024625E-16,0.));
#6638 = DIRECTION('',(-1.110223024625E-16,1.,0.));
#6639 = ADVANCED_FACE('',(#6640),#6665,.F.);
#6640 = FACE_BOUND('',#6641,.F.);
#6641 = EDGE_LOOP('',(#6642,#6650,#6651,#6659));
#6642 = ORIENTED_EDGE('',*,*,#6643,.F.);
#6643 = EDGE_CURVE('',#6168,#6644,#6646,.T.);
#6644 = VERTEX_POINT('',#6645);
#6645 = CARTESIAN_POINT('',(-0.85,0.7,0.75));
#6646 = LINE('',#6647,#6648);
#6647 = CARTESIAN_POINT('',(-0.75,0.7,0.75));
#6648 = VECTOR('',#6649,1.);
#6649 = DIRECTION('',(-1.,1.144237745222E-17,0.));
#6650 = ORIENTED_EDGE('',*,*,#6167,.T.);
#6651 = ORIENTED_EDGE('',*,*,#6652,.T.);
#6652 = EDGE_CURVE('',#6160,#6653,#6655,.T.);
#6653 = VERTEX_POINT('',#6654);
#6654 = CARTESIAN_POINT('',(-0.85,1.2,0.75));
#6655 = LINE('',#6656,#6657);
#6656 = CARTESIAN_POINT('',(-0.75,1.2,0.75));
#6657 = VECTOR('',#6658,1.);
#6658 = DIRECTION('',(-1.,1.144237745222E-17,0.));
#6659 = ORIENTED_EDGE('',*,*,#6660,.F.);
#6660 = EDGE_CURVE('',#6644,#6653,#6661,.T.);
#6661 = LINE('',#6662,#6663);
#6662 = CARTESIAN_POINT('',(-0.85,0.7,0.75));
#6663 = VECTOR('',#6664,1.);
#6664 = DIRECTION('',(1.144237745222E-17,1.,0.));
#6665 = PLANE('',#6666);
#6666 = AXIS2_PLACEMENT_3D('',#6667,#6668,#6669);
#6667 = CARTESIAN_POINT('',(-0.75,0.7,0.75));
#6668 = DIRECTION('',(0.,0.,1.));
#6669 = DIRECTION('',(-1.,1.144237745222E-17,0.));
#6670 = ADVANCED_FACE('',(#6671),#6682,.F.);
#6671 = FACE_BOUND('',#6672,.F.);
#6672 = EDGE_LOOP('',(#6673,#6679,#6680,#6681));
#6673 = ORIENTED_EDGE('',*,*,#6674,.F.);
#6674 = EDGE_CURVE('',#6160,#6452,#6675,.T.);
#6675 = LINE('',#6676,#6677);
#6676 = CARTESIAN_POINT('',(-0.8,1.2,0.670847817658));
#6677 = VECTOR('',#6678,1.);
#6678 = DIRECTION('',(0.,0.,1.));
#6679 = ORIENTED_EDGE('',*,*,#6159,.T.);
#6680 = ORIENTED_EDGE('',*,*,#6476,.T.);
#6681 = ORIENTED_EDGE('',*,*,#6459,.F.);
#6682 = PLANE('',#6683);
#6683 = AXIS2_PLACEMENT_3D('',#6684,#6685,#6686);
#6684 = CARTESIAN_POINT('',(-0.8,-1.355,0.9));
#6685 = DIRECTION('',(1.,1.110223024625E-16,0.));
#6686 = DIRECTION('',(-1.110223024625E-16,1.,0.));
#6687 = ADVANCED_FACE('',(#6688),#6699,.F.);
#6688 = FACE_BOUND('',#6689,.F.);
#6689 = EDGE_LOOP('',(#6690,#6691,#6692,#6698));
#6690 = ORIENTED_EDGE('',*,*,#6363,.F.);
#6691 = ORIENTED_EDGE('',*,*,#6284,.T.);
#6692 = ORIENTED_EDGE('',*,*,#6693,.T.);
#6693 = EDGE_CURVE('',#6277,#6396,#6694,.T.);
#6694 = LINE('',#6695,#6696);
#6695 = CARTESIAN_POINT('',(0.8,1.2,0.670847817658));
#6696 = VECTOR('',#6697,1.);
#6697 = DIRECTION('',(0.,0.,1.));
#6698 = ORIENTED_EDGE('',*,*,#6395,.F.);
#6699 = PLANE('',#6700);
#6700 = AXIS2_PLACEMENT_3D('',#6701,#6702,#6703);
#6701 = CARTESIAN_POINT('',(0.8,1.355,0.9));
#6702 = DIRECTION('',(-1.,-1.110223024625E-16,0.));
#6703 = DIRECTION('',(1.110223024625E-16,-1.,0.));
#6704 = ADVANCED_FACE('',(#6705),#6730,.F.);
#6705 = FACE_BOUND('',#6706,.F.);
#6706 = EDGE_LOOP('',(#6707,#6715,#6716,#6724));
#6707 = ORIENTED_EDGE('',*,*,#6708,.F.);
#6708 = EDGE_CURVE('',#6277,#6709,#6711,.T.);
#6709 = VERTEX_POINT('',#6710);
#6710 = CARTESIAN_POINT('',(0.85,1.2,0.75));
#6711 = LINE('',#6712,#6713);
#6712 = CARTESIAN_POINT('',(0.75,1.2,0.75));
#6713 = VECTOR('',#6714,1.);
#6714 = DIRECTION('',(1.,1.110223024625E-16,0.));
#6715 = ORIENTED_EDGE('',*,*,#6276,.T.);
#6716 = ORIENTED_EDGE('',*,*,#6717,.T.);
#6717 = EDGE_CURVE('',#6269,#6718,#6720,.T.);
#6718 = VERTEX_POINT('',#6719);
#6719 = CARTESIAN_POINT('',(0.85,0.7,0.75));
#6720 = LINE('',#6721,#6722);
#6721 = CARTESIAN_POINT('',(0.75,0.7,0.75));
#6722 = VECTOR('',#6723,1.);
#6723 = DIRECTION('',(1.,1.110223024625E-16,0.));
#6724 = ORIENTED_EDGE('',*,*,#6725,.F.);
#6725 = EDGE_CURVE('',#6709,#6718,#6726,.T.);
#6726 = LINE('',#6727,#6728);
#6727 = CARTESIAN_POINT('',(0.85,1.2,0.75));
#6728 = VECTOR('',#6729,1.);
#6729 = DIRECTION('',(1.110223024625E-16,-1.,0.));
#6730 = PLANE('',#6731);
#6731 = AXIS2_PLACEMENT_3D('',#6732,#6733,#6734);
#6732 = CARTESIAN_POINT('',(0.75,1.2,0.75));
#6733 = DIRECTION('',(0.,0.,1.));
#6734 = DIRECTION('',(1.,1.110223024625E-16,-0.));
#6735 = ADVANCED_FACE('',(#6736),#6761,.F.);
#6736 = FACE_BOUND('',#6737,.F.);
#6737 = EDGE_LOOP('',(#6738,#6746,#6747,#6755));
#6738 = ORIENTED_EDGE('',*,*,#6739,.F.);
#6739 = EDGE_CURVE('',#6269,#6740,#6742,.T.);
#6740 = VERTEX_POINT('',#6741);
#6741 = CARTESIAN_POINT('',(0.8,0.7,0.9));
#6742 = LINE('',#6743,#6744);
#6743 = CARTESIAN_POINT('',(0.8,0.7,0.670847817658));
#6744 = VECTOR('',#6745,1.);
#6745 = DIRECTION('',(0.,0.,1.));
#6746 = ORIENTED_EDGE('',*,*,#6268,.T.);
#6747 = ORIENTED_EDGE('',*,*,#6748,.T.);
#6748 = EDGE_CURVE('',#6261,#6749,#6751,.T.);
#6749 = VERTEX_POINT('',#6750);
#6750 = CARTESIAN_POINT('',(0.8,0.25,0.9));
#6751 = LINE('',#6752,#6753);
#6752 = CARTESIAN_POINT('',(0.8,0.25,0.670847817658));
#6753 = VECTOR('',#6754,1.);
#6754 = DIRECTION('',(0.,0.,1.));
#6755 = ORIENTED_EDGE('',*,*,#6756,.F.);
#6756 = EDGE_CURVE('',#6740,#6749,#6757,.T.);
#6757 = LINE('',#6758,#6759);
#6758 = CARTESIAN_POINT('',(0.8,1.355,0.9));
#6759 = VECTOR('',#6760,1.);
#6760 = DIRECTION('',(1.110223024625E-16,-1.,0.));
#6761 = PLANE('',#6762);
#6762 = AXIS2_PLACEMENT_3D('',#6763,#6764,#6765);
#6763 = CARTESIAN_POINT('',(0.8,1.355,0.9));
#6764 = DIRECTION('',(-1.,-1.110223024625E-16,0.));
#6765 = DIRECTION('',(1.110223024625E-16,-1.,0.));
#6766 = ADVANCED_FACE('',(#6767),#6792,.F.);
#6767 = FACE_BOUND('',#6768,.F.);
#6768 = EDGE_LOOP('',(#6769,#6777,#6778,#6786));
#6769 = ORIENTED_EDGE('',*,*,#6770,.F.);
#6770 = EDGE_CURVE('',#6261,#6771,#6773,.T.);
#6771 = VERTEX_POINT('',#6772);
#6772 = CARTESIAN_POINT('',(0.85,0.25,0.75));
#6773 = LINE('',#6774,#6775);
#6774 = CARTESIAN_POINT('',(0.75,0.25,0.75));
#6775 = VECTOR('',#6776,1.);
#6776 = DIRECTION('',(1.,1.110223024625E-16,0.));
#6777 = ORIENTED_EDGE('',*,*,#6260,.T.);
#6778 = ORIENTED_EDGE('',*,*,#6779,.T.);
#6779 = EDGE_CURVE('',#6253,#6780,#6782,.T.);
#6780 = VERTEX_POINT('',#6781);
#6781 = CARTESIAN_POINT('',(0.85,-0.25,0.75));
#6782 = LINE('',#6783,#6784);
#6783 = CARTESIAN_POINT('',(0.75,-0.25,0.75));
#6784 = VECTOR('',#6785,1.);
#6785 = DIRECTION('',(1.,1.110223024625E-16,0.));
#6786 = ORIENTED_EDGE('',*,*,#6787,.F.);
#6787 = EDGE_CURVE('',#6771,#6780,#6788,.T.);
#6788 = LINE('',#6789,#6790);
#6789 = CARTESIAN_POINT('',(0.85,0.25,0.75));
#6790 = VECTOR('',#6791,1.);
#6791 = DIRECTION('',(1.110223024625E-16,-1.,0.));
#6792 = PLANE('',#6793);
#6793 = AXIS2_PLACEMENT_3D('',#6794,#6795,#6796);
#6794 = CARTESIAN_POINT('',(0.75,0.25,0.75));
#6795 = DIRECTION('',(0.,0.,1.));
#6796 = DIRECTION('',(1.,1.110223024625E-16,-0.));
#6797 = ADVANCED_FACE('',(#6798),#6823,.F.);
#6798 = FACE_BOUND('',#6799,.F.);
#6799 = EDGE_LOOP('',(#6800,#6808,#6809,#6817));
#6800 = ORIENTED_EDGE('',*,*,#6801,.F.);
#6801 = EDGE_CURVE('',#6253,#6802,#6804,.T.);
#6802 = VERTEX_POINT('',#6803);
#6803 = CARTESIAN_POINT('',(0.8,-0.25,0.9));
#6804 = LINE('',#6805,#6806);
#6805 = CARTESIAN_POINT('',(0.8,-0.25,0.670847817658));
#6806 = VECTOR('',#6807,1.);
#6807 = DIRECTION('',(0.,0.,1.));
#6808 = ORIENTED_EDGE('',*,*,#6252,.T.);
#6809 = ORIENTED_EDGE('',*,*,#6810,.T.);
#6810 = EDGE_CURVE('',#6245,#6811,#6813,.T.);
#6811 = VERTEX_POINT('',#6812);
#6812 = CARTESIAN_POINT('',(0.8,-0.7,0.9));
#6813 = LINE('',#6814,#6815);
#6814 = CARTESIAN_POINT('',(0.8,-0.7,0.670847817658));
#6815 = VECTOR('',#6816,1.);
#6816 = DIRECTION('',(0.,0.,1.));
#6817 = ORIENTED_EDGE('',*,*,#6818,.F.);
#6818 = EDGE_CURVE('',#6802,#6811,#6819,.T.);
#6819 = LINE('',#6820,#6821);
#6820 = CARTESIAN_POINT('',(0.8,1.355,0.9));
#6821 = VECTOR('',#6822,1.);
#6822 = DIRECTION('',(1.110223024625E-16,-1.,0.));
#6823 = PLANE('',#6824);
#6824 = AXIS2_PLACEMENT_3D('',#6825,#6826,#6827);
#6825 = CARTESIAN_POINT('',(0.8,1.355,0.9));
#6826 = DIRECTION('',(-1.,-1.110223024625E-16,0.));
#6827 = DIRECTION('',(1.110223024625E-16,-1.,0.));
#6828 = ADVANCED_FACE('',(#6829),#6854,.F.);
#6829 = FACE_BOUND('',#6830,.F.);
#6830 = EDGE_LOOP('',(#6831,#6839,#6840,#6848));
#6831 = ORIENTED_EDGE('',*,*,#6832,.F.);
#6832 = EDGE_CURVE('',#6245,#6833,#6835,.T.);
#6833 = VERTEX_POINT('',#6834);
#6834 = CARTESIAN_POINT('',(0.85,-0.7,0.75));
#6835 = LINE('',#6836,#6837);
#6836 = CARTESIAN_POINT('',(0.75,-0.7,0.75));
#6837 = VECTOR('',#6838,1.);
#6838 = DIRECTION('',(1.,1.110223024625E-16,0.));
#6839 = ORIENTED_EDGE('',*,*,#6244,.T.);
#6840 = ORIENTED_EDGE('',*,*,#6841,.T.);
#6841 = EDGE_CURVE('',#6237,#6842,#6844,.T.);
#6842 = VERTEX_POINT('',#6843);
#6843 = CARTESIAN_POINT('',(0.85,-1.2,0.75));
#6844 = LINE('',#6845,#6846);
#6845 = CARTESIAN_POINT('',(0.75,-1.2,0.75));
#6846 = VECTOR('',#6847,1.);
#6847 = DIRECTION('',(1.,1.110223024625E-16,0.));
#6848 = ORIENTED_EDGE('',*,*,#6849,.F.);
#6849 = EDGE_CURVE('',#6833,#6842,#6850,.T.);
#6850 = LINE('',#6851,#6852);
#6851 = CARTESIAN_POINT('',(0.85,-0.7,0.75));
#6852 = VECTOR('',#6853,1.);
#6853 = DIRECTION('',(1.110223024625E-16,-1.,0.));
#6854 = PLANE('',#6855);
#6855 = AXIS2_PLACEMENT_3D('',#6856,#6857,#6858);
#6856 = CARTESIAN_POINT('',(0.75,-0.7,0.75));
#6857 = DIRECTION('',(0.,0.,1.));
#6858 = DIRECTION('',(1.,1.110223024625E-16,-0.));
#6859 = ADVANCED_FACE('',(#6860),#6884,.F.);
#6860 = FACE_BOUND('',#6861,.F.);
#6861 = EDGE_LOOP('',(#6862,#6870,#6871,#6878));
#6862 = ORIENTED_EDGE('',*,*,#6863,.F.);
#6863 = EDGE_CURVE('',#6237,#6864,#6866,.T.);
#6864 = VERTEX_POINT('',#6865);
#6865 = CARTESIAN_POINT('',(0.8,-1.2,0.9));
#6866 = LINE('',#6867,#6868);
#6867 = CARTESIAN_POINT('',(0.8,-1.2,0.670847817658));
#6868 = VECTOR('',#6869,1.);
#6869 = DIRECTION('',(0.,0.,1.));
#6870 = ORIENTED_EDGE('',*,*,#6236,.T.);
#6871 = ORIENTED_EDGE('',*,*,#6872,.T.);
#6872 = EDGE_CURVE('',#6230,#6873,#6875,.T.);
#6873 = VERTEX_POINT('',#6874);
#6874 = CARTESIAN_POINT('',(0.8,-1.355,0.9));
#6875 = B_SPLINE_CURVE_WITH_KNOTS('',1,(#6876,#6877),.UNSPECIFIED.,.F.,
  .F.,(2,2),(0.,1.),.PIECEWISE_BEZIER_KNOTS.);
#6876 = CARTESIAN_POINT('',(0.8,-1.355,0.75));
#6877 = CARTESIAN_POINT('',(0.8,-1.355,0.9));
#6878 = ORIENTED_EDGE('',*,*,#6879,.F.);
#6879 = EDGE_CURVE('',#6864,#6873,#6880,.T.);
#6880 = LINE('',#6881,#6882);
#6881 = CARTESIAN_POINT('',(0.8,1.355,0.9));
#6882 = VECTOR('',#6883,1.);
#6883 = DIRECTION('',(1.110223024625E-16,-1.,0.));
#6884 = PLANE('',#6885);
#6885 = AXIS2_PLACEMENT_3D('',#6886,#6887,#6888);
#6886 = CARTESIAN_POINT('',(0.8,1.355,0.9));
#6887 = DIRECTION('',(-1.,-1.110223024625E-16,0.));
#6888 = DIRECTION('',(1.110223024625E-16,-1.,0.));
#6889 = ADVANCED_FACE('',(#6890),#6907,.F.);
#6890 = FACE_BOUND('',#6891,.F.);
#6891 = EDGE_LOOP('',(#6892,#6893,#6894,#6902));
#6892 = ORIENTED_EDGE('',*,*,#6301,.T.);
#6893 = ORIENTED_EDGE('',*,*,#6489,.T.);
#6894 = ORIENTED_EDGE('',*,*,#6895,.F.);
#6895 = EDGE_CURVE('',#6896,#6490,#6898,.T.);
#6896 = VERTEX_POINT('',#6897);
#6897 = CARTESIAN_POINT('',(-0.705,-1.45,0.9));
#6898 = LINE('',#6899,#6900);
#6899 = CARTESIAN_POINT('',(-0.705,-1.45,0.9));
#6900 = VECTOR('',#6901,1.);
#6901 = DIRECTION('',(-0.707106781187,0.707106781187,0.));
#6902 = ORIENTED_EDGE('',*,*,#6903,.F.);
#6903 = EDGE_CURVE('',#6302,#6896,#6904,.T.);
#6904 = B_SPLINE_CURVE_WITH_KNOTS('',1,(#6905,#6906),.UNSPECIFIED.,.F.,
  .F.,(2,2),(0.,1.),.PIECEWISE_BEZIER_KNOTS.);
#6905 = CARTESIAN_POINT('',(-0.705,-1.45,0.75));
#6906 = CARTESIAN_POINT('',(-0.705,-1.45,0.9));
#6907 = PLANE('',#6908);
#6908 = AXIS2_PLACEMENT_3D('',#6909,#6910,#6911);
#6909 = CARTESIAN_POINT('',(-0.705,-1.45,0.9));
#6910 = DIRECTION('',(0.707106781187,0.707106781187,0.));
#6911 = DIRECTION('',(-0.707106781187,0.707106781187,0.));
#6912 = ADVANCED_FACE('',(#6913),#6930,.F.);
#6913 = FACE_BOUND('',#6914,.F.);
#6914 = EDGE_LOOP('',(#6915,#6916,#6923,#6929));
#6915 = ORIENTED_EDGE('',*,*,#6330,.T.);
#6916 = ORIENTED_EDGE('',*,*,#6917,.T.);
#6917 = EDGE_CURVE('',#6324,#6918,#6920,.T.);
#6918 = VERTEX_POINT('',#6919);
#6919 = CARTESIAN_POINT('',(0.705,-1.45,0.9));
#6920 = B_SPLINE_CURVE_WITH_KNOTS('',1,(#6921,#6922),.UNSPECIFIED.,.F.,
  .F.,(2,2),(0.,1.),.PIECEWISE_BEZIER_KNOTS.);
#6921 = CARTESIAN_POINT('',(0.705,-1.45,0.75));
#6922 = CARTESIAN_POINT('',(0.705,-1.45,0.9));
#6923 = ORIENTED_EDGE('',*,*,#6924,.F.);
#6924 = EDGE_CURVE('',#6873,#6918,#6925,.T.);
#6925 = LINE('',#6926,#6927);
#6926 = CARTESIAN_POINT('',(0.8,-1.355,0.9));
#6927 = VECTOR('',#6928,1.);
#6928 = DIRECTION('',(-0.707106781187,-0.707106781187,0.));
#6929 = ORIENTED_EDGE('',*,*,#6872,.F.);
#6930 = PLANE('',#6931);
#6931 = AXIS2_PLACEMENT_3D('',#6932,#6933,#6934);
#6932 = CARTESIAN_POINT('',(0.8,-1.355,0.9));
#6933 = DIRECTION('',(-0.707106781187,0.707106781187,0.));
#6934 = DIRECTION('',(-0.707106781187,-0.707106781187,0.));
#6935 = ADVANCED_FACE('',(#6936),#6947,.F.);
#6936 = FACE_BOUND('',#6937,.F.);
#6937 = EDGE_LOOP('',(#6938,#6939,#6940,#6946));
#6938 = ORIENTED_EDGE('',*,*,#6347,.T.);
#6939 = ORIENTED_EDGE('',*,*,#6903,.T.);
#6940 = ORIENTED_EDGE('',*,*,#6941,.F.);
#6941 = EDGE_CURVE('',#6918,#6896,#6942,.T.);
#6942 = LINE('',#6943,#6944);
#6943 = CARTESIAN_POINT('',(0.705,-1.45,0.9));
#6944 = VECTOR('',#6945,1.);
#6945 = DIRECTION('',(-1.,-1.110223024625E-16,0.));
#6946 = ORIENTED_EDGE('',*,*,#6917,.F.);
#6947 = PLANE('',#6948);
#6948 = AXIS2_PLACEMENT_3D('',#6949,#6950,#6951);
#6949 = CARTESIAN_POINT('',(0.705,-1.45,0.9));
#6950 = DIRECTION('',(-1.110223024625E-16,1.,0.));
#6951 = DIRECTION('',(-1.,-1.110223024625E-16,0.));
#6952 = ADVANCED_FACE('',(#6953),#6992,.F.);
#6953 = FACE_BOUND('',#6954,.F.);
#6954 = EDGE_LOOP('',(#6955,#6963,#6971,#6977,#6978,#6986));
#6955 = ORIENTED_EDGE('',*,*,#6956,.F.);
#6956 = EDGE_CURVE('',#6957,#6622,#6959,.T.);
#6957 = VERTEX_POINT('',#6958);
#6958 = CARTESIAN_POINT('',(-0.85,0.7,0.9));
#6959 = LINE('',#6960,#6961);
#6960 = CARTESIAN_POINT('',(-0.85,0.7,0.9));
#6961 = VECTOR('',#6962,1.);
#6962 = DIRECTION('',(1.,-1.144237745222E-17,0.));
#6963 = ORIENTED_EDGE('',*,*,#6964,.T.);
#6964 = EDGE_CURVE('',#6957,#6965,#6967,.T.);
#6965 = VERTEX_POINT('',#6966);
#6966 = CARTESIAN_POINT('',(-0.85,1.2,0.9));
#6967 = LINE('',#6968,#6969);
#6968 = CARTESIAN_POINT('',(-0.85,0.7,0.9));
#6969 = VECTOR('',#6970,1.);
#6970 = DIRECTION('',(1.144237745222E-17,1.,0.));
#6971 = ORIENTED_EDGE('',*,*,#6972,.T.);
#6972 = EDGE_CURVE('',#6965,#6452,#6973,.T.);
#6973 = LINE('',#6974,#6975);
#6974 = CARTESIAN_POINT('',(-0.85,1.2,0.9));
#6975 = VECTOR('',#6976,1.);
#6976 = DIRECTION('',(1.,-1.144237745222E-17,0.));
#6977 = ORIENTED_EDGE('',*,*,#6451,.T.);
#6978 = ORIENTED_EDGE('',*,*,#6979,.F.);
#6979 = EDGE_CURVE('',#6980,#6444,#6982,.T.);
#6980 = VERTEX_POINT('',#6981);
#6981 = CARTESIAN_POINT('',(-0.775,0.7,0.9));
#6982 = LINE('',#6983,#6984);
#6983 = CARTESIAN_POINT('',(-0.775,-1.3425,0.9));
#6984 = VECTOR('',#6985,1.);
#6985 = DIRECTION('',(-1.110223024625E-16,1.,0.));
#6986 = ORIENTED_EDGE('',*,*,#6987,.F.);
#6987 = EDGE_CURVE('',#6622,#6980,#6988,.T.);
#6988 = LINE('',#6989,#6990);
#6989 = CARTESIAN_POINT('',(-0.85,0.7,0.9));
#6990 = VECTOR('',#6991,1.);
#6991 = DIRECTION('',(1.,-1.144237745222E-17,0.));
#6992 = PLANE('',#6993);
#6993 = AXIS2_PLACEMENT_3D('',#6994,#6995,#6996);
#6994 = CARTESIAN_POINT('',(-0.85,0.7,0.9));
#6995 = DIRECTION('',(0.,0.,-1.));
#6996 = DIRECTION('',(1.,-1.144237745222E-17,0.));
#6997 = ADVANCED_FACE('',(#6998),#7062,.F.);
#6998 = FACE_BOUND('',#6999,.F.);
#6999 = EDGE_LOOP('',(#7000,#7010,#7018,#7026,#7034,#7040,#7041,#7042,
    #7049,#7057));
#7000 = ORIENTED_EDGE('',*,*,#7001,.T.);
#7001 = EDGE_CURVE('',#7002,#7004,#7006,.T.);
#7002 = VERTEX_POINT('',#7003);
#7003 = CARTESIAN_POINT('',(-0.775,-1.3425,0.9));
#7004 = VERTEX_POINT('',#7005);
#7005 = CARTESIAN_POINT('',(-0.775,-1.2,0.9));
#7006 = LINE('',#7007,#7008);
#7007 = CARTESIAN_POINT('',(-0.775,-1.3425,0.9));
#7008 = VECTOR('',#7009,1.);
#7009 = DIRECTION('',(-1.110223024625E-16,1.,0.));
#7010 = ORIENTED_EDGE('',*,*,#7011,.T.);
#7011 = EDGE_CURVE('',#7004,#7012,#7014,.T.);
#7012 = VERTEX_POINT('',#7013);
#7013 = CARTESIAN_POINT('',(-0.775,-0.7,0.9));
#7014 = LINE('',#7015,#7016);
#7015 = CARTESIAN_POINT('',(-0.775,-1.3425,0.9));
#7016 = VECTOR('',#7017,1.);
#7017 = DIRECTION('',(-1.110223024625E-16,1.,0.));
#7018 = ORIENTED_EDGE('',*,*,#7019,.T.);
#7019 = EDGE_CURVE('',#7012,#7020,#7022,.T.);
#7020 = VERTEX_POINT('',#7021);
#7021 = CARTESIAN_POINT('',(-0.775,-0.25,0.9));
#7022 = LINE('',#7023,#7024);
#7023 = CARTESIAN_POINT('',(-0.775,-1.3425,0.9));
#7024 = VECTOR('',#7025,1.);
#7025 = DIRECTION('',(-1.110223024625E-16,1.,0.));
#7026 = ORIENTED_EDGE('',*,*,#7027,.T.);
#7027 = EDGE_CURVE('',#7020,#7028,#7030,.T.);
#7028 = VERTEX_POINT('',#7029);
#7029 = CARTESIAN_POINT('',(-0.775,0.25,0.9));
#7030 = LINE('',#7031,#7032);
#7031 = CARTESIAN_POINT('',(-0.775,-1.3425,0.9));
#7032 = VECTOR('',#7033,1.);
#7033 = DIRECTION('',(-1.110223024625E-16,1.,0.));
#7034 = ORIENTED_EDGE('',*,*,#7035,.T.);
#7035 = EDGE_CURVE('',#7028,#6980,#7036,.T.);
#7036 = LINE('',#7037,#7038);
#7037 = CARTESIAN_POINT('',(-0.775,-1.3425,0.9));
#7038 = VECTOR('',#7039,1.);
#7039 = DIRECTION('',(-1.110223024625E-16,1.,0.));
#7040 = ORIENTED_EDGE('',*,*,#6979,.T.);
#7041 = ORIENTED_EDGE('',*,*,#6443,.T.);
#7042 = ORIENTED_EDGE('',*,*,#7043,.T.);
#7043 = EDGE_CURVE('',#6436,#7044,#7046,.T.);
#7044 = VERTEX_POINT('',#7045);
#7045 = CARTESIAN_POINT('',(-0.683648457443,1.296824228722,1.55));
#7046 = B_SPLINE_CURVE_WITH_KNOTS('',1,(#7047,#7048),.UNSPECIFIED.,.F.,
  .F.,(2,2),(0.,1.),.PIECEWISE_BEZIER_KNOTS.);
#7047 = CARTESIAN_POINT('',(-0.775,1.3425,0.9));
#7048 = CARTESIAN_POINT('',(-0.683648457443,1.296824228722,1.55));
#7049 = ORIENTED_EDGE('',*,*,#7050,.F.);
#7050 = EDGE_CURVE('',#7051,#7044,#7053,.T.);
#7051 = VERTEX_POINT('',#7052);
#7052 = CARTESIAN_POINT('',(-0.683648457443,-1.296824228722,1.55));
#7053 = LINE('',#7054,#7055);
#7054 = CARTESIAN_POINT('',(-0.683648457443,-1.296824228722,1.55));
#7055 = VECTOR('',#7056,1.);
#7056 = DIRECTION('',(-1.110223024625E-16,1.,0.));
#7057 = ORIENTED_EDGE('',*,*,#7058,.F.);
#7058 = EDGE_CURVE('',#7002,#7051,#7059,.T.);
#7059 = B_SPLINE_CURVE_WITH_KNOTS('',1,(#7060,#7061),.UNSPECIFIED.,.F.,
  .F.,(2,2),(0.,1.),.PIECEWISE_BEZIER_KNOTS.);
#7060 = CARTESIAN_POINT('',(-0.775,-1.3425,0.9));
#7061 = CARTESIAN_POINT('',(-0.683648457443,-1.296824228722,1.55));
#7062 = B_SPLINE_SURFACE_WITH_KNOTS('',1,1,(
    (#7063,#7064)
    ,(#7065,#7066
    )),.UNSPECIFIED.,.F.,.F.,.F.,(2,2),(2,2),(0.,2.685),(0.,1.),
  .PIECEWISE_BEZIER_KNOTS.);
#7063 = CARTESIAN_POINT('',(-0.775,-1.3425,0.9));
#7064 = CARTESIAN_POINT('',(-0.683648457443,-1.296824228722,1.55));
#7065 = CARTESIAN_POINT('',(-0.775,1.3425,0.9));
#7066 = CARTESIAN_POINT('',(-0.683648457443,1.296824228722,1.55));
#7067 = ADVANCED_FACE('',(#7068),#7085,.F.);
#7068 = FACE_BOUND('',#7069,.F.);
#7069 = EDGE_LOOP('',(#7070,#7071,#7078,#7084));
#7070 = ORIENTED_EDGE('',*,*,#6435,.T.);
#7071 = ORIENTED_EDGE('',*,*,#7072,.T.);
#7072 = EDGE_CURVE('',#6428,#7073,#7075,.T.);
#7073 = VERTEX_POINT('',#7074);
#7074 = CARTESIAN_POINT('',(-0.646824228722,1.333648457443,1.55));
#7075 = B_SPLINE_CURVE_WITH_KNOTS('',1,(#7076,#7077),.UNSPECIFIED.,.F.,
  .F.,(2,2),(0.,1.),.PIECEWISE_BEZIER_KNOTS.);
#7076 = CARTESIAN_POINT('',(-0.6925,1.425,0.9));
#7077 = CARTESIAN_POINT('',(-0.646824228722,1.333648457443,1.55));
#7078 = ORIENTED_EDGE('',*,*,#7079,.F.);
#7079 = EDGE_CURVE('',#7044,#7073,#7080,.T.);
#7080 = LINE('',#7081,#7082);
#7081 = CARTESIAN_POINT('',(-0.683648457443,1.296824228722,1.55));
#7082 = VECTOR('',#7083,1.);
#7083 = DIRECTION('',(0.707106781187,0.707106781187,0.));
#7084 = ORIENTED_EDGE('',*,*,#7043,.F.);
#7085 = B_SPLINE_SURFACE_WITH_KNOTS('',1,1,(
    (#7086,#7087)
    ,(#7088,#7089
    )),.UNSPECIFIED.,.F.,.F.,.F.,(2,2),(2,2),(0.,0.116672618896),(0.,1.)
  ,.PIECEWISE_BEZIER_KNOTS.);
#7086 = CARTESIAN_POINT('',(-0.775,1.3425,0.9));
#7087 = CARTESIAN_POINT('',(-0.683648457443,1.296824228722,1.55));
#7088 = CARTESIAN_POINT('',(-0.6925,1.425,0.9));
#7089 = CARTESIAN_POINT('',(-0.646824228722,1.333648457443,1.55));
#7090 = ADVANCED_FACE('',(#7091),#7108,.F.);
#7091 = FACE_BOUND('',#7092,.F.);
#7092 = EDGE_LOOP('',(#7093,#7094,#7101,#7107));
#7093 = ORIENTED_EDGE('',*,*,#6427,.T.);
#7094 = ORIENTED_EDGE('',*,*,#7095,.T.);
#7095 = EDGE_CURVE('',#6420,#7096,#7098,.T.);
#7096 = VERTEX_POINT('',#7097);
#7097 = CARTESIAN_POINT('',(0.646824228722,1.333648457443,1.55));
#7098 = B_SPLINE_CURVE_WITH_KNOTS('',1,(#7099,#7100),.UNSPECIFIED.,.F.,
  .F.,(2,2),(0.,1.),.PIECEWISE_BEZIER_KNOTS.);
#7099 = CARTESIAN_POINT('',(0.6925,1.425,0.9));
#7100 = CARTESIAN_POINT('',(0.646824228722,1.333648457443,1.55));
#7101 = ORIENTED_EDGE('',*,*,#7102,.F.);
#7102 = EDGE_CURVE('',#7073,#7096,#7103,.T.);
#7103 = LINE('',#7104,#7105);
#7104 = CARTESIAN_POINT('',(-0.646824228722,1.333648457443,1.55));
#7105 = VECTOR('',#7106,1.);
#7106 = DIRECTION('',(1.,1.110223024625E-16,0.));
#7107 = ORIENTED_EDGE('',*,*,#7072,.F.);
#7108 = B_SPLINE_SURFACE_WITH_KNOTS('',1,1,(
    (#7109,#7110)
    ,(#7111,#7112
    )),.UNSPECIFIED.,.F.,.F.,.F.,(2,2),(2,2),(0.,1.385),(0.,1.),
  .PIECEWISE_BEZIER_KNOTS.);
#7109 = CARTESIAN_POINT('',(-0.6925,1.425,0.9));
#7110 = CARTESIAN_POINT('',(-0.646824228722,1.333648457443,1.55));
#7111 = CARTESIAN_POINT('',(0.6925,1.425,0.9));
#7112 = CARTESIAN_POINT('',(0.646824228722,1.333648457443,1.55));
#7113 = ADVANCED_FACE('',(#7114),#7131,.F.);
#7114 = FACE_BOUND('',#7115,.F.);
#7115 = EDGE_LOOP('',(#7116,#7117,#7124,#7130));
#7116 = ORIENTED_EDGE('',*,*,#6419,.T.);
#7117 = ORIENTED_EDGE('',*,*,#7118,.T.);
#7118 = EDGE_CURVE('',#6412,#7119,#7121,.T.);
#7119 = VERTEX_POINT('',#7120);
#7120 = CARTESIAN_POINT('',(0.683648457443,1.296824228722,1.55));
#7121 = B_SPLINE_CURVE_WITH_KNOTS('',1,(#7122,#7123),.UNSPECIFIED.,.F.,
  .F.,(2,2),(0.,1.),.PIECEWISE_BEZIER_KNOTS.);
#7122 = CARTESIAN_POINT('',(0.775,1.3425,0.9));
#7123 = CARTESIAN_POINT('',(0.683648457443,1.296824228722,1.55));
#7124 = ORIENTED_EDGE('',*,*,#7125,.F.);
#7125 = EDGE_CURVE('',#7096,#7119,#7126,.T.);
#7126 = LINE('',#7127,#7128);
#7127 = CARTESIAN_POINT('',(0.646824228722,1.333648457443,1.55));
#7128 = VECTOR('',#7129,1.);
#7129 = DIRECTION('',(0.707106781187,-0.707106781187,0.));
#7130 = ORIENTED_EDGE('',*,*,#7095,.F.);
#7131 = B_SPLINE_SURFACE_WITH_KNOTS('',1,1,(
    (#7132,#7133)
    ,(#7134,#7135
    )),.UNSPECIFIED.,.F.,.F.,.F.,(2,2),(2,2),(0.,0.116672618896),(0.,1.)
  ,.PIECEWISE_BEZIER_KNOTS.);
#7132 = CARTESIAN_POINT('',(0.6925,1.425,0.9));
#7133 = CARTESIAN_POINT('',(0.646824228722,1.333648457443,1.55));
#7134 = CARTESIAN_POINT('',(0.775,1.3425,0.9));
#7135 = CARTESIAN_POINT('',(0.683648457443,1.296824228722,1.55));
#7136 = ADVANCED_FACE('',(#7137),#7202,.F.);
#7137 = FACE_BOUND('',#7138,.F.);
#7138 = EDGE_LOOP('',(#7139,#7140,#7148,#7156,#7164,#7172,#7180,#7188,
    #7195,#7201));
#7139 = ORIENTED_EDGE('',*,*,#6411,.T.);
#7140 = ORIENTED_EDGE('',*,*,#7141,.T.);
#7141 = EDGE_CURVE('',#6404,#7142,#7144,.T.);
#7142 = VERTEX_POINT('',#7143);
#7143 = CARTESIAN_POINT('',(0.775,0.7,0.9));
#7144 = LINE('',#7145,#7146);
#7145 = CARTESIAN_POINT('',(0.775,1.3425,0.9));
#7146 = VECTOR('',#7147,1.);
#7147 = DIRECTION('',(1.110223024625E-16,-1.,0.));
#7148 = ORIENTED_EDGE('',*,*,#7149,.T.);
#7149 = EDGE_CURVE('',#7142,#7150,#7152,.T.);
#7150 = VERTEX_POINT('',#7151);
#7151 = CARTESIAN_POINT('',(0.775,0.25,0.9));
#7152 = LINE('',#7153,#7154);
#7153 = CARTESIAN_POINT('',(0.775,1.3425,0.9));
#7154 = VECTOR('',#7155,1.);
#7155 = DIRECTION('',(1.110223024625E-16,-1.,0.));
#7156 = ORIENTED_EDGE('',*,*,#7157,.T.);
#7157 = EDGE_CURVE('',#7150,#7158,#7160,.T.);
#7158 = VERTEX_POINT('',#7159);
#7159 = CARTESIAN_POINT('',(0.775,-0.25,0.9));
#7160 = LINE('',#7161,#7162);
#7161 = CARTESIAN_POINT('',(0.775,1.3425,0.9));
#7162 = VECTOR('',#7163,1.);
#7163 = DIRECTION('',(1.110223024625E-16,-1.,0.));
#7164 = ORIENTED_EDGE('',*,*,#7165,.T.);
#7165 = EDGE_CURVE('',#7158,#7166,#7168,.T.);
#7166 = VERTEX_POINT('',#7167);
#7167 = CARTESIAN_POINT('',(0.775,-0.7,0.9));
#7168 = LINE('',#7169,#7170);
#7169 = CARTESIAN_POINT('',(0.775,1.3425,0.9));
#7170 = VECTOR('',#7171,1.);
#7171 = DIRECTION('',(1.110223024625E-16,-1.,0.));
#7172 = ORIENTED_EDGE('',*,*,#7173,.T.);
#7173 = EDGE_CURVE('',#7166,#7174,#7176,.T.);
#7174 = VERTEX_POINT('',#7175);
#7175 = CARTESIAN_POINT('',(0.775,-1.2,0.9));
#7176 = LINE('',#7177,#7178);
#7177 = CARTESIAN_POINT('',(0.775,1.3425,0.9));
#7178 = VECTOR('',#7179,1.);
#7179 = DIRECTION('',(1.110223024625E-16,-1.,0.));
#7180 = ORIENTED_EDGE('',*,*,#7181,.T.);
#7181 = EDGE_CURVE('',#7174,#7182,#7184,.T.);
#7182 = VERTEX_POINT('',#7183);
#7183 = CARTESIAN_POINT('',(0.775,-1.3425,0.9));
#7184 = LINE('',#7185,#7186);
#7185 = CARTESIAN_POINT('',(0.775,1.3425,0.9));
#7186 = VECTOR('',#7187,1.);
#7187 = DIRECTION('',(1.110223024625E-16,-1.,0.));
#7188 = ORIENTED_EDGE('',*,*,#7189,.T.);
#7189 = EDGE_CURVE('',#7182,#7190,#7192,.T.);
#7190 = VERTEX_POINT('',#7191);
#7191 = CARTESIAN_POINT('',(0.683648457443,-1.296824228722,1.55));
#7192 = B_SPLINE_CURVE_WITH_KNOTS('',1,(#7193,#7194),.UNSPECIFIED.,.F.,
  .F.,(2,2),(0.,1.),.PIECEWISE_BEZIER_KNOTS.);
#7193 = CARTESIAN_POINT('',(0.775,-1.3425,0.9));
#7194 = CARTESIAN_POINT('',(0.683648457443,-1.296824228722,1.55));
#7195 = ORIENTED_EDGE('',*,*,#7196,.F.);
#7196 = EDGE_CURVE('',#7119,#7190,#7197,.T.);
#7197 = LINE('',#7198,#7199);
#7198 = CARTESIAN_POINT('',(0.683648457443,1.296824228722,1.55));
#7199 = VECTOR('',#7200,1.);
#7200 = DIRECTION('',(1.110223024625E-16,-1.,0.));
#7201 = ORIENTED_EDGE('',*,*,#7118,.F.);
#7202 = B_SPLINE_SURFACE_WITH_KNOTS('',1,1,(
    (#7203,#7204)
    ,(#7205,#7206
    )),.UNSPECIFIED.,.F.,.F.,.F.,(2,2),(2,2),(0.,2.685),(0.,1.),
  .PIECEWISE_BEZIER_KNOTS.);
#7203 = CARTESIAN_POINT('',(0.775,1.3425,0.9));
#7204 = CARTESIAN_POINT('',(0.683648457443,1.296824228722,1.55));
#7205 = CARTESIAN_POINT('',(0.775,-1.3425,0.9));
#7206 = CARTESIAN_POINT('',(0.683648457443,-1.296824228722,1.55));
#7207 = ADVANCED_FACE('',(#7208),#7240,.F.);
#7208 = FACE_BOUND('',#7209,.F.);
#7209 = EDGE_LOOP('',(#7210,#7218,#7226,#7232,#7238,#7239));
#7210 = ORIENTED_EDGE('',*,*,#7211,.F.);
#7211 = EDGE_CURVE('',#7212,#6396,#7214,.T.);
#7212 = VERTEX_POINT('',#7213);
#7213 = CARTESIAN_POINT('',(0.85,1.2,0.9));
#7214 = LINE('',#7215,#7216);
#7215 = CARTESIAN_POINT('',(0.85,1.2,0.9));
#7216 = VECTOR('',#7217,1.);
#7217 = DIRECTION('',(-1.,-1.110223024625E-16,0.));
#7218 = ORIENTED_EDGE('',*,*,#7219,.T.);
#7219 = EDGE_CURVE('',#7212,#7220,#7222,.T.);
#7220 = VERTEX_POINT('',#7221);
#7221 = CARTESIAN_POINT('',(0.85,0.7,0.9));
#7222 = LINE('',#7223,#7224);
#7223 = CARTESIAN_POINT('',(0.85,1.2,0.9));
#7224 = VECTOR('',#7225,1.);
#7225 = DIRECTION('',(1.110223024625E-16,-1.,0.));
#7226 = ORIENTED_EDGE('',*,*,#7227,.T.);
#7227 = EDGE_CURVE('',#7220,#6740,#7228,.T.);
#7228 = LINE('',#7229,#7230);
#7229 = CARTESIAN_POINT('',(0.85,0.7,0.9));
#7230 = VECTOR('',#7231,1.);
#7231 = DIRECTION('',(-1.,-1.110223024625E-16,0.));
#7232 = ORIENTED_EDGE('',*,*,#7233,.T.);
#7233 = EDGE_CURVE('',#6740,#7142,#7234,.T.);
#7234 = LINE('',#7235,#7236);
#7235 = CARTESIAN_POINT('',(0.85,0.7,0.9));
#7236 = VECTOR('',#7237,1.);
#7237 = DIRECTION('',(-1.,-1.110223024625E-16,0.));
#7238 = ORIENTED_EDGE('',*,*,#7141,.F.);
#7239 = ORIENTED_EDGE('',*,*,#6403,.F.);
#7240 = PLANE('',#7241);
#7241 = AXIS2_PLACEMENT_3D('',#7242,#7243,#7244);
#7242 = CARTESIAN_POINT('',(0.85,1.2,0.9));
#7243 = DIRECTION('',(0.,0.,-1.));
#7244 = DIRECTION('',(-1.,-1.110223024625E-16,-0.));
#7245 = ADVANCED_FACE('',(#7246),#7289,.F.);
#7246 = FACE_BOUND('',#7247,.F.);
#7247 = EDGE_LOOP('',(#7248,#7249,#7255,#7256,#7264,#7272,#7278,#7279,
    #7285,#7286,#7287,#7288));
#7248 = ORIENTED_EDGE('',*,*,#6505,.T.);
#7249 = ORIENTED_EDGE('',*,*,#7250,.T.);
#7250 = EDGE_CURVE('',#6498,#7004,#7251,.T.);
#7251 = LINE('',#7252,#7253);
#7252 = CARTESIAN_POINT('',(-0.85,-1.2,0.9));
#7253 = VECTOR('',#7254,1.);
#7254 = DIRECTION('',(1.,-1.144237745222E-17,0.));
#7255 = ORIENTED_EDGE('',*,*,#7001,.F.);
#7256 = ORIENTED_EDGE('',*,*,#7257,.F.);
#7257 = EDGE_CURVE('',#7258,#7002,#7260,.T.);
#7258 = VERTEX_POINT('',#7259);
#7259 = CARTESIAN_POINT('',(-0.6925,-1.425,0.9));
#7260 = LINE('',#7261,#7262);
#7261 = CARTESIAN_POINT('',(-0.6925,-1.425,0.9));
#7262 = VECTOR('',#7263,1.);
#7263 = DIRECTION('',(-0.707106781187,0.707106781187,0.));
#7264 = ORIENTED_EDGE('',*,*,#7265,.F.);
#7265 = EDGE_CURVE('',#7266,#7258,#7268,.T.);
#7266 = VERTEX_POINT('',#7267);
#7267 = CARTESIAN_POINT('',(0.6925,-1.425,0.9));
#7268 = LINE('',#7269,#7270);
#7269 = CARTESIAN_POINT('',(0.6925,-1.425,0.9));
#7270 = VECTOR('',#7271,1.);
#7271 = DIRECTION('',(-1.,-1.110223024625E-16,0.));
#7272 = ORIENTED_EDGE('',*,*,#7273,.F.);
#7273 = EDGE_CURVE('',#7182,#7266,#7274,.T.);
#7274 = LINE('',#7275,#7276);
#7275 = CARTESIAN_POINT('',(0.775,-1.3425,0.9));
#7276 = VECTOR('',#7277,1.);
#7277 = DIRECTION('',(-0.707106781187,-0.707106781187,0.));
#7278 = ORIENTED_EDGE('',*,*,#7181,.F.);
#7279 = ORIENTED_EDGE('',*,*,#7280,.F.);
#7280 = EDGE_CURVE('',#6864,#7174,#7281,.T.);
#7281 = LINE('',#7282,#7283);
#7282 = CARTESIAN_POINT('',(0.85,-1.2,0.9));
#7283 = VECTOR('',#7284,1.);
#7284 = DIRECTION('',(-1.,-1.110223024625E-16,0.));
#7285 = ORIENTED_EDGE('',*,*,#6879,.T.);
#7286 = ORIENTED_EDGE('',*,*,#6924,.T.);
#7287 = ORIENTED_EDGE('',*,*,#6941,.T.);
#7288 = ORIENTED_EDGE('',*,*,#6895,.T.);
#7289 = PLANE('',#7290);
#7290 = AXIS2_PLACEMENT_3D('',#7291,#7292,#7293);
#7291 = CARTESIAN_POINT('',(-2.091417030376E-16,1.4375,0.9));
#7292 = DIRECTION('',(4.595758349624E-18,6.551522493592E-27,-1.));
#7293 = DIRECTION('',(1.,1.51922136901E-16,4.595758349624E-18));
#7294 = ADVANCED_FACE('',(#7295),#7381,.F.);
#7295 = FACE_BOUND('',#7296,.F.);
#7296 = EDGE_LOOP('',(#7297,#7298,#7299,#7308,#7316,#7325,#7333,#7341,
    #7349,#7358,#7366,#7375));
#7297 = ORIENTED_EDGE('',*,*,#6497,.F.);
#7298 = ORIENTED_EDGE('',*,*,#6519,.T.);
#7299 = ORIENTED_EDGE('',*,*,#7300,.T.);
#7300 = EDGE_CURVE('',#6520,#7301,#7303,.T.);
#7301 = VERTEX_POINT('',#7302);
#7302 = CARTESIAN_POINT('',(-0.948480775301,-1.2,0.667364817767));
#7303 = CIRCLE('',#7304,0.1);
#7304 = AXIS2_PLACEMENT_3D('',#7305,#7306,#7307);
#7305 = CARTESIAN_POINT('',(-0.85,-1.2,0.65));
#7306 = DIRECTION('',(-1.144237745222E-17,-1.,0.));
#7307 = DIRECTION('',(0.,0.,1.));
#7308 = ORIENTED_EDGE('',*,*,#7309,.T.);
#7309 = EDGE_CURVE('',#7301,#7310,#7312,.T.);
#7310 = VERTEX_POINT('',#7311);
#7311 = CARTESIAN_POINT('',(-1.02432885403,-1.2,0.206587955583));
#7312 = LINE('',#7313,#7314);
#7313 = CARTESIAN_POINT('',(-0.948480775301,-1.2,0.667364817767));
#7314 = VECTOR('',#7315,1.);
#7315 = DIRECTION('',(-0.162423314012,1.858508865964E-18,-0.986721169868
    ));
#7316 = ORIENTED_EDGE('',*,*,#7317,.T.);
#7317 = EDGE_CURVE('',#7310,#7318,#7320,.T.);
#7318 = VERTEX_POINT('',#7319);
#7319 = CARTESIAN_POINT('',(-1.270530792283,-1.2,0.));
#7320 = CIRCLE('',#7321,0.25);
#7321 = AXIS2_PLACEMENT_3D('',#7322,#7323,#7324);
#7322 = CARTESIAN_POINT('',(-1.270530792283,-1.2,0.25));
#7323 = DIRECTION('',(1.144237745222E-17,1.,1.155557966632E-33));
#7324 = DIRECTION('',(0.984807753012,-1.126854202784E-17,-0.173648177667
    ));
#7325 = ORIENTED_EDGE('',*,*,#7326,.T.);
#7326 = EDGE_CURVE('',#7318,#7327,#7329,.T.);
#7327 = VERTEX_POINT('',#7328);
#7328 = CARTESIAN_POINT('',(-1.4,-1.2,0.));
#7329 = LINE('',#7330,#7331);
#7330 = CARTESIAN_POINT('',(-1.270530792283,-1.2,0.));
#7331 = VECTOR('',#7332,1.);
#7332 = DIRECTION('',(-1.,1.144237745222E-17,0.));
#7333 = ORIENTED_EDGE('',*,*,#7334,.T.);
#7334 = EDGE_CURVE('',#7327,#7335,#7337,.T.);
#7335 = VERTEX_POINT('',#7336);
#7336 = CARTESIAN_POINT('',(-1.4,-1.2,0.15));
#7337 = LINE('',#7338,#7339);
#7338 = CARTESIAN_POINT('',(-1.4,-1.2,0.));
#7339 = VECTOR('',#7340,1.);
#7340 = DIRECTION('',(0.,0.,1.));
#7341 = ORIENTED_EDGE('',*,*,#7342,.T.);
#7342 = EDGE_CURVE('',#7335,#7343,#7345,.T.);
#7343 = VERTEX_POINT('',#7344);
#7344 = CARTESIAN_POINT('',(-1.270530792283,-1.2,0.15));
#7345 = LINE('',#7346,#7347);
#7346 = CARTESIAN_POINT('',(-1.4,-1.2,0.15));
#7347 = VECTOR('',#7348,1.);
#7348 = DIRECTION('',(1.,-1.144237745222E-17,0.));
#7349 = ORIENTED_EDGE('',*,*,#7350,.T.);
#7350 = EDGE_CURVE('',#7343,#7351,#7353,.T.);
#7351 = VERTEX_POINT('',#7352);
#7352 = CARTESIAN_POINT('',(-1.172050016982,-1.2,0.232635182233));
#7353 = CIRCLE('',#7354,0.1);
#7354 = AXIS2_PLACEMENT_3D('',#7355,#7356,#7357);
#7355 = CARTESIAN_POINT('',(-1.270530792283,-1.2,0.25));
#7356 = DIRECTION('',(-1.144237745222E-17,-1.,0.));
#7357 = DIRECTION('',(-2.22044604925E-15,2.540718180781E-32,-1.));
#7358 = ORIENTED_EDGE('',*,*,#7359,.T.);
#7359 = EDGE_CURVE('',#7351,#7360,#7362,.T.);
#7360 = VERTEX_POINT('',#7361);
#7361 = CARTESIAN_POINT('',(-1.096201938253,-1.2,0.693412044417));
#7362 = LINE('',#7363,#7364);
#7363 = CARTESIAN_POINT('',(-1.172050016982,-1.2,0.232635182233));
#7364 = VECTOR('',#7365,1.);
#7365 = DIRECTION('',(0.162423314012,-1.858508865964E-18,0.986721169868)
  );
#7366 = ORIENTED_EDGE('',*,*,#7367,.T.);
#7367 = EDGE_CURVE('',#7360,#7368,#7370,.T.);
#7368 = VERTEX_POINT('',#7369);
#7369 = CARTESIAN_POINT('',(-0.85,-1.2,0.9));
#7370 = CIRCLE('',#7371,0.25);
#7371 = AXIS2_PLACEMENT_3D('',#7372,#7373,#7374);
#7372 = CARTESIAN_POINT('',(-0.85,-1.2,0.65));
#7373 = DIRECTION('',(1.144237745222E-17,1.,7.703719777549E-34));
#7374 = DIRECTION('',(-0.984807753012,1.126854202784E-17,0.173648177667)
  );
#7375 = ORIENTED_EDGE('',*,*,#7376,.T.);
#7376 = EDGE_CURVE('',#7368,#6498,#7377,.T.);
#7377 = LINE('',#7378,#7379);
#7378 = CARTESIAN_POINT('',(-0.85,-1.2,0.9));
#7379 = VECTOR('',#7380,1.);
#7380 = DIRECTION('',(1.,-1.144237745222E-17,0.));
#7381 = PLANE('',#7382);
#7382 = AXIS2_PLACEMENT_3D('',#7383,#7384,#7385);
#7383 = CARTESIAN_POINT('',(-1.069123385139,-1.2,0.441695635315));
#7384 = DIRECTION('',(1.144237745222E-17,1.,0.));
#7385 = DIRECTION('',(0.,-0.,1.));
#7386 = ADVANCED_FACE('',(#7387),#7406,.F.);
#7387 = FACE_BOUND('',#7388,.F.);
#7388 = EDGE_LOOP('',(#7389,#7390,#7399,#7405));
#7389 = ORIENTED_EDGE('',*,*,#6536,.T.);
#7390 = ORIENTED_EDGE('',*,*,#7391,.T.);
#7391 = EDGE_CURVE('',#6529,#7392,#7394,.T.);
#7392 = VERTEX_POINT('',#7393);
#7393 = CARTESIAN_POINT('',(-0.948480775301,-0.7,0.667364817767));
#7394 = CIRCLE('',#7395,0.1);
#7395 = AXIS2_PLACEMENT_3D('',#7396,#7397,#7398);
#7396 = CARTESIAN_POINT('',(-0.85,-0.7,0.65));
#7397 = DIRECTION('',(-1.144237745222E-17,-1.,0.));
#7398 = DIRECTION('',(0.,0.,1.));
#7399 = ORIENTED_EDGE('',*,*,#7400,.F.);
#7400 = EDGE_CURVE('',#7301,#7392,#7401,.T.);
#7401 = LINE('',#7402,#7403);
#7402 = CARTESIAN_POINT('',(-0.948480775301,-1.2,0.667364817767));
#7403 = VECTOR('',#7404,1.);
#7404 = DIRECTION('',(1.144237745222E-17,1.,0.));
#7405 = ORIENTED_EDGE('',*,*,#7300,.F.);
#7406 = CYLINDRICAL_SURFACE('',#7407,0.1);
#7407 = AXIS2_PLACEMENT_3D('',#7408,#7409,#7410);
#7408 = CARTESIAN_POINT('',(-0.85,-1.2,0.65));
#7409 = DIRECTION('',(-1.144237745222E-17,-1.,0.));
#7410 = DIRECTION('',(0.,0.,1.));
#7411 = ADVANCED_FACE('',(#7412),#7490,.T.);
#7412 = FACE_BOUND('',#7413,.T.);
#7413 = EDGE_LOOP('',(#7414,#7415,#7416,#7417,#7425,#7434,#7442,#7450,
    #7458,#7467,#7475,#7484));
#7414 = ORIENTED_EDGE('',*,*,#6550,.F.);
#7415 = ORIENTED_EDGE('',*,*,#6528,.T.);
#7416 = ORIENTED_EDGE('',*,*,#7391,.T.);
#7417 = ORIENTED_EDGE('',*,*,#7418,.T.);
#7418 = EDGE_CURVE('',#7392,#7419,#7421,.T.);
#7419 = VERTEX_POINT('',#7420);
#7420 = CARTESIAN_POINT('',(-1.02432885403,-0.7,0.206587955583));
#7421 = LINE('',#7422,#7423);
#7422 = CARTESIAN_POINT('',(-0.948480775301,-0.7,0.667364817767));
#7423 = VECTOR('',#7424,1.);
#7424 = DIRECTION('',(-0.162423314012,1.858508865964E-18,-0.986721169868
    ));
#7425 = ORIENTED_EDGE('',*,*,#7426,.T.);
#7426 = EDGE_CURVE('',#7419,#7427,#7429,.T.);
#7427 = VERTEX_POINT('',#7428);
#7428 = CARTESIAN_POINT('',(-1.270530792283,-0.7,0.));
#7429 = CIRCLE('',#7430,0.25);
#7430 = AXIS2_PLACEMENT_3D('',#7431,#7432,#7433);
#7431 = CARTESIAN_POINT('',(-1.270530792283,-0.7,0.25));
#7432 = DIRECTION('',(1.144237745222E-17,1.,1.155557966632E-33));
#7433 = DIRECTION('',(0.984807753012,-1.126854202784E-17,-0.173648177667
    ));
#7434 = ORIENTED_EDGE('',*,*,#7435,.T.);
#7435 = EDGE_CURVE('',#7427,#7436,#7438,.T.);
#7436 = VERTEX_POINT('',#7437);
#7437 = CARTESIAN_POINT('',(-1.4,-0.7,0.));
#7438 = LINE('',#7439,#7440);
#7439 = CARTESIAN_POINT('',(-1.270530792283,-0.7,0.));
#7440 = VECTOR('',#7441,1.);
#7441 = DIRECTION('',(-1.,1.144237745222E-17,0.));
#7442 = ORIENTED_EDGE('',*,*,#7443,.T.);
#7443 = EDGE_CURVE('',#7436,#7444,#7446,.T.);
#7444 = VERTEX_POINT('',#7445);
#7445 = CARTESIAN_POINT('',(-1.4,-0.7,0.15));
#7446 = LINE('',#7447,#7448);
#7447 = CARTESIAN_POINT('',(-1.4,-0.7,0.));
#7448 = VECTOR('',#7449,1.);
#7449 = DIRECTION('',(0.,0.,1.));
#7450 = ORIENTED_EDGE('',*,*,#7451,.T.);
#7451 = EDGE_CURVE('',#7444,#7452,#7454,.T.);
#7452 = VERTEX_POINT('',#7453);
#7453 = CARTESIAN_POINT('',(-1.270530792283,-0.7,0.15));
#7454 = LINE('',#7455,#7456);
#7455 = CARTESIAN_POINT('',(-1.4,-0.7,0.15));
#7456 = VECTOR('',#7457,1.);
#7457 = DIRECTION('',(1.,-1.144237745222E-17,0.));
#7458 = ORIENTED_EDGE('',*,*,#7459,.T.);
#7459 = EDGE_CURVE('',#7452,#7460,#7462,.T.);
#7460 = VERTEX_POINT('',#7461);
#7461 = CARTESIAN_POINT('',(-1.172050016982,-0.7,0.232635182233));
#7462 = CIRCLE('',#7463,0.1);
#7463 = AXIS2_PLACEMENT_3D('',#7464,#7465,#7466);
#7464 = CARTESIAN_POINT('',(-1.270530792283,-0.7,0.25));
#7465 = DIRECTION('',(-1.144237745222E-17,-1.,0.));
#7466 = DIRECTION('',(-2.22044604925E-15,2.540718180781E-32,-1.));
#7467 = ORIENTED_EDGE('',*,*,#7468,.T.);
#7468 = EDGE_CURVE('',#7460,#7469,#7471,.T.);
#7469 = VERTEX_POINT('',#7470);
#7470 = CARTESIAN_POINT('',(-1.096201938253,-0.7,0.693412044417));
#7471 = LINE('',#7472,#7473);
#7472 = CARTESIAN_POINT('',(-1.172050016982,-0.7,0.232635182233));
#7473 = VECTOR('',#7474,1.);
#7474 = DIRECTION('',(0.162423314012,-1.858508865964E-18,0.986721169868)
  );
#7475 = ORIENTED_EDGE('',*,*,#7476,.T.);
#7476 = EDGE_CURVE('',#7469,#7477,#7479,.T.);
#7477 = VERTEX_POINT('',#7478);
#7478 = CARTESIAN_POINT('',(-0.85,-0.7,0.9));
#7479 = CIRCLE('',#7480,0.25);
#7480 = AXIS2_PLACEMENT_3D('',#7481,#7482,#7483);
#7481 = CARTESIAN_POINT('',(-0.85,-0.7,0.65));
#7482 = DIRECTION('',(1.144237745222E-17,1.,7.703719777549E-34));
#7483 = DIRECTION('',(-0.984807753012,1.126854202784E-17,0.173648177667)
  );
#7484 = ORIENTED_EDGE('',*,*,#7485,.T.);
#7485 = EDGE_CURVE('',#7477,#6551,#7486,.T.);
#7486 = LINE('',#7487,#7488);
#7487 = CARTESIAN_POINT('',(-0.85,-0.7,0.9));
#7488 = VECTOR('',#7489,1.);
#7489 = DIRECTION('',(1.,-1.144237745222E-17,0.));
#7490 = PLANE('',#7491);
#7491 = AXIS2_PLACEMENT_3D('',#7492,#7493,#7494);
#7492 = CARTESIAN_POINT('',(-1.069123385139,-0.7,0.441695635315));
#7493 = DIRECTION('',(1.144237745222E-17,1.,0.));
#7494 = DIRECTION('',(0.,-0.,1.));
#7495 = ADVANCED_FACE('',(#7496),#7512,.F.);
#7496 = FACE_BOUND('',#7497,.F.);
#7497 = EDGE_LOOP('',(#7498,#7499,#7505,#7506));
#7498 = ORIENTED_EDGE('',*,*,#6567,.T.);
#7499 = ORIENTED_EDGE('',*,*,#7500,.T.);
#7500 = EDGE_CURVE('',#6560,#7020,#7501,.T.);
#7501 = LINE('',#7502,#7503);
#7502 = CARTESIAN_POINT('',(-0.85,-0.25,0.9));
#7503 = VECTOR('',#7504,1.);
#7504 = DIRECTION('',(1.,-1.144237745222E-17,0.));
#7505 = ORIENTED_EDGE('',*,*,#7019,.F.);
#7506 = ORIENTED_EDGE('',*,*,#7507,.F.);
#7507 = EDGE_CURVE('',#6551,#7012,#7508,.T.);
#7508 = LINE('',#7509,#7510);
#7509 = CARTESIAN_POINT('',(-0.85,-0.7,0.9));
#7510 = VECTOR('',#7511,1.);
#7511 = DIRECTION('',(1.,-1.144237745222E-17,0.));
#7512 = PLANE('',#7513);
#7513 = AXIS2_PLACEMENT_3D('',#7514,#7515,#7516);
#7514 = CARTESIAN_POINT('',(-2.091417030376E-16,1.4375,0.9));
#7515 = DIRECTION('',(4.595758349624E-18,6.551522493592E-27,-1.));
#7516 = DIRECTION('',(1.,1.51922136901E-16,4.595758349624E-18));
#7517 = ADVANCED_FACE('',(#7518),#7604,.F.);
#7518 = FACE_BOUND('',#7519,.F.);
#7519 = EDGE_LOOP('',(#7520,#7521,#7522,#7531,#7539,#7548,#7556,#7564,
    #7572,#7581,#7589,#7598));
#7520 = ORIENTED_EDGE('',*,*,#6559,.F.);
#7521 = ORIENTED_EDGE('',*,*,#6581,.T.);
#7522 = ORIENTED_EDGE('',*,*,#7523,.T.);
#7523 = EDGE_CURVE('',#6582,#7524,#7526,.T.);
#7524 = VERTEX_POINT('',#7525);
#7525 = CARTESIAN_POINT('',(-0.948480775301,-0.25,0.667364817767));
#7526 = CIRCLE('',#7527,0.1);
#7527 = AXIS2_PLACEMENT_3D('',#7528,#7529,#7530);
#7528 = CARTESIAN_POINT('',(-0.85,-0.25,0.65));
#7529 = DIRECTION('',(-1.144237745222E-17,-1.,0.));
#7530 = DIRECTION('',(0.,0.,1.));
#7531 = ORIENTED_EDGE('',*,*,#7532,.T.);
#7532 = EDGE_CURVE('',#7524,#7533,#7535,.T.);
#7533 = VERTEX_POINT('',#7534);
#7534 = CARTESIAN_POINT('',(-1.02432885403,-0.25,0.206587955583));
#7535 = LINE('',#7536,#7537);
#7536 = CARTESIAN_POINT('',(-0.948480775301,-0.25,0.667364817767));
#7537 = VECTOR('',#7538,1.);
#7538 = DIRECTION('',(-0.162423314012,1.858508865964E-18,-0.986721169868
    ));
#7539 = ORIENTED_EDGE('',*,*,#7540,.T.);
#7540 = EDGE_CURVE('',#7533,#7541,#7543,.T.);
#7541 = VERTEX_POINT('',#7542);
#7542 = CARTESIAN_POINT('',(-1.270530792283,-0.25,0.));
#7543 = CIRCLE('',#7544,0.25);
#7544 = AXIS2_PLACEMENT_3D('',#7545,#7546,#7547);
#7545 = CARTESIAN_POINT('',(-1.270530792283,-0.25,0.25));
#7546 = DIRECTION('',(1.144237745222E-17,1.,1.155557966632E-33));
#7547 = DIRECTION('',(0.984807753012,-1.126854202784E-17,-0.173648177667
    ));
#7548 = ORIENTED_EDGE('',*,*,#7549,.T.);
#7549 = EDGE_CURVE('',#7541,#7550,#7552,.T.);
#7550 = VERTEX_POINT('',#7551);
#7551 = CARTESIAN_POINT('',(-1.4,-0.25,0.));
#7552 = LINE('',#7553,#7554);
#7553 = CARTESIAN_POINT('',(-1.270530792283,-0.25,0.));
#7554 = VECTOR('',#7555,1.);
#7555 = DIRECTION('',(-1.,1.144237745222E-17,0.));
#7556 = ORIENTED_EDGE('',*,*,#7557,.T.);
#7557 = EDGE_CURVE('',#7550,#7558,#7560,.T.);
#7558 = VERTEX_POINT('',#7559);
#7559 = CARTESIAN_POINT('',(-1.4,-0.25,0.15));
#7560 = LINE('',#7561,#7562);
#7561 = CARTESIAN_POINT('',(-1.4,-0.25,0.));
#7562 = VECTOR('',#7563,1.);
#7563 = DIRECTION('',(0.,0.,1.));
#7564 = ORIENTED_EDGE('',*,*,#7565,.T.);
#7565 = EDGE_CURVE('',#7558,#7566,#7568,.T.);
#7566 = VERTEX_POINT('',#7567);
#7567 = CARTESIAN_POINT('',(-1.270530792283,-0.25,0.15));
#7568 = LINE('',#7569,#7570);
#7569 = CARTESIAN_POINT('',(-1.4,-0.25,0.15));
#7570 = VECTOR('',#7571,1.);
#7571 = DIRECTION('',(1.,-1.144237745222E-17,0.));
#7572 = ORIENTED_EDGE('',*,*,#7573,.T.);
#7573 = EDGE_CURVE('',#7566,#7574,#7576,.T.);
#7574 = VERTEX_POINT('',#7575);
#7575 = CARTESIAN_POINT('',(-1.172050016982,-0.25,0.232635182233));
#7576 = CIRCLE('',#7577,0.1);
#7577 = AXIS2_PLACEMENT_3D('',#7578,#7579,#7580);
#7578 = CARTESIAN_POINT('',(-1.270530792283,-0.25,0.25));
#7579 = DIRECTION('',(-1.144237745222E-17,-1.,0.));
#7580 = DIRECTION('',(-2.22044604925E-15,2.540718180781E-32,-1.));
#7581 = ORIENTED_EDGE('',*,*,#7582,.T.);
#7582 = EDGE_CURVE('',#7574,#7583,#7585,.T.);
#7583 = VERTEX_POINT('',#7584);
#7584 = CARTESIAN_POINT('',(-1.096201938253,-0.25,0.693412044417));
#7585 = LINE('',#7586,#7587);
#7586 = CARTESIAN_POINT('',(-1.172050016982,-0.25,0.232635182233));
#7587 = VECTOR('',#7588,1.);
#7588 = DIRECTION('',(0.162423314012,-1.858508865964E-18,0.986721169868)
  );
#7589 = ORIENTED_EDGE('',*,*,#7590,.T.);
#7590 = EDGE_CURVE('',#7583,#7591,#7593,.T.);
#7591 = VERTEX_POINT('',#7592);
#7592 = CARTESIAN_POINT('',(-0.85,-0.25,0.9));
#7593 = CIRCLE('',#7594,0.25);
#7594 = AXIS2_PLACEMENT_3D('',#7595,#7596,#7597);
#7595 = CARTESIAN_POINT('',(-0.85,-0.25,0.65));
#7596 = DIRECTION('',(1.144237745222E-17,1.,7.703719777549E-34));
#7597 = DIRECTION('',(-0.984807753012,1.126854202784E-17,0.173648177667)
  );
#7598 = ORIENTED_EDGE('',*,*,#7599,.T.);
#7599 = EDGE_CURVE('',#7591,#6560,#7600,.T.);
#7600 = LINE('',#7601,#7602);
#7601 = CARTESIAN_POINT('',(-0.85,-0.25,0.9));
#7602 = VECTOR('',#7603,1.);
#7603 = DIRECTION('',(1.,-1.144237745222E-17,0.));
#7604 = PLANE('',#7605);
#7605 = AXIS2_PLACEMENT_3D('',#7606,#7607,#7608);
#7606 = CARTESIAN_POINT('',(-1.069123385139,-0.25,0.441695635315));
#7607 = DIRECTION('',(1.144237745222E-17,1.,0.));
#7608 = DIRECTION('',(0.,-0.,1.));
#7609 = ADVANCED_FACE('',(#7610),#7629,.F.);
#7610 = FACE_BOUND('',#7611,.F.);
#7611 = EDGE_LOOP('',(#7612,#7613,#7622,#7628));
#7612 = ORIENTED_EDGE('',*,*,#6598,.T.);
#7613 = ORIENTED_EDGE('',*,*,#7614,.T.);
#7614 = EDGE_CURVE('',#6591,#7615,#7617,.T.);
#7615 = VERTEX_POINT('',#7616);
#7616 = CARTESIAN_POINT('',(-0.948480775301,0.25,0.667364817767));
#7617 = CIRCLE('',#7618,0.1);
#7618 = AXIS2_PLACEMENT_3D('',#7619,#7620,#7621);
#7619 = CARTESIAN_POINT('',(-0.85,0.25,0.65));
#7620 = DIRECTION('',(-1.144237745222E-17,-1.,0.));
#7621 = DIRECTION('',(0.,0.,1.));
#7622 = ORIENTED_EDGE('',*,*,#7623,.F.);
#7623 = EDGE_CURVE('',#7524,#7615,#7624,.T.);
#7624 = LINE('',#7625,#7626);
#7625 = CARTESIAN_POINT('',(-0.948480775301,-0.25,0.667364817767));
#7626 = VECTOR('',#7627,1.);
#7627 = DIRECTION('',(1.144237745222E-17,1.,0.));
#7628 = ORIENTED_EDGE('',*,*,#7523,.F.);
#7629 = CYLINDRICAL_SURFACE('',#7630,0.1);
#7630 = AXIS2_PLACEMENT_3D('',#7631,#7632,#7633);
#7631 = CARTESIAN_POINT('',(-0.85,-0.25,0.65));
#7632 = DIRECTION('',(-1.144237745222E-17,-1.,0.));
#7633 = DIRECTION('',(0.,0.,1.));
#7634 = ADVANCED_FACE('',(#7635),#7713,.T.);
#7635 = FACE_BOUND('',#7636,.T.);
#7636 = EDGE_LOOP('',(#7637,#7638,#7639,#7640,#7648,#7657,#7665,#7673,
    #7681,#7690,#7698,#7707));
#7637 = ORIENTED_EDGE('',*,*,#6612,.F.);
#7638 = ORIENTED_EDGE('',*,*,#6590,.T.);
#7639 = ORIENTED_EDGE('',*,*,#7614,.T.);
#7640 = ORIENTED_EDGE('',*,*,#7641,.T.);
#7641 = EDGE_CURVE('',#7615,#7642,#7644,.T.);
#7642 = VERTEX_POINT('',#7643);
#7643 = CARTESIAN_POINT('',(-1.02432885403,0.25,0.206587955583));
#7644 = LINE('',#7645,#7646);
#7645 = CARTESIAN_POINT('',(-0.948480775301,0.25,0.667364817767));
#7646 = VECTOR('',#7647,1.);
#7647 = DIRECTION('',(-0.162423314012,1.858508865964E-18,-0.986721169868
    ));
#7648 = ORIENTED_EDGE('',*,*,#7649,.T.);
#7649 = EDGE_CURVE('',#7642,#7650,#7652,.T.);
#7650 = VERTEX_POINT('',#7651);
#7651 = CARTESIAN_POINT('',(-1.270530792283,0.25,0.));
#7652 = CIRCLE('',#7653,0.25);
#7653 = AXIS2_PLACEMENT_3D('',#7654,#7655,#7656);
#7654 = CARTESIAN_POINT('',(-1.270530792283,0.25,0.25));
#7655 = DIRECTION('',(1.144237745222E-17,1.,1.155557966632E-33));
#7656 = DIRECTION('',(0.984807753012,-1.126854202784E-17,-0.173648177667
    ));
#7657 = ORIENTED_EDGE('',*,*,#7658,.T.);
#7658 = EDGE_CURVE('',#7650,#7659,#7661,.T.);
#7659 = VERTEX_POINT('',#7660);
#7660 = CARTESIAN_POINT('',(-1.4,0.25,0.));
#7661 = LINE('',#7662,#7663);
#7662 = CARTESIAN_POINT('',(-1.270530792283,0.25,0.));
#7663 = VECTOR('',#7664,1.);
#7664 = DIRECTION('',(-1.,1.144237745222E-17,0.));
#7665 = ORIENTED_EDGE('',*,*,#7666,.T.);
#7666 = EDGE_CURVE('',#7659,#7667,#7669,.T.);
#7667 = VERTEX_POINT('',#7668);
#7668 = CARTESIAN_POINT('',(-1.4,0.25,0.15));
#7669 = LINE('',#7670,#7671);
#7670 = CARTESIAN_POINT('',(-1.4,0.25,0.));
#7671 = VECTOR('',#7672,1.);
#7672 = DIRECTION('',(0.,0.,1.));
#7673 = ORIENTED_EDGE('',*,*,#7674,.T.);
#7674 = EDGE_CURVE('',#7667,#7675,#7677,.T.);
#7675 = VERTEX_POINT('',#7676);
#7676 = CARTESIAN_POINT('',(-1.270530792283,0.25,0.15));
#7677 = LINE('',#7678,#7679);
#7678 = CARTESIAN_POINT('',(-1.4,0.25,0.15));
#7679 = VECTOR('',#7680,1.);
#7680 = DIRECTION('',(1.,-1.144237745222E-17,0.));
#7681 = ORIENTED_EDGE('',*,*,#7682,.T.);
#7682 = EDGE_CURVE('',#7675,#7683,#7685,.T.);
#7683 = VERTEX_POINT('',#7684);
#7684 = CARTESIAN_POINT('',(-1.172050016982,0.25,0.232635182233));
#7685 = CIRCLE('',#7686,0.1);
#7686 = AXIS2_PLACEMENT_3D('',#7687,#7688,#7689);
#7687 = CARTESIAN_POINT('',(-1.270530792283,0.25,0.25));
#7688 = DIRECTION('',(-1.144237745222E-17,-1.,0.));
#7689 = DIRECTION('',(-2.22044604925E-15,2.540718180781E-32,-1.));
#7690 = ORIENTED_EDGE('',*,*,#7691,.T.);
#7691 = EDGE_CURVE('',#7683,#7692,#7694,.T.);
#7692 = VERTEX_POINT('',#7693);
#7693 = CARTESIAN_POINT('',(-1.096201938253,0.25,0.693412044417));
#7694 = LINE('',#7695,#7696);
#7695 = CARTESIAN_POINT('',(-1.172050016982,0.25,0.232635182233));
#7696 = VECTOR('',#7697,1.);
#7697 = DIRECTION('',(0.162423314012,-1.858508865964E-18,0.986721169868)
  );
#7698 = ORIENTED_EDGE('',*,*,#7699,.T.);
#7699 = EDGE_CURVE('',#7692,#7700,#7702,.T.);
#7700 = VERTEX_POINT('',#7701);
#7701 = CARTESIAN_POINT('',(-0.85,0.25,0.9));
#7702 = CIRCLE('',#7703,0.25);
#7703 = AXIS2_PLACEMENT_3D('',#7704,#7705,#7706);
#7704 = CARTESIAN_POINT('',(-0.85,0.25,0.65));
#7705 = DIRECTION('',(1.144237745222E-17,1.,7.703719777549E-34));
#7706 = DIRECTION('',(-0.984807753012,1.126854202784E-17,0.173648177667)
  );
#7707 = ORIENTED_EDGE('',*,*,#7708,.T.);
#7708 = EDGE_CURVE('',#7700,#6613,#7709,.T.);
#7709 = LINE('',#7710,#7711);
#7710 = CARTESIAN_POINT('',(-0.85,0.25,0.9));
#7711 = VECTOR('',#7712,1.);
#7712 = DIRECTION('',(1.,-1.144237745222E-17,0.));
#7713 = PLANE('',#7714);
#7714 = AXIS2_PLACEMENT_3D('',#7715,#7716,#7717);
#7715 = CARTESIAN_POINT('',(-1.069123385139,0.25,0.441695635315));
#7716 = DIRECTION('',(1.144237745222E-17,1.,0.));
#7717 = DIRECTION('',(0.,-0.,1.));
#7718 = ADVANCED_FACE('',(#7719),#7730,.F.);
#7719 = FACE_BOUND('',#7720,.F.);
#7720 = EDGE_LOOP('',(#7721,#7722,#7723,#7724));
#7721 = ORIENTED_EDGE('',*,*,#6629,.T.);
#7722 = ORIENTED_EDGE('',*,*,#6987,.T.);
#7723 = ORIENTED_EDGE('',*,*,#7035,.F.);
#7724 = ORIENTED_EDGE('',*,*,#7725,.F.);
#7725 = EDGE_CURVE('',#6613,#7028,#7726,.T.);
#7726 = LINE('',#7727,#7728);
#7727 = CARTESIAN_POINT('',(-0.85,0.25,0.9));
#7728 = VECTOR('',#7729,1.);
#7729 = DIRECTION('',(1.,-1.144237745222E-17,0.));
#7730 = PLANE('',#7731);
#7731 = AXIS2_PLACEMENT_3D('',#7732,#7733,#7734);
#7732 = CARTESIAN_POINT('',(-2.091417030376E-16,1.4375,0.9));
#7733 = DIRECTION('',(4.595758349624E-18,6.551522493592E-27,-1.));
#7734 = DIRECTION('',(1.,1.51922136901E-16,4.595758349624E-18));
#7735 = ADVANCED_FACE('',(#7736),#7815,.F.);
#7736 = FACE_BOUND('',#7737,.F.);
#7737 = EDGE_LOOP('',(#7738,#7739,#7740,#7749,#7757,#7766,#7774,#7782,
    #7790,#7799,#7807,#7814));
#7738 = ORIENTED_EDGE('',*,*,#6621,.F.);
#7739 = ORIENTED_EDGE('',*,*,#6643,.T.);
#7740 = ORIENTED_EDGE('',*,*,#7741,.T.);
#7741 = EDGE_CURVE('',#6644,#7742,#7744,.T.);
#7742 = VERTEX_POINT('',#7743);
#7743 = CARTESIAN_POINT('',(-0.948480775301,0.7,0.667364817767));
#7744 = CIRCLE('',#7745,0.1);
#7745 = AXIS2_PLACEMENT_3D('',#7746,#7747,#7748);
#7746 = CARTESIAN_POINT('',(-0.85,0.7,0.65));
#7747 = DIRECTION('',(-1.144237745222E-17,-1.,0.));
#7748 = DIRECTION('',(0.,0.,1.));
#7749 = ORIENTED_EDGE('',*,*,#7750,.T.);
#7750 = EDGE_CURVE('',#7742,#7751,#7753,.T.);
#7751 = VERTEX_POINT('',#7752);
#7752 = CARTESIAN_POINT('',(-1.02432885403,0.7,0.206587955583));
#7753 = LINE('',#7754,#7755);
#7754 = CARTESIAN_POINT('',(-0.948480775301,0.7,0.667364817767));
#7755 = VECTOR('',#7756,1.);
#7756 = DIRECTION('',(-0.162423314012,1.858508865964E-18,-0.986721169868
    ));
#7757 = ORIENTED_EDGE('',*,*,#7758,.T.);
#7758 = EDGE_CURVE('',#7751,#7759,#7761,.T.);
#7759 = VERTEX_POINT('',#7760);
#7760 = CARTESIAN_POINT('',(-1.270530792283,0.7,0.));
#7761 = CIRCLE('',#7762,0.25);
#7762 = AXIS2_PLACEMENT_3D('',#7763,#7764,#7765);
#7763 = CARTESIAN_POINT('',(-1.270530792283,0.7,0.25));
#7764 = DIRECTION('',(1.144237745222E-17,1.,1.155557966632E-33));
#7765 = DIRECTION('',(0.984807753012,-1.126854202784E-17,-0.173648177667
    ));
#7766 = ORIENTED_EDGE('',*,*,#7767,.T.);
#7767 = EDGE_CURVE('',#7759,#7768,#7770,.T.);
#7768 = VERTEX_POINT('',#7769);
#7769 = CARTESIAN_POINT('',(-1.4,0.7,0.));
#7770 = LINE('',#7771,#7772);
#7771 = CARTESIAN_POINT('',(-1.270530792283,0.7,0.));
#7772 = VECTOR('',#7773,1.);
#7773 = DIRECTION('',(-1.,1.144237745222E-17,0.));
#7774 = ORIENTED_EDGE('',*,*,#7775,.T.);
#7775 = EDGE_CURVE('',#7768,#7776,#7778,.T.);
#7776 = VERTEX_POINT('',#7777);
#7777 = CARTESIAN_POINT('',(-1.4,0.7,0.15));
#7778 = LINE('',#7779,#7780);
#7779 = CARTESIAN_POINT('',(-1.4,0.7,0.));
#7780 = VECTOR('',#7781,1.);
#7781 = DIRECTION('',(0.,0.,1.));
#7782 = ORIENTED_EDGE('',*,*,#7783,.T.);
#7783 = EDGE_CURVE('',#7776,#7784,#7786,.T.);
#7784 = VERTEX_POINT('',#7785);
#7785 = CARTESIAN_POINT('',(-1.270530792283,0.7,0.15));
#7786 = LINE('',#7787,#7788);
#7787 = CARTESIAN_POINT('',(-1.4,0.7,0.15));
#7788 = VECTOR('',#7789,1.);
#7789 = DIRECTION('',(1.,-1.144237745222E-17,0.));
#7790 = ORIENTED_EDGE('',*,*,#7791,.T.);
#7791 = EDGE_CURVE('',#7784,#7792,#7794,.T.);
#7792 = VERTEX_POINT('',#7793);
#7793 = CARTESIAN_POINT('',(-1.172050016982,0.7,0.232635182233));
#7794 = CIRCLE('',#7795,0.1);
#7795 = AXIS2_PLACEMENT_3D('',#7796,#7797,#7798);
#7796 = CARTESIAN_POINT('',(-1.270530792283,0.7,0.25));
#7797 = DIRECTION('',(-1.144237745222E-17,-1.,0.));
#7798 = DIRECTION('',(-2.22044604925E-15,2.540718180781E-32,-1.));
#7799 = ORIENTED_EDGE('',*,*,#7800,.T.);
#7800 = EDGE_CURVE('',#7792,#7801,#7803,.T.);
#7801 = VERTEX_POINT('',#7802);
#7802 = CARTESIAN_POINT('',(-1.096201938253,0.7,0.693412044417));
#7803 = LINE('',#7804,#7805);
#7804 = CARTESIAN_POINT('',(-1.172050016982,0.7,0.232635182233));
#7805 = VECTOR('',#7806,1.);
#7806 = DIRECTION('',(0.162423314012,-1.858508865964E-18,0.986721169868)
  );
#7807 = ORIENTED_EDGE('',*,*,#7808,.T.);
#7808 = EDGE_CURVE('',#7801,#6957,#7809,.T.);
#7809 = CIRCLE('',#7810,0.25);
#7810 = AXIS2_PLACEMENT_3D('',#7811,#7812,#7813);
#7811 = CARTESIAN_POINT('',(-0.85,0.7,0.65));
#7812 = DIRECTION('',(1.144237745222E-17,1.,7.703719777549E-34));
#7813 = DIRECTION('',(-0.984807753012,1.126854202784E-17,0.173648177667)
  );
#7814 = ORIENTED_EDGE('',*,*,#6956,.T.);
#7815 = PLANE('',#7816);
#7816 = AXIS2_PLACEMENT_3D('',#7817,#7818,#7819);
#7817 = CARTESIAN_POINT('',(-1.069123385139,0.7,0.441695635315));
#7818 = DIRECTION('',(1.144237745222E-17,1.,0.));
#7819 = DIRECTION('',(0.,-0.,1.));
#7820 = ADVANCED_FACE('',(#7821),#7840,.F.);
#7821 = FACE_BOUND('',#7822,.F.);
#7822 = EDGE_LOOP('',(#7823,#7824,#7833,#7839));
#7823 = ORIENTED_EDGE('',*,*,#6660,.T.);
#7824 = ORIENTED_EDGE('',*,*,#7825,.T.);
#7825 = EDGE_CURVE('',#6653,#7826,#7828,.T.);
#7826 = VERTEX_POINT('',#7827);
#7827 = CARTESIAN_POINT('',(-0.948480775301,1.2,0.667364817767));
#7828 = CIRCLE('',#7829,0.1);
#7829 = AXIS2_PLACEMENT_3D('',#7830,#7831,#7832);
#7830 = CARTESIAN_POINT('',(-0.85,1.2,0.65));
#7831 = DIRECTION('',(-1.144237745222E-17,-1.,0.));
#7832 = DIRECTION('',(0.,0.,1.));
#7833 = ORIENTED_EDGE('',*,*,#7834,.F.);
#7834 = EDGE_CURVE('',#7742,#7826,#7835,.T.);
#7835 = LINE('',#7836,#7837);
#7836 = CARTESIAN_POINT('',(-0.948480775301,0.7,0.667364817767));
#7837 = VECTOR('',#7838,1.);
#7838 = DIRECTION('',(1.144237745222E-17,1.,0.));
#7839 = ORIENTED_EDGE('',*,*,#7741,.F.);
#7840 = CYLINDRICAL_SURFACE('',#7841,0.1);
#7841 = AXIS2_PLACEMENT_3D('',#7842,#7843,#7844);
#7842 = CARTESIAN_POINT('',(-0.85,0.7,0.65));
#7843 = DIRECTION('',(-1.144237745222E-17,-1.,0.));
#7844 = DIRECTION('',(0.,0.,1.));
#7845 = ADVANCED_FACE('',(#7846),#7917,.T.);
#7846 = FACE_BOUND('',#7847,.T.);
#7847 = EDGE_LOOP('',(#7848,#7849,#7850,#7851,#7859,#7868,#7876,#7884,
    #7892,#7901,#7909,#7916));
#7848 = ORIENTED_EDGE('',*,*,#6674,.F.);
#7849 = ORIENTED_EDGE('',*,*,#6652,.T.);
#7850 = ORIENTED_EDGE('',*,*,#7825,.T.);
#7851 = ORIENTED_EDGE('',*,*,#7852,.T.);
#7852 = EDGE_CURVE('',#7826,#7853,#7855,.T.);
#7853 = VERTEX_POINT('',#7854);
#7854 = CARTESIAN_POINT('',(-1.02432885403,1.2,0.206587955583));
#7855 = LINE('',#7856,#7857);
#7856 = CARTESIAN_POINT('',(-0.948480775301,1.2,0.667364817767));
#7857 = VECTOR('',#7858,1.);
#7858 = DIRECTION('',(-0.162423314012,1.858508865964E-18,-0.986721169868
    ));
#7859 = ORIENTED_EDGE('',*,*,#7860,.T.);
#7860 = EDGE_CURVE('',#7853,#7861,#7863,.T.);
#7861 = VERTEX_POINT('',#7862);
#7862 = CARTESIAN_POINT('',(-1.270530792283,1.2,0.));
#7863 = CIRCLE('',#7864,0.25);
#7864 = AXIS2_PLACEMENT_3D('',#7865,#7866,#7867);
#7865 = CARTESIAN_POINT('',(-1.270530792283,1.2,0.25));
#7866 = DIRECTION('',(1.144237745222E-17,1.,1.155557966632E-33));
#7867 = DIRECTION('',(0.984807753012,-1.126854202784E-17,-0.173648177667
    ));
#7868 = ORIENTED_EDGE('',*,*,#7869,.T.);
#7869 = EDGE_CURVE('',#7861,#7870,#7872,.T.);
#7870 = VERTEX_POINT('',#7871);
#7871 = CARTESIAN_POINT('',(-1.4,1.2,0.));
#7872 = LINE('',#7873,#7874);
#7873 = CARTESIAN_POINT('',(-1.270530792283,1.2,0.));
#7874 = VECTOR('',#7875,1.);
#7875 = DIRECTION('',(-1.,1.144237745222E-17,0.));
#7876 = ORIENTED_EDGE('',*,*,#7877,.T.);
#7877 = EDGE_CURVE('',#7870,#7878,#7880,.T.);
#7878 = VERTEX_POINT('',#7879);
#7879 = CARTESIAN_POINT('',(-1.4,1.2,0.15));
#7880 = LINE('',#7881,#7882);
#7881 = CARTESIAN_POINT('',(-1.4,1.2,0.));
#7882 = VECTOR('',#7883,1.);
#7883 = DIRECTION('',(0.,0.,1.));
#7884 = ORIENTED_EDGE('',*,*,#7885,.T.);
#7885 = EDGE_CURVE('',#7878,#7886,#7888,.T.);
#7886 = VERTEX_POINT('',#7887);
#7887 = CARTESIAN_POINT('',(-1.270530792283,1.2,0.15));
#7888 = LINE('',#7889,#7890);
#7889 = CARTESIAN_POINT('',(-1.4,1.2,0.15));
#7890 = VECTOR('',#7891,1.);
#7891 = DIRECTION('',(1.,-1.144237745222E-17,0.));
#7892 = ORIENTED_EDGE('',*,*,#7893,.T.);
#7893 = EDGE_CURVE('',#7886,#7894,#7896,.T.);
#7894 = VERTEX_POINT('',#7895);
#7895 = CARTESIAN_POINT('',(-1.172050016982,1.2,0.232635182233));
#7896 = CIRCLE('',#7897,0.1);
#7897 = AXIS2_PLACEMENT_3D('',#7898,#7899,#7900);
#7898 = CARTESIAN_POINT('',(-1.270530792283,1.2,0.25));
#7899 = DIRECTION('',(-1.144237745222E-17,-1.,0.));
#7900 = DIRECTION('',(-2.22044604925E-15,2.540718180781E-32,-1.));
#7901 = ORIENTED_EDGE('',*,*,#7902,.T.);
#7902 = EDGE_CURVE('',#7894,#7903,#7905,.T.);
#7903 = VERTEX_POINT('',#7904);
#7904 = CARTESIAN_POINT('',(-1.096201938253,1.2,0.693412044417));
#7905 = LINE('',#7906,#7907);
#7906 = CARTESIAN_POINT('',(-1.172050016982,1.2,0.232635182233));
#7907 = VECTOR('',#7908,1.);
#7908 = DIRECTION('',(0.162423314012,-1.858508865964E-18,0.986721169868)
  );
#7909 = ORIENTED_EDGE('',*,*,#7910,.T.);
#7910 = EDGE_CURVE('',#7903,#6965,#7911,.T.);
#7911 = CIRCLE('',#7912,0.25);
#7912 = AXIS2_PLACEMENT_3D('',#7913,#7914,#7915);
#7913 = CARTESIAN_POINT('',(-0.85,1.2,0.65));
#7914 = DIRECTION('',(1.144237745222E-17,1.,7.703719777549E-34));
#7915 = DIRECTION('',(-0.984807753012,1.126854202784E-17,0.173648177667)
  );
#7916 = ORIENTED_EDGE('',*,*,#6972,.T.);
#7917 = PLANE('',#7918);
#7918 = AXIS2_PLACEMENT_3D('',#7919,#7920,#7921);
#7919 = CARTESIAN_POINT('',(-1.069123385139,1.2,0.441695635315));
#7920 = DIRECTION('',(1.144237745222E-17,1.,0.));
#7921 = DIRECTION('',(0.,-0.,1.));
#7922 = ADVANCED_FACE('',(#7923),#8002,.F.);
#7923 = FACE_BOUND('',#7924,.F.);
#7924 = EDGE_LOOP('',(#7925,#7926,#7927,#7936,#7944,#7953,#7961,#7969,
    #7977,#7986,#7994,#8001));
#7925 = ORIENTED_EDGE('',*,*,#6693,.F.);
#7926 = ORIENTED_EDGE('',*,*,#6708,.T.);
#7927 = ORIENTED_EDGE('',*,*,#7928,.T.);
#7928 = EDGE_CURVE('',#6709,#7929,#7931,.T.);
#7929 = VERTEX_POINT('',#7930);
#7930 = CARTESIAN_POINT('',(0.948480775301,1.2,0.667364817767));
#7931 = CIRCLE('',#7932,0.1);
#7932 = AXIS2_PLACEMENT_3D('',#7933,#7934,#7935);
#7933 = CARTESIAN_POINT('',(0.85,1.2,0.65));
#7934 = DIRECTION('',(-1.110223024625E-16,1.,0.));
#7935 = DIRECTION('',(0.,0.,1.));
#7936 = ORIENTED_EDGE('',*,*,#7937,.T.);
#7937 = EDGE_CURVE('',#7929,#7938,#7940,.T.);
#7938 = VERTEX_POINT('',#7939);
#7939 = CARTESIAN_POINT('',(1.02432885403,1.2,0.206587955583));
#7940 = LINE('',#7941,#7942);
#7941 = CARTESIAN_POINT('',(0.948480775301,1.2,0.667364817767));
#7942 = VECTOR('',#7943,1.);
#7943 = DIRECTION('',(0.162423314012,1.803261029519E-17,-0.986721169868)
  );
#7944 = ORIENTED_EDGE('',*,*,#7945,.T.);
#7945 = EDGE_CURVE('',#7938,#7946,#7948,.T.);
#7946 = VERTEX_POINT('',#7947);
#7947 = CARTESIAN_POINT('',(1.270530792283,1.2,0.));
#7948 = CIRCLE('',#7949,0.25);
#7949 = AXIS2_PLACEMENT_3D('',#7950,#7951,#7952);
#7950 = CARTESIAN_POINT('',(1.270530792283,1.2,0.25));
#7951 = DIRECTION('',(1.110223024625E-16,-1.,0.));
#7952 = DIRECTION('',(-0.984807753012,-1.093356242223E-16,
    -0.173648177667));
#7953 = ORIENTED_EDGE('',*,*,#7954,.T.);
#7954 = EDGE_CURVE('',#7946,#7955,#7957,.T.);
#7955 = VERTEX_POINT('',#7956);
#7956 = CARTESIAN_POINT('',(1.4,1.2,0.));
#7957 = LINE('',#7958,#7959);
#7958 = CARTESIAN_POINT('',(1.270530792283,1.2,0.));
#7959 = VECTOR('',#7960,1.);
#7960 = DIRECTION('',(1.,1.110223024625E-16,0.));
#7961 = ORIENTED_EDGE('',*,*,#7962,.T.);
#7962 = EDGE_CURVE('',#7955,#7963,#7965,.T.);
#7963 = VERTEX_POINT('',#7964);
#7964 = CARTESIAN_POINT('',(1.4,1.2,0.15));
#7965 = LINE('',#7966,#7967);
#7966 = CARTESIAN_POINT('',(1.4,1.2,0.));
#7967 = VECTOR('',#7968,1.);
#7968 = DIRECTION('',(0.,0.,1.));
#7969 = ORIENTED_EDGE('',*,*,#7970,.T.);
#7970 = EDGE_CURVE('',#7963,#7971,#7973,.T.);
#7971 = VERTEX_POINT('',#7972);
#7972 = CARTESIAN_POINT('',(1.270530792283,1.2,0.15));
#7973 = LINE('',#7974,#7975);
#7974 = CARTESIAN_POINT('',(1.4,1.2,0.15));
#7975 = VECTOR('',#7976,1.);
#7976 = DIRECTION('',(-1.,-1.110223024625E-16,0.));
#7977 = ORIENTED_EDGE('',*,*,#7978,.T.);
#7978 = EDGE_CURVE('',#7971,#7979,#7981,.T.);
#7979 = VERTEX_POINT('',#7980);
#7980 = CARTESIAN_POINT('',(1.172050016982,1.2,0.232635182233));
#7981 = CIRCLE('',#7982,0.1);
#7982 = AXIS2_PLACEMENT_3D('',#7983,#7984,#7985);
#7983 = CARTESIAN_POINT('',(1.270530792283,1.2,0.25));
#7984 = DIRECTION('',(-1.110223024625E-16,1.,0.));
#7985 = DIRECTION('',(2.22044604925E-15,2.465190328815E-31,-1.));
#7986 = ORIENTED_EDGE('',*,*,#7987,.T.);
#7987 = EDGE_CURVE('',#7979,#7988,#7990,.T.);
#7988 = VERTEX_POINT('',#7989);
#7989 = CARTESIAN_POINT('',(1.096201938253,1.2,0.693412044417));
#7990 = LINE('',#7991,#7992);
#7991 = CARTESIAN_POINT('',(1.172050016982,1.2,0.232635182233));
#7992 = VECTOR('',#7993,1.);
#7993 = DIRECTION('',(-0.162423314012,-1.803261029519E-17,0.986721169868
    ));
#7994 = ORIENTED_EDGE('',*,*,#7995,.T.);
#7995 = EDGE_CURVE('',#7988,#7212,#7996,.T.);
#7996 = CIRCLE('',#7997,0.25);
#7997 = AXIS2_PLACEMENT_3D('',#7998,#7999,#8000);
#7998 = CARTESIAN_POINT('',(0.85,1.2,0.65));
#7999 = DIRECTION('',(1.110223024625E-16,-1.,0.));
#8000 = DIRECTION('',(0.984807753012,1.093356242223E-16,0.173648177667)
  );
#8001 = ORIENTED_EDGE('',*,*,#7211,.T.);
#8002 = PLANE('',#8003);
#8003 = AXIS2_PLACEMENT_3D('',#8004,#8005,#8006);
#8004 = CARTESIAN_POINT('',(1.069123385139,1.2,0.441695635315));
#8005 = DIRECTION('',(1.110223024625E-16,-1.,0.));
#8006 = DIRECTION('',(0.,0.,1.));
#8007 = ADVANCED_FACE('',(#8008),#8027,.F.);
#8008 = FACE_BOUND('',#8009,.F.);
#8009 = EDGE_LOOP('',(#8010,#8011,#8020,#8026));
#8010 = ORIENTED_EDGE('',*,*,#6725,.T.);
#8011 = ORIENTED_EDGE('',*,*,#8012,.T.);
#8012 = EDGE_CURVE('',#6718,#8013,#8015,.T.);
#8013 = VERTEX_POINT('',#8014);
#8014 = CARTESIAN_POINT('',(0.948480775301,0.7,0.667364817767));
#8015 = CIRCLE('',#8016,0.1);
#8016 = AXIS2_PLACEMENT_3D('',#8017,#8018,#8019);
#8017 = CARTESIAN_POINT('',(0.85,0.7,0.65));
#8018 = DIRECTION('',(-1.110223024625E-16,1.,0.));
#8019 = DIRECTION('',(0.,0.,1.));
#8020 = ORIENTED_EDGE('',*,*,#8021,.F.);
#8021 = EDGE_CURVE('',#7929,#8013,#8022,.T.);
#8022 = LINE('',#8023,#8024);
#8023 = CARTESIAN_POINT('',(0.948480775301,1.2,0.667364817767));
#8024 = VECTOR('',#8025,1.);
#8025 = DIRECTION('',(1.110223024625E-16,-1.,0.));
#8026 = ORIENTED_EDGE('',*,*,#7928,.F.);
#8027 = CYLINDRICAL_SURFACE('',#8028,0.1);
#8028 = AXIS2_PLACEMENT_3D('',#8029,#8030,#8031);
#8029 = CARTESIAN_POINT('',(0.85,1.2,0.65));
#8030 = DIRECTION('',(-1.110223024625E-16,1.,0.));
#8031 = DIRECTION('',(0.,0.,1.));
#8032 = ADVANCED_FACE('',(#8033),#8104,.T.);
#8033 = FACE_BOUND('',#8034,.T.);
#8034 = EDGE_LOOP('',(#8035,#8036,#8037,#8038,#8046,#8055,#8063,#8071,
    #8079,#8088,#8096,#8103));
#8035 = ORIENTED_EDGE('',*,*,#6739,.F.);
#8036 = ORIENTED_EDGE('',*,*,#6717,.T.);
#8037 = ORIENTED_EDGE('',*,*,#8012,.T.);
#8038 = ORIENTED_EDGE('',*,*,#8039,.T.);
#8039 = EDGE_CURVE('',#8013,#8040,#8042,.T.);
#8040 = VERTEX_POINT('',#8041);
#8041 = CARTESIAN_POINT('',(1.02432885403,0.7,0.206587955583));
#8042 = LINE('',#8043,#8044);
#8043 = CARTESIAN_POINT('',(0.948480775301,0.7,0.667364817767));
#8044 = VECTOR('',#8045,1.);
#8045 = DIRECTION('',(0.162423314012,1.803261029519E-17,-0.986721169868)
  );
#8046 = ORIENTED_EDGE('',*,*,#8047,.T.);
#8047 = EDGE_CURVE('',#8040,#8048,#8050,.T.);
#8048 = VERTEX_POINT('',#8049);
#8049 = CARTESIAN_POINT('',(1.270530792283,0.7,0.));
#8050 = CIRCLE('',#8051,0.25);
#8051 = AXIS2_PLACEMENT_3D('',#8052,#8053,#8054);
#8052 = CARTESIAN_POINT('',(1.270530792283,0.7,0.25));
#8053 = DIRECTION('',(1.110223024625E-16,-1.,0.));
#8054 = DIRECTION('',(-0.984807753012,-1.093356242223E-16,
    -0.173648177667));
#8055 = ORIENTED_EDGE('',*,*,#8056,.T.);
#8056 = EDGE_CURVE('',#8048,#8057,#8059,.T.);
#8057 = VERTEX_POINT('',#8058);
#8058 = CARTESIAN_POINT('',(1.4,0.7,0.));
#8059 = LINE('',#8060,#8061);
#8060 = CARTESIAN_POINT('',(1.270530792283,0.7,0.));
#8061 = VECTOR('',#8062,1.);
#8062 = DIRECTION('',(1.,1.110223024625E-16,0.));
#8063 = ORIENTED_EDGE('',*,*,#8064,.T.);
#8064 = EDGE_CURVE('',#8057,#8065,#8067,.T.);
#8065 = VERTEX_POINT('',#8066);
#8066 = CARTESIAN_POINT('',(1.4,0.7,0.15));
#8067 = LINE('',#8068,#8069);
#8068 = CARTESIAN_POINT('',(1.4,0.7,0.));
#8069 = VECTOR('',#8070,1.);
#8070 = DIRECTION('',(0.,0.,1.));
#8071 = ORIENTED_EDGE('',*,*,#8072,.T.);
#8072 = EDGE_CURVE('',#8065,#8073,#8075,.T.);
#8073 = VERTEX_POINT('',#8074);
#8074 = CARTESIAN_POINT('',(1.270530792283,0.7,0.15));
#8075 = LINE('',#8076,#8077);
#8076 = CARTESIAN_POINT('',(1.4,0.7,0.15));
#8077 = VECTOR('',#8078,1.);
#8078 = DIRECTION('',(-1.,-1.110223024625E-16,0.));
#8079 = ORIENTED_EDGE('',*,*,#8080,.T.);
#8080 = EDGE_CURVE('',#8073,#8081,#8083,.T.);
#8081 = VERTEX_POINT('',#8082);
#8082 = CARTESIAN_POINT('',(1.172050016982,0.7,0.232635182233));
#8083 = CIRCLE('',#8084,0.1);
#8084 = AXIS2_PLACEMENT_3D('',#8085,#8086,#8087);
#8085 = CARTESIAN_POINT('',(1.270530792283,0.7,0.25));
#8086 = DIRECTION('',(-1.110223024625E-16,1.,0.));
#8087 = DIRECTION('',(2.22044604925E-15,2.465190328815E-31,-1.));
#8088 = ORIENTED_EDGE('',*,*,#8089,.T.);
#8089 = EDGE_CURVE('',#8081,#8090,#8092,.T.);
#8090 = VERTEX_POINT('',#8091);
#8091 = CARTESIAN_POINT('',(1.096201938253,0.7,0.693412044417));
#8092 = LINE('',#8093,#8094);
#8093 = CARTESIAN_POINT('',(1.172050016982,0.7,0.232635182233));
#8094 = VECTOR('',#8095,1.);
#8095 = DIRECTION('',(-0.162423314012,-1.803261029519E-17,0.986721169868
    ));
#8096 = ORIENTED_EDGE('',*,*,#8097,.T.);
#8097 = EDGE_CURVE('',#8090,#7220,#8098,.T.);
#8098 = CIRCLE('',#8099,0.25);
#8099 = AXIS2_PLACEMENT_3D('',#8100,#8101,#8102);
#8100 = CARTESIAN_POINT('',(0.85,0.7,0.65));
#8101 = DIRECTION('',(1.110223024625E-16,-1.,0.));
#8102 = DIRECTION('',(0.984807753012,1.093356242223E-16,0.173648177667)
  );
#8103 = ORIENTED_EDGE('',*,*,#7227,.T.);
#8104 = PLANE('',#8105);
#8105 = AXIS2_PLACEMENT_3D('',#8106,#8107,#8108);
#8106 = CARTESIAN_POINT('',(1.069123385139,0.7,0.441695635315));
#8107 = DIRECTION('',(1.110223024625E-16,-1.,0.));
#8108 = DIRECTION('',(0.,0.,1.));
#8109 = ADVANCED_FACE('',(#8110),#8121,.F.);
#8110 = FACE_BOUND('',#8111,.F.);
#8111 = EDGE_LOOP('',(#8112,#8113,#8114,#8120));
#8112 = ORIENTED_EDGE('',*,*,#7233,.F.);
#8113 = ORIENTED_EDGE('',*,*,#6756,.T.);
#8114 = ORIENTED_EDGE('',*,*,#8115,.T.);
#8115 = EDGE_CURVE('',#6749,#7150,#8116,.T.);
#8116 = LINE('',#8117,#8118);
#8117 = CARTESIAN_POINT('',(0.85,0.25,0.9));
#8118 = VECTOR('',#8119,1.);
#8119 = DIRECTION('',(-1.,-1.110223024625E-16,0.));
#8120 = ORIENTED_EDGE('',*,*,#7149,.F.);
#8121 = PLANE('',#8122);
#8122 = AXIS2_PLACEMENT_3D('',#8123,#8124,#8125);
#8123 = CARTESIAN_POINT('',(-2.091417030376E-16,1.4375,0.9));
#8124 = DIRECTION('',(4.595758349624E-18,6.551522493592E-27,-1.));
#8125 = DIRECTION('',(1.,1.51922136901E-16,4.595758349624E-18));
#8126 = ADVANCED_FACE('',(#8127),#8213,.F.);
#8127 = FACE_BOUND('',#8128,.F.);
#8128 = EDGE_LOOP('',(#8129,#8130,#8131,#8140,#8148,#8157,#8165,#8173,
    #8181,#8190,#8198,#8207));
#8129 = ORIENTED_EDGE('',*,*,#6748,.F.);
#8130 = ORIENTED_EDGE('',*,*,#6770,.T.);
#8131 = ORIENTED_EDGE('',*,*,#8132,.T.);
#8132 = EDGE_CURVE('',#6771,#8133,#8135,.T.);
#8133 = VERTEX_POINT('',#8134);
#8134 = CARTESIAN_POINT('',(0.948480775301,0.25,0.667364817767));
#8135 = CIRCLE('',#8136,0.1);
#8136 = AXIS2_PLACEMENT_3D('',#8137,#8138,#8139);
#8137 = CARTESIAN_POINT('',(0.85,0.25,0.65));
#8138 = DIRECTION('',(-1.110223024625E-16,1.,0.));
#8139 = DIRECTION('',(0.,0.,1.));
#8140 = ORIENTED_EDGE('',*,*,#8141,.T.);
#8141 = EDGE_CURVE('',#8133,#8142,#8144,.T.);
#8142 = VERTEX_POINT('',#8143);
#8143 = CARTESIAN_POINT('',(1.02432885403,0.25,0.206587955583));
#8144 = LINE('',#8145,#8146);
#8145 = CARTESIAN_POINT('',(0.948480775301,0.25,0.667364817767));
#8146 = VECTOR('',#8147,1.);
#8147 = DIRECTION('',(0.162423314012,1.803261029519E-17,-0.986721169868)
  );
#8148 = ORIENTED_EDGE('',*,*,#8149,.T.);
#8149 = EDGE_CURVE('',#8142,#8150,#8152,.T.);
#8150 = VERTEX_POINT('',#8151);
#8151 = CARTESIAN_POINT('',(1.270530792283,0.25,0.));
#8152 = CIRCLE('',#8153,0.25);
#8153 = AXIS2_PLACEMENT_3D('',#8154,#8155,#8156);
#8154 = CARTESIAN_POINT('',(1.270530792283,0.25,0.25));
#8155 = DIRECTION('',(1.110223024625E-16,-1.,0.));
#8156 = DIRECTION('',(-0.984807753012,-1.093356242223E-16,
    -0.173648177667));
#8157 = ORIENTED_EDGE('',*,*,#8158,.T.);
#8158 = EDGE_CURVE('',#8150,#8159,#8161,.T.);
#8159 = VERTEX_POINT('',#8160);
#8160 = CARTESIAN_POINT('',(1.4,0.25,0.));
#8161 = LINE('',#8162,#8163);
#8162 = CARTESIAN_POINT('',(1.270530792283,0.25,0.));
#8163 = VECTOR('',#8164,1.);
#8164 = DIRECTION('',(1.,1.110223024625E-16,0.));
#8165 = ORIENTED_EDGE('',*,*,#8166,.T.);
#8166 = EDGE_CURVE('',#8159,#8167,#8169,.T.);
#8167 = VERTEX_POINT('',#8168);
#8168 = CARTESIAN_POINT('',(1.4,0.25,0.15));
#8169 = LINE('',#8170,#8171);
#8170 = CARTESIAN_POINT('',(1.4,0.25,0.));
#8171 = VECTOR('',#8172,1.);
#8172 = DIRECTION('',(0.,0.,1.));
#8173 = ORIENTED_EDGE('',*,*,#8174,.T.);
#8174 = EDGE_CURVE('',#8167,#8175,#8177,.T.);
#8175 = VERTEX_POINT('',#8176);
#8176 = CARTESIAN_POINT('',(1.270530792283,0.25,0.15));
#8177 = LINE('',#8178,#8179);
#8178 = CARTESIAN_POINT('',(1.4,0.25,0.15));
#8179 = VECTOR('',#8180,1.);
#8180 = DIRECTION('',(-1.,-1.110223024625E-16,0.));
#8181 = ORIENTED_EDGE('',*,*,#8182,.T.);
#8182 = EDGE_CURVE('',#8175,#8183,#8185,.T.);
#8183 = VERTEX_POINT('',#8184);
#8184 = CARTESIAN_POINT('',(1.172050016982,0.25,0.232635182233));
#8185 = CIRCLE('',#8186,0.1);
#8186 = AXIS2_PLACEMENT_3D('',#8187,#8188,#8189);
#8187 = CARTESIAN_POINT('',(1.270530792283,0.25,0.25));
#8188 = DIRECTION('',(-1.110223024625E-16,1.,0.));
#8189 = DIRECTION('',(2.22044604925E-15,2.465190328815E-31,-1.));
#8190 = ORIENTED_EDGE('',*,*,#8191,.T.);
#8191 = EDGE_CURVE('',#8183,#8192,#8194,.T.);
#8192 = VERTEX_POINT('',#8193);
#8193 = CARTESIAN_POINT('',(1.096201938253,0.25,0.693412044417));
#8194 = LINE('',#8195,#8196);
#8195 = CARTESIAN_POINT('',(1.172050016982,0.25,0.232635182233));
#8196 = VECTOR('',#8197,1.);
#8197 = DIRECTION('',(-0.162423314012,-1.803261029519E-17,0.986721169868
    ));
#8198 = ORIENTED_EDGE('',*,*,#8199,.T.);
#8199 = EDGE_CURVE('',#8192,#8200,#8202,.T.);
#8200 = VERTEX_POINT('',#8201);
#8201 = CARTESIAN_POINT('',(0.85,0.25,0.9));
#8202 = CIRCLE('',#8203,0.25);
#8203 = AXIS2_PLACEMENT_3D('',#8204,#8205,#8206);
#8204 = CARTESIAN_POINT('',(0.85,0.25,0.65));
#8205 = DIRECTION('',(1.110223024625E-16,-1.,0.));
#8206 = DIRECTION('',(0.984807753012,1.093356242223E-16,0.173648177667)
  );
#8207 = ORIENTED_EDGE('',*,*,#8208,.T.);
#8208 = EDGE_CURVE('',#8200,#6749,#8209,.T.);
#8209 = LINE('',#8210,#8211);
#8210 = CARTESIAN_POINT('',(0.85,0.25,0.9));
#8211 = VECTOR('',#8212,1.);
#8212 = DIRECTION('',(-1.,-1.110223024625E-16,0.));
#8213 = PLANE('',#8214);
#8214 = AXIS2_PLACEMENT_3D('',#8215,#8216,#8217);
#8215 = CARTESIAN_POINT('',(1.069123385139,0.25,0.441695635315));
#8216 = DIRECTION('',(1.110223024625E-16,-1.,0.));
#8217 = DIRECTION('',(0.,0.,1.));
#8218 = ADVANCED_FACE('',(#8219),#8238,.F.);
#8219 = FACE_BOUND('',#8220,.F.);
#8220 = EDGE_LOOP('',(#8221,#8222,#8231,#8237));
#8221 = ORIENTED_EDGE('',*,*,#6787,.T.);
#8222 = ORIENTED_EDGE('',*,*,#8223,.T.);
#8223 = EDGE_CURVE('',#6780,#8224,#8226,.T.);
#8224 = VERTEX_POINT('',#8225);
#8225 = CARTESIAN_POINT('',(0.948480775301,-0.25,0.667364817767));
#8226 = CIRCLE('',#8227,0.1);
#8227 = AXIS2_PLACEMENT_3D('',#8228,#8229,#8230);
#8228 = CARTESIAN_POINT('',(0.85,-0.25,0.65));
#8229 = DIRECTION('',(-1.110223024625E-16,1.,0.));
#8230 = DIRECTION('',(0.,0.,1.));
#8231 = ORIENTED_EDGE('',*,*,#8232,.F.);
#8232 = EDGE_CURVE('',#8133,#8224,#8233,.T.);
#8233 = LINE('',#8234,#8235);
#8234 = CARTESIAN_POINT('',(0.948480775301,0.25,0.667364817767));
#8235 = VECTOR('',#8236,1.);
#8236 = DIRECTION('',(1.110223024625E-16,-1.,0.));
#8237 = ORIENTED_EDGE('',*,*,#8132,.F.);
#8238 = CYLINDRICAL_SURFACE('',#8239,0.1);
#8239 = AXIS2_PLACEMENT_3D('',#8240,#8241,#8242);
#8240 = CARTESIAN_POINT('',(0.85,0.25,0.65));
#8241 = DIRECTION('',(-1.110223024625E-16,1.,0.));
#8242 = DIRECTION('',(0.,0.,1.));
#8243 = ADVANCED_FACE('',(#8244),#8322,.T.);
#8244 = FACE_BOUND('',#8245,.T.);
#8245 = EDGE_LOOP('',(#8246,#8247,#8248,#8249,#8257,#8266,#8274,#8282,
    #8290,#8299,#8307,#8316));
#8246 = ORIENTED_EDGE('',*,*,#6801,.F.);
#8247 = ORIENTED_EDGE('',*,*,#6779,.T.);
#8248 = ORIENTED_EDGE('',*,*,#8223,.T.);
#8249 = ORIENTED_EDGE('',*,*,#8250,.T.);
#8250 = EDGE_CURVE('',#8224,#8251,#8253,.T.);
#8251 = VERTEX_POINT('',#8252);
#8252 = CARTESIAN_POINT('',(1.02432885403,-0.25,0.206587955583));
#8253 = LINE('',#8254,#8255);
#8254 = CARTESIAN_POINT('',(0.948480775301,-0.25,0.667364817767));
#8255 = VECTOR('',#8256,1.);
#8256 = DIRECTION('',(0.162423314012,1.803261029519E-17,-0.986721169868)
  );
#8257 = ORIENTED_EDGE('',*,*,#8258,.T.);
#8258 = EDGE_CURVE('',#8251,#8259,#8261,.T.);
#8259 = VERTEX_POINT('',#8260);
#8260 = CARTESIAN_POINT('',(1.270530792283,-0.25,0.));
#8261 = CIRCLE('',#8262,0.25);
#8262 = AXIS2_PLACEMENT_3D('',#8263,#8264,#8265);
#8263 = CARTESIAN_POINT('',(1.270530792283,-0.25,0.25));
#8264 = DIRECTION('',(1.110223024625E-16,-1.,0.));
#8265 = DIRECTION('',(-0.984807753012,-1.093356242223E-16,
    -0.173648177667));
#8266 = ORIENTED_EDGE('',*,*,#8267,.T.);
#8267 = EDGE_CURVE('',#8259,#8268,#8270,.T.);
#8268 = VERTEX_POINT('',#8269);
#8269 = CARTESIAN_POINT('',(1.4,-0.25,0.));
#8270 = LINE('',#8271,#8272);
#8271 = CARTESIAN_POINT('',(1.270530792283,-0.25,0.));
#8272 = VECTOR('',#8273,1.);
#8273 = DIRECTION('',(1.,1.110223024625E-16,0.));
#8274 = ORIENTED_EDGE('',*,*,#8275,.T.);
#8275 = EDGE_CURVE('',#8268,#8276,#8278,.T.);
#8276 = VERTEX_POINT('',#8277);
#8277 = CARTESIAN_POINT('',(1.4,-0.25,0.15));
#8278 = LINE('',#8279,#8280);
#8279 = CARTESIAN_POINT('',(1.4,-0.25,0.));
#8280 = VECTOR('',#8281,1.);
#8281 = DIRECTION('',(0.,0.,1.));
#8282 = ORIENTED_EDGE('',*,*,#8283,.T.);
#8283 = EDGE_CURVE('',#8276,#8284,#8286,.T.);
#8284 = VERTEX_POINT('',#8285);
#8285 = CARTESIAN_POINT('',(1.270530792283,-0.25,0.15));
#8286 = LINE('',#8287,#8288);
#8287 = CARTESIAN_POINT('',(1.4,-0.25,0.15));
#8288 = VECTOR('',#8289,1.);
#8289 = DIRECTION('',(-1.,-1.110223024625E-16,0.));
#8290 = ORIENTED_EDGE('',*,*,#8291,.T.);
#8291 = EDGE_CURVE('',#8284,#8292,#8294,.T.);
#8292 = VERTEX_POINT('',#8293);
#8293 = CARTESIAN_POINT('',(1.172050016982,-0.25,0.232635182233));
#8294 = CIRCLE('',#8295,0.1);
#8295 = AXIS2_PLACEMENT_3D('',#8296,#8297,#8298);
#8296 = CARTESIAN_POINT('',(1.270530792283,-0.25,0.25));
#8297 = DIRECTION('',(-1.110223024625E-16,1.,0.));
#8298 = DIRECTION('',(2.22044604925E-15,2.465190328815E-31,-1.));
#8299 = ORIENTED_EDGE('',*,*,#8300,.T.);
#8300 = EDGE_CURVE('',#8292,#8301,#8303,.T.);
#8301 = VERTEX_POINT('',#8302);
#8302 = CARTESIAN_POINT('',(1.096201938253,-0.25,0.693412044417));
#8303 = LINE('',#8304,#8305);
#8304 = CARTESIAN_POINT('',(1.172050016982,-0.25,0.232635182233));
#8305 = VECTOR('',#8306,1.);
#8306 = DIRECTION('',(-0.162423314012,-1.803261029519E-17,0.986721169868
    ));
#8307 = ORIENTED_EDGE('',*,*,#8308,.T.);
#8308 = EDGE_CURVE('',#8301,#8309,#8311,.T.);
#8309 = VERTEX_POINT('',#8310);
#8310 = CARTESIAN_POINT('',(0.85,-0.25,0.9));
#8311 = CIRCLE('',#8312,0.25);
#8312 = AXIS2_PLACEMENT_3D('',#8313,#8314,#8315);
#8313 = CARTESIAN_POINT('',(0.85,-0.25,0.65));
#8314 = DIRECTION('',(1.110223024625E-16,-1.,0.));
#8315 = DIRECTION('',(0.984807753012,1.093356242223E-16,0.173648177667)
  );
#8316 = ORIENTED_EDGE('',*,*,#8317,.T.);
#8317 = EDGE_CURVE('',#8309,#6802,#8318,.T.);
#8318 = LINE('',#8319,#8320);
#8319 = CARTESIAN_POINT('',(0.85,-0.25,0.9));
#8320 = VECTOR('',#8321,1.);
#8321 = DIRECTION('',(-1.,-1.110223024625E-16,0.));
#8322 = PLANE('',#8323);
#8323 = AXIS2_PLACEMENT_3D('',#8324,#8325,#8326);
#8324 = CARTESIAN_POINT('',(1.069123385139,-0.25,0.441695635315));
#8325 = DIRECTION('',(1.110223024625E-16,-1.,0.));
#8326 = DIRECTION('',(0.,0.,1.));
#8327 = ADVANCED_FACE('',(#8328),#8344,.F.);
#8328 = FACE_BOUND('',#8329,.F.);
#8329 = EDGE_LOOP('',(#8330,#8336,#8337,#8343));
#8330 = ORIENTED_EDGE('',*,*,#8331,.F.);
#8331 = EDGE_CURVE('',#6802,#7158,#8332,.T.);
#8332 = LINE('',#8333,#8334);
#8333 = CARTESIAN_POINT('',(0.85,-0.25,0.9));
#8334 = VECTOR('',#8335,1.);
#8335 = DIRECTION('',(-1.,-1.110223024625E-16,0.));
#8336 = ORIENTED_EDGE('',*,*,#6818,.T.);
#8337 = ORIENTED_EDGE('',*,*,#8338,.T.);
#8338 = EDGE_CURVE('',#6811,#7166,#8339,.T.);
#8339 = LINE('',#8340,#8341);
#8340 = CARTESIAN_POINT('',(0.85,-0.7,0.9));
#8341 = VECTOR('',#8342,1.);
#8342 = DIRECTION('',(-1.,-1.110223024625E-16,0.));
#8343 = ORIENTED_EDGE('',*,*,#7165,.F.);
#8344 = PLANE('',#8345);
#8345 = AXIS2_PLACEMENT_3D('',#8346,#8347,#8348);
#8346 = CARTESIAN_POINT('',(-2.091417030376E-16,1.4375,0.9));
#8347 = DIRECTION('',(4.595758349624E-18,6.551522493592E-27,-1.));
#8348 = DIRECTION('',(1.,1.51922136901E-16,4.595758349624E-18));
#8349 = ADVANCED_FACE('',(#8350),#8436,.F.);
#8350 = FACE_BOUND('',#8351,.F.);
#8351 = EDGE_LOOP('',(#8352,#8353,#8354,#8363,#8371,#8380,#8388,#8396,
    #8404,#8413,#8421,#8430));
#8352 = ORIENTED_EDGE('',*,*,#6810,.F.);
#8353 = ORIENTED_EDGE('',*,*,#6832,.T.);
#8354 = ORIENTED_EDGE('',*,*,#8355,.T.);
#8355 = EDGE_CURVE('',#6833,#8356,#8358,.T.);
#8356 = VERTEX_POINT('',#8357);
#8357 = CARTESIAN_POINT('',(0.948480775301,-0.7,0.667364817767));
#8358 = CIRCLE('',#8359,0.1);
#8359 = AXIS2_PLACEMENT_3D('',#8360,#8361,#8362);
#8360 = CARTESIAN_POINT('',(0.85,-0.7,0.65));
#8361 = DIRECTION('',(-1.110223024625E-16,1.,0.));
#8362 = DIRECTION('',(0.,0.,1.));
#8363 = ORIENTED_EDGE('',*,*,#8364,.T.);
#8364 = EDGE_CURVE('',#8356,#8365,#8367,.T.);
#8365 = VERTEX_POINT('',#8366);
#8366 = CARTESIAN_POINT('',(1.02432885403,-0.7,0.206587955583));
#8367 = LINE('',#8368,#8369);
#8368 = CARTESIAN_POINT('',(0.948480775301,-0.7,0.667364817767));
#8369 = VECTOR('',#8370,1.);
#8370 = DIRECTION('',(0.162423314012,1.803261029519E-17,-0.986721169868)
  );
#8371 = ORIENTED_EDGE('',*,*,#8372,.T.);
#8372 = EDGE_CURVE('',#8365,#8373,#8375,.T.);
#8373 = VERTEX_POINT('',#8374);
#8374 = CARTESIAN_POINT('',(1.270530792283,-0.7,0.));
#8375 = CIRCLE('',#8376,0.25);
#8376 = AXIS2_PLACEMENT_3D('',#8377,#8378,#8379);
#8377 = CARTESIAN_POINT('',(1.270530792283,-0.7,0.25));
#8378 = DIRECTION('',(1.110223024625E-16,-1.,0.));
#8379 = DIRECTION('',(-0.984807753012,-1.093356242223E-16,
    -0.173648177667));
#8380 = ORIENTED_EDGE('',*,*,#8381,.T.);
#8381 = EDGE_CURVE('',#8373,#8382,#8384,.T.);
#8382 = VERTEX_POINT('',#8383);
#8383 = CARTESIAN_POINT('',(1.4,-0.7,0.));
#8384 = LINE('',#8385,#8386);
#8385 = CARTESIAN_POINT('',(1.270530792283,-0.7,0.));
#8386 = VECTOR('',#8387,1.);
#8387 = DIRECTION('',(1.,1.110223024625E-16,0.));
#8388 = ORIENTED_EDGE('',*,*,#8389,.T.);
#8389 = EDGE_CURVE('',#8382,#8390,#8392,.T.);
#8390 = VERTEX_POINT('',#8391);
#8391 = CARTESIAN_POINT('',(1.4,-0.7,0.15));
#8392 = LINE('',#8393,#8394);
#8393 = CARTESIAN_POINT('',(1.4,-0.7,0.));
#8394 = VECTOR('',#8395,1.);
#8395 = DIRECTION('',(0.,0.,1.));
#8396 = ORIENTED_EDGE('',*,*,#8397,.T.);
#8397 = EDGE_CURVE('',#8390,#8398,#8400,.T.);
#8398 = VERTEX_POINT('',#8399);
#8399 = CARTESIAN_POINT('',(1.270530792283,-0.7,0.15));
#8400 = LINE('',#8401,#8402);
#8401 = CARTESIAN_POINT('',(1.4,-0.7,0.15));
#8402 = VECTOR('',#8403,1.);
#8403 = DIRECTION('',(-1.,-1.110223024625E-16,0.));
#8404 = ORIENTED_EDGE('',*,*,#8405,.T.);
#8405 = EDGE_CURVE('',#8398,#8406,#8408,.T.);
#8406 = VERTEX_POINT('',#8407);
#8407 = CARTESIAN_POINT('',(1.172050016982,-0.7,0.232635182233));
#8408 = CIRCLE('',#8409,0.1);
#8409 = AXIS2_PLACEMENT_3D('',#8410,#8411,#8412);
#8410 = CARTESIAN_POINT('',(1.270530792283,-0.7,0.25));
#8411 = DIRECTION('',(-1.110223024625E-16,1.,0.));
#8412 = DIRECTION('',(2.22044604925E-15,2.465190328815E-31,-1.));
#8413 = ORIENTED_EDGE('',*,*,#8414,.T.);
#8414 = EDGE_CURVE('',#8406,#8415,#8417,.T.);
#8415 = VERTEX_POINT('',#8416);
#8416 = CARTESIAN_POINT('',(1.096201938253,-0.7,0.693412044417));
#8417 = LINE('',#8418,#8419);
#8418 = CARTESIAN_POINT('',(1.172050016982,-0.7,0.232635182233));
#8419 = VECTOR('',#8420,1.);
#8420 = DIRECTION('',(-0.162423314012,-1.803261029519E-17,0.986721169868
    ));
#8421 = ORIENTED_EDGE('',*,*,#8422,.T.);
#8422 = EDGE_CURVE('',#8415,#8423,#8425,.T.);
#8423 = VERTEX_POINT('',#8424);
#8424 = CARTESIAN_POINT('',(0.85,-0.7,0.9));
#8425 = CIRCLE('',#8426,0.25);
#8426 = AXIS2_PLACEMENT_3D('',#8427,#8428,#8429);
#8427 = CARTESIAN_POINT('',(0.85,-0.7,0.65));
#8428 = DIRECTION('',(1.110223024625E-16,-1.,0.));
#8429 = DIRECTION('',(0.984807753012,1.093356242223E-16,0.173648177667)
  );
#8430 = ORIENTED_EDGE('',*,*,#8431,.T.);
#8431 = EDGE_CURVE('',#8423,#6811,#8432,.T.);
#8432 = LINE('',#8433,#8434);
#8433 = CARTESIAN_POINT('',(0.85,-0.7,0.9));
#8434 = VECTOR('',#8435,1.);
#8435 = DIRECTION('',(-1.,-1.110223024625E-16,0.));
#8436 = PLANE('',#8437);
#8437 = AXIS2_PLACEMENT_3D('',#8438,#8439,#8440);
#8438 = CARTESIAN_POINT('',(1.069123385139,-0.7,0.441695635315));
#8439 = DIRECTION('',(1.110223024625E-16,-1.,0.));
#8440 = DIRECTION('',(0.,0.,1.));
#8441 = ADVANCED_FACE('',(#8442),#8461,.F.);
#8442 = FACE_BOUND('',#8443,.F.);
#8443 = EDGE_LOOP('',(#8444,#8445,#8454,#8460));
#8444 = ORIENTED_EDGE('',*,*,#6849,.T.);
#8445 = ORIENTED_EDGE('',*,*,#8446,.T.);
#8446 = EDGE_CURVE('',#6842,#8447,#8449,.T.);
#8447 = VERTEX_POINT('',#8448);
#8448 = CARTESIAN_POINT('',(0.948480775301,-1.2,0.667364817767));
#8449 = CIRCLE('',#8450,0.1);
#8450 = AXIS2_PLACEMENT_3D('',#8451,#8452,#8453);
#8451 = CARTESIAN_POINT('',(0.85,-1.2,0.65));
#8452 = DIRECTION('',(-1.110223024625E-16,1.,0.));
#8453 = DIRECTION('',(0.,0.,1.));
#8454 = ORIENTED_EDGE('',*,*,#8455,.F.);
#8455 = EDGE_CURVE('',#8356,#8447,#8456,.T.);
#8456 = LINE('',#8457,#8458);
#8457 = CARTESIAN_POINT('',(0.948480775301,-0.7,0.667364817767));
#8458 = VECTOR('',#8459,1.);
#8459 = DIRECTION('',(1.110223024625E-16,-1.,0.));
#8460 = ORIENTED_EDGE('',*,*,#8355,.F.);
#8461 = CYLINDRICAL_SURFACE('',#8462,0.1);
#8462 = AXIS2_PLACEMENT_3D('',#8463,#8464,#8465);
#8463 = CARTESIAN_POINT('',(0.85,-0.7,0.65));
#8464 = DIRECTION('',(-1.110223024625E-16,1.,0.));
#8465 = DIRECTION('',(0.,0.,1.));
#8466 = ADVANCED_FACE('',(#8467),#8545,.T.);
#8467 = FACE_BOUND('',#8468,.T.);
#8468 = EDGE_LOOP('',(#8469,#8470,#8471,#8472,#8480,#8489,#8497,#8505,
    #8513,#8522,#8530,#8539));
#8469 = ORIENTED_EDGE('',*,*,#6863,.F.);
#8470 = ORIENTED_EDGE('',*,*,#6841,.T.);
#8471 = ORIENTED_EDGE('',*,*,#8446,.T.);
#8472 = ORIENTED_EDGE('',*,*,#8473,.T.);
#8473 = EDGE_CURVE('',#8447,#8474,#8476,.T.);
#8474 = VERTEX_POINT('',#8475);
#8475 = CARTESIAN_POINT('',(1.02432885403,-1.2,0.206587955583));
#8476 = LINE('',#8477,#8478);
#8477 = CARTESIAN_POINT('',(0.948480775301,-1.2,0.667364817767));
#8478 = VECTOR('',#8479,1.);
#8479 = DIRECTION('',(0.162423314012,1.803261029519E-17,-0.986721169868)
  );
#8480 = ORIENTED_EDGE('',*,*,#8481,.T.);
#8481 = EDGE_CURVE('',#8474,#8482,#8484,.T.);
#8482 = VERTEX_POINT('',#8483);
#8483 = CARTESIAN_POINT('',(1.270530792283,-1.2,0.));
#8484 = CIRCLE('',#8485,0.25);
#8485 = AXIS2_PLACEMENT_3D('',#8486,#8487,#8488);
#8486 = CARTESIAN_POINT('',(1.270530792283,-1.2,0.25));
#8487 = DIRECTION('',(1.110223024625E-16,-1.,0.));
#8488 = DIRECTION('',(-0.984807753012,-1.093356242223E-16,
    -0.173648177667));
#8489 = ORIENTED_EDGE('',*,*,#8490,.T.);
#8490 = EDGE_CURVE('',#8482,#8491,#8493,.T.);
#8491 = VERTEX_POINT('',#8492);
#8492 = CARTESIAN_POINT('',(1.4,-1.2,0.));
#8493 = LINE('',#8494,#8495);
#8494 = CARTESIAN_POINT('',(1.270530792283,-1.2,0.));
#8495 = VECTOR('',#8496,1.);
#8496 = DIRECTION('',(1.,1.110223024625E-16,0.));
#8497 = ORIENTED_EDGE('',*,*,#8498,.T.);
#8498 = EDGE_CURVE('',#8491,#8499,#8501,.T.);
#8499 = VERTEX_POINT('',#8500);
#8500 = CARTESIAN_POINT('',(1.4,-1.2,0.15));
#8501 = LINE('',#8502,#8503);
#8502 = CARTESIAN_POINT('',(1.4,-1.2,0.));
#8503 = VECTOR('',#8504,1.);
#8504 = DIRECTION('',(0.,0.,1.));
#8505 = ORIENTED_EDGE('',*,*,#8506,.T.);
#8506 = EDGE_CURVE('',#8499,#8507,#8509,.T.);
#8507 = VERTEX_POINT('',#8508);
#8508 = CARTESIAN_POINT('',(1.270530792283,-1.2,0.15));
#8509 = LINE('',#8510,#8511);
#8510 = CARTESIAN_POINT('',(1.4,-1.2,0.15));
#8511 = VECTOR('',#8512,1.);
#8512 = DIRECTION('',(-1.,-1.110223024625E-16,0.));
#8513 = ORIENTED_EDGE('',*,*,#8514,.T.);
#8514 = EDGE_CURVE('',#8507,#8515,#8517,.T.);
#8515 = VERTEX_POINT('',#8516);
#8516 = CARTESIAN_POINT('',(1.172050016982,-1.2,0.232635182233));
#8517 = CIRCLE('',#8518,0.1);
#8518 = AXIS2_PLACEMENT_3D('',#8519,#8520,#8521);
#8519 = CARTESIAN_POINT('',(1.270530792283,-1.2,0.25));
#8520 = DIRECTION('',(-1.110223024625E-16,1.,0.));
#8521 = DIRECTION('',(2.22044604925E-15,2.465190328815E-31,-1.));
#8522 = ORIENTED_EDGE('',*,*,#8523,.T.);
#8523 = EDGE_CURVE('',#8515,#8524,#8526,.T.);
#8524 = VERTEX_POINT('',#8525);
#8525 = CARTESIAN_POINT('',(1.096201938253,-1.2,0.693412044417));
#8526 = LINE('',#8527,#8528);
#8527 = CARTESIAN_POINT('',(1.172050016982,-1.2,0.232635182233));
#8528 = VECTOR('',#8529,1.);
#8529 = DIRECTION('',(-0.162423314012,-1.803261029519E-17,0.986721169868
    ));
#8530 = ORIENTED_EDGE('',*,*,#8531,.T.);
#8531 = EDGE_CURVE('',#8524,#8532,#8534,.T.);
#8532 = VERTEX_POINT('',#8533);
#8533 = CARTESIAN_POINT('',(0.85,-1.2,0.9));
#8534 = CIRCLE('',#8535,0.25);
#8535 = AXIS2_PLACEMENT_3D('',#8536,#8537,#8538);
#8536 = CARTESIAN_POINT('',(0.85,-1.2,0.65));
#8537 = DIRECTION('',(1.110223024625E-16,-1.,0.));
#8538 = DIRECTION('',(0.984807753012,1.093356242223E-16,0.173648177667)
  );
#8539 = ORIENTED_EDGE('',*,*,#8540,.T.);
#8540 = EDGE_CURVE('',#8532,#6864,#8541,.T.);
#8541 = LINE('',#8542,#8543);
#8542 = CARTESIAN_POINT('',(0.85,-1.2,0.9));
#8543 = VECTOR('',#8544,1.);
#8544 = DIRECTION('',(-1.,-1.110223024625E-16,0.));
#8545 = PLANE('',#8546);
#8546 = AXIS2_PLACEMENT_3D('',#8547,#8548,#8549);
#8547 = CARTESIAN_POINT('',(1.069123385139,-1.2,0.441695635315));
#8548 = DIRECTION('',(1.110223024625E-16,-1.,0.));
#8549 = DIRECTION('',(0.,0.,1.));
#8550 = ADVANCED_FACE('',(#8551),#8562,.T.);
#8551 = FACE_BOUND('',#8552,.T.);
#8552 = EDGE_LOOP('',(#8553,#8554,#8555,#8556));
#8553 = ORIENTED_EDGE('',*,*,#7808,.T.);
#8554 = ORIENTED_EDGE('',*,*,#6964,.T.);
#8555 = ORIENTED_EDGE('',*,*,#7910,.F.);
#8556 = ORIENTED_EDGE('',*,*,#8557,.F.);
#8557 = EDGE_CURVE('',#7801,#7903,#8558,.T.);
#8558 = LINE('',#8559,#8560);
#8559 = CARTESIAN_POINT('',(-1.096201938253,0.7,0.693412044417));
#8560 = VECTOR('',#8561,1.);
#8561 = DIRECTION('',(1.144237745222E-17,1.,0.));
#8562 = CYLINDRICAL_SURFACE('',#8563,0.25);
#8563 = AXIS2_PLACEMENT_3D('',#8564,#8565,#8566);
#8564 = CARTESIAN_POINT('',(-0.85,0.7,0.65));
#8565 = DIRECTION('',(-1.144237745222E-17,-1.,0.));
#8566 = DIRECTION('',(-0.984807753012,1.126854202784E-17,0.173648177667)
  );
#8567 = ADVANCED_FACE('',(#8568),#8581,.F.);
#8568 = FACE_BOUND('',#8569,.F.);
#8569 = EDGE_LOOP('',(#8570,#8571,#8577,#8578,#8579,#8580));
#8570 = ORIENTED_EDGE('',*,*,#7376,.F.);
#8571 = ORIENTED_EDGE('',*,*,#8572,.T.);
#8572 = EDGE_CURVE('',#7368,#7477,#8573,.T.);
#8573 = LINE('',#8574,#8575);
#8574 = CARTESIAN_POINT('',(-0.85,-1.2,0.9));
#8575 = VECTOR('',#8576,1.);
#8576 = DIRECTION('',(1.144237745222E-17,1.,0.));
#8577 = ORIENTED_EDGE('',*,*,#7485,.T.);
#8578 = ORIENTED_EDGE('',*,*,#7507,.T.);
#8579 = ORIENTED_EDGE('',*,*,#7011,.F.);
#8580 = ORIENTED_EDGE('',*,*,#7250,.F.);
#8581 = PLANE('',#8582);
#8582 = AXIS2_PLACEMENT_3D('',#8583,#8584,#8585);
#8583 = CARTESIAN_POINT('',(-0.85,-1.2,0.9));
#8584 = DIRECTION('',(0.,0.,-1.));
#8585 = DIRECTION('',(1.,-1.144237745222E-17,0.));
#8586 = ADVANCED_FACE('',(#8587),#8600,.F.);
#8587 = FACE_BOUND('',#8588,.F.);
#8588 = EDGE_LOOP('',(#8589,#8590,#8596,#8597,#8598,#8599));
#8589 = ORIENTED_EDGE('',*,*,#7599,.F.);
#8590 = ORIENTED_EDGE('',*,*,#8591,.T.);
#8591 = EDGE_CURVE('',#7591,#7700,#8592,.T.);
#8592 = LINE('',#8593,#8594);
#8593 = CARTESIAN_POINT('',(-0.85,-0.25,0.9));
#8594 = VECTOR('',#8595,1.);
#8595 = DIRECTION('',(1.144237745222E-17,1.,0.));
#8596 = ORIENTED_EDGE('',*,*,#7708,.T.);
#8597 = ORIENTED_EDGE('',*,*,#7725,.T.);
#8598 = ORIENTED_EDGE('',*,*,#7027,.F.);
#8599 = ORIENTED_EDGE('',*,*,#7500,.F.);
#8600 = PLANE('',#8601);
#8601 = AXIS2_PLACEMENT_3D('',#8602,#8603,#8604);
#8602 = CARTESIAN_POINT('',(-0.85,-0.25,0.9));
#8603 = DIRECTION('',(0.,0.,-1.));
#8604 = DIRECTION('',(1.,-1.144237745222E-17,0.));
#8605 = ADVANCED_FACE('',(#8606,#8635),#8646,.T.);
#8606 = FACE_BOUND('',#8607,.T.);
#8607 = EDGE_LOOP('',(#8608,#8609,#8610,#8611,#8619,#8627,#8633,#8634));
#8608 = ORIENTED_EDGE('',*,*,#7102,.F.);
#8609 = ORIENTED_EDGE('',*,*,#7079,.F.);
#8610 = ORIENTED_EDGE('',*,*,#7050,.F.);
#8611 = ORIENTED_EDGE('',*,*,#8612,.F.);
#8612 = EDGE_CURVE('',#8613,#7051,#8615,.T.);
#8613 = VERTEX_POINT('',#8614);
#8614 = CARTESIAN_POINT('',(-0.646824228722,-1.333648457443,1.55));
#8615 = LINE('',#8616,#8617);
#8616 = CARTESIAN_POINT('',(-0.646824228722,-1.333648457443,1.55));
#8617 = VECTOR('',#8618,1.);
#8618 = DIRECTION('',(-0.707106781187,0.707106781187,0.));
#8619 = ORIENTED_EDGE('',*,*,#8620,.F.);
#8620 = EDGE_CURVE('',#8621,#8613,#8623,.T.);
#8621 = VERTEX_POINT('',#8622);
#8622 = CARTESIAN_POINT('',(0.646824228722,-1.333648457443,1.55));
#8623 = LINE('',#8624,#8625);
#8624 = CARTESIAN_POINT('',(0.646824228722,-1.333648457443,1.55));
#8625 = VECTOR('',#8626,1.);
#8626 = DIRECTION('',(-1.,-1.110223024625E-16,0.));
#8627 = ORIENTED_EDGE('',*,*,#8628,.F.);
#8628 = EDGE_CURVE('',#7190,#8621,#8629,.T.);
#8629 = LINE('',#8630,#8631);
#8630 = CARTESIAN_POINT('',(0.683648457443,-1.296824228722,1.55));
#8631 = VECTOR('',#8632,1.);
#8632 = DIRECTION('',(-0.707106781187,-0.707106781187,0.));
#8633 = ORIENTED_EDGE('',*,*,#7196,.F.);
#8634 = ORIENTED_EDGE('',*,*,#7125,.F.);
#8635 = FACE_BOUND('',#8636,.T.);
#8636 = EDGE_LOOP('',(#8637));
#8637 = ORIENTED_EDGE('',*,*,#8638,.T.);
#8638 = EDGE_CURVE('',#8639,#8639,#8641,.T.);
#8639 = VERTEX_POINT('',#8640);
#8640 = CARTESIAN_POINT('',(-0.333648457443,0.858648457443,1.55));
#8641 = CIRCLE('',#8642,0.125);
#8642 = AXIS2_PLACEMENT_3D('',#8643,#8644,#8645);
#8643 = CARTESIAN_POINT('',(-0.333648457443,0.983648457443,1.55));
#8644 = DIRECTION('',(0.,-0.,-1.));
#8645 = DIRECTION('',(1.110223024625E-16,-1.,0.));
#8646 = PLANE('',#8647);
#8647 = AXIS2_PLACEMENT_3D('',#8648,#8649,#8650);
#8648 = CARTESIAN_POINT('',(-0.646824228722,1.333648457443,1.55));
#8649 = DIRECTION('',(0.,0.,1.));
#8650 = DIRECTION('',(0.436386464522,-0.899759330922,0.));
#8651 = ADVANCED_FACE('',(#8652),#8662,.F.);
#8652 = FACE_BOUND('',#8653,.F.);
#8653 = EDGE_LOOP('',(#8654,#8655,#8656,#8657));
#8654 = ORIENTED_EDGE('',*,*,#7257,.T.);
#8655 = ORIENTED_EDGE('',*,*,#7058,.T.);
#8656 = ORIENTED_EDGE('',*,*,#8612,.F.);
#8657 = ORIENTED_EDGE('',*,*,#8658,.F.);
#8658 = EDGE_CURVE('',#7258,#8613,#8659,.T.);
#8659 = B_SPLINE_CURVE_WITH_KNOTS('',1,(#8660,#8661),.UNSPECIFIED.,.F.,
  .F.,(2,2),(0.,1.),.PIECEWISE_BEZIER_KNOTS.);
#8660 = CARTESIAN_POINT('',(-0.6925,-1.425,0.9));
#8661 = CARTESIAN_POINT('',(-0.646824228722,-1.333648457443,1.55));
#8662 = B_SPLINE_SURFACE_WITH_KNOTS('',1,1,(
    (#8663,#8664)
    ,(#8665,#8666
    )),.UNSPECIFIED.,.F.,.F.,.F.,(2,2),(2,2),(0.,0.116672618896),(0.,1.)
  ,.PIECEWISE_BEZIER_KNOTS.);
#8663 = CARTESIAN_POINT('',(-0.6925,-1.425,0.9));
#8664 = CARTESIAN_POINT('',(-0.646824228722,-1.333648457443,1.55));
#8665 = CARTESIAN_POINT('',(-0.775,-1.3425,0.9));
#8666 = CARTESIAN_POINT('',(-0.683648457443,-1.296824228722,1.55));
#8667 = ADVANCED_FACE('',(#8668),#8681,.F.);
#8668 = FACE_BOUND('',#8669,.F.);
#8669 = EDGE_LOOP('',(#8670,#8671,#8677,#8678,#8679,#8680));
#8670 = ORIENTED_EDGE('',*,*,#8208,.F.);
#8671 = ORIENTED_EDGE('',*,*,#8672,.T.);
#8672 = EDGE_CURVE('',#8200,#8309,#8673,.T.);
#8673 = LINE('',#8674,#8675);
#8674 = CARTESIAN_POINT('',(0.85,0.25,0.9));
#8675 = VECTOR('',#8676,1.);
#8676 = DIRECTION('',(1.110223024625E-16,-1.,0.));
#8677 = ORIENTED_EDGE('',*,*,#8317,.T.);
#8678 = ORIENTED_EDGE('',*,*,#8331,.T.);
#8679 = ORIENTED_EDGE('',*,*,#7157,.F.);
#8680 = ORIENTED_EDGE('',*,*,#8115,.F.);
#8681 = PLANE('',#8682);
#8682 = AXIS2_PLACEMENT_3D('',#8683,#8684,#8685);
#8683 = CARTESIAN_POINT('',(0.85,0.25,0.9));
#8684 = DIRECTION('',(0.,0.,-1.));
#8685 = DIRECTION('',(-1.,-1.110223024625E-16,-0.));
#8686 = ADVANCED_FACE('',(#8687),#8700,.F.);
#8687 = FACE_BOUND('',#8688,.F.);
#8688 = EDGE_LOOP('',(#8689,#8690,#8696,#8697,#8698,#8699));
#8689 = ORIENTED_EDGE('',*,*,#8431,.F.);
#8690 = ORIENTED_EDGE('',*,*,#8691,.T.);
#8691 = EDGE_CURVE('',#8423,#8532,#8692,.T.);
#8692 = LINE('',#8693,#8694);
#8693 = CARTESIAN_POINT('',(0.85,-0.7,0.9));
#8694 = VECTOR('',#8695,1.);
#8695 = DIRECTION('',(1.110223024625E-16,-1.,0.));
#8696 = ORIENTED_EDGE('',*,*,#8540,.T.);
#8697 = ORIENTED_EDGE('',*,*,#7280,.T.);
#8698 = ORIENTED_EDGE('',*,*,#7173,.F.);
#8699 = ORIENTED_EDGE('',*,*,#8338,.F.);
#8700 = PLANE('',#8701);
#8701 = AXIS2_PLACEMENT_3D('',#8702,#8703,#8704);
#8702 = CARTESIAN_POINT('',(0.85,-0.7,0.9));
#8703 = DIRECTION('',(0.,0.,-1.));
#8704 = DIRECTION('',(-1.,-1.110223024625E-16,-0.));
#8705 = ADVANCED_FACE('',(#8706),#8716,.F.);
#8706 = FACE_BOUND('',#8707,.F.);
#8707 = EDGE_LOOP('',(#8708,#8709,#8714,#8715));
#8708 = ORIENTED_EDGE('',*,*,#7273,.T.);
#8709 = ORIENTED_EDGE('',*,*,#8710,.T.);
#8710 = EDGE_CURVE('',#7266,#8621,#8711,.T.);
#8711 = B_SPLINE_CURVE_WITH_KNOTS('',1,(#8712,#8713),.UNSPECIFIED.,.F.,
  .F.,(2,2),(0.,1.),.PIECEWISE_BEZIER_KNOTS.);
#8712 = CARTESIAN_POINT('',(0.6925,-1.425,0.9));
#8713 = CARTESIAN_POINT('',(0.646824228722,-1.333648457443,1.55));
#8714 = ORIENTED_EDGE('',*,*,#8628,.F.);
#8715 = ORIENTED_EDGE('',*,*,#7189,.F.);
#8716 = B_SPLINE_SURFACE_WITH_KNOTS('',1,1,(
    (#8717,#8718)
    ,(#8719,#8720
    )),.UNSPECIFIED.,.F.,.F.,.F.,(2,2),(2,2),(0.,0.116672618896),(0.,1.)
  ,.PIECEWISE_BEZIER_KNOTS.);
#8717 = CARTESIAN_POINT('',(0.775,-1.3425,0.9));
#8718 = CARTESIAN_POINT('',(0.683648457443,-1.296824228722,1.55));
#8719 = CARTESIAN_POINT('',(0.6925,-1.425,0.9));
#8720 = CARTESIAN_POINT('',(0.646824228722,-1.333648457443,1.55));
#8721 = ADVANCED_FACE('',(#8722),#8733,.T.);
#8722 = FACE_BOUND('',#8723,.T.);
#8723 = EDGE_LOOP('',(#8724,#8725,#8726,#8727));
#8724 = ORIENTED_EDGE('',*,*,#7995,.T.);
#8725 = ORIENTED_EDGE('',*,*,#7219,.T.);
#8726 = ORIENTED_EDGE('',*,*,#8097,.F.);
#8727 = ORIENTED_EDGE('',*,*,#8728,.F.);
#8728 = EDGE_CURVE('',#7988,#8090,#8729,.T.);
#8729 = LINE('',#8730,#8731);
#8730 = CARTESIAN_POINT('',(1.096201938253,1.2,0.693412044417));
#8731 = VECTOR('',#8732,1.);
#8732 = DIRECTION('',(1.110223024625E-16,-1.,0.));
#8733 = CYLINDRICAL_SURFACE('',#8734,0.25);
#8734 = AXIS2_PLACEMENT_3D('',#8735,#8736,#8737);
#8735 = CARTESIAN_POINT('',(0.85,1.2,0.65));
#8736 = DIRECTION('',(-1.110223024625E-16,1.,0.));
#8737 = DIRECTION('',(0.984807753012,1.093356242223E-16,0.173648177667)
  );
#8738 = ADVANCED_FACE('',(#8739),#8745,.F.);
#8739 = FACE_BOUND('',#8740,.F.);
#8740 = EDGE_LOOP('',(#8741,#8742,#8743,#8744));
#8741 = ORIENTED_EDGE('',*,*,#7265,.T.);
#8742 = ORIENTED_EDGE('',*,*,#8658,.T.);
#8743 = ORIENTED_EDGE('',*,*,#8620,.F.);
#8744 = ORIENTED_EDGE('',*,*,#8710,.F.);
#8745 = B_SPLINE_SURFACE_WITH_KNOTS('',1,1,(
    (#8746,#8747)
    ,(#8748,#8749
    )),.UNSPECIFIED.,.F.,.F.,.F.,(2,2),(2,2),(0.,1.385),(0.,1.),
  .PIECEWISE_BEZIER_KNOTS.);
#8746 = CARTESIAN_POINT('',(0.6925,-1.425,0.9));
#8747 = CARTESIAN_POINT('',(0.646824228722,-1.333648457443,1.55));
#8748 = CARTESIAN_POINT('',(-0.6925,-1.425,0.9));
#8749 = CARTESIAN_POINT('',(-0.646824228722,-1.333648457443,1.55));
#8750 = ADVANCED_FACE('',(#8751),#8762,.T.);
#8751 = FACE_BOUND('',#8752,.T.);
#8752 = EDGE_LOOP('',(#8753,#8754,#8755,#8756));
#8753 = ORIENTED_EDGE('',*,*,#7367,.T.);
#8754 = ORIENTED_EDGE('',*,*,#8572,.T.);
#8755 = ORIENTED_EDGE('',*,*,#7476,.F.);
#8756 = ORIENTED_EDGE('',*,*,#8757,.F.);
#8757 = EDGE_CURVE('',#7360,#7469,#8758,.T.);
#8758 = LINE('',#8759,#8760);
#8759 = CARTESIAN_POINT('',(-1.096201938253,-1.2,0.693412044417));
#8760 = VECTOR('',#8761,1.);
#8761 = DIRECTION('',(1.144237745222E-17,1.,0.));
#8762 = CYLINDRICAL_SURFACE('',#8763,0.25);
#8763 = AXIS2_PLACEMENT_3D('',#8764,#8765,#8766);
#8764 = CARTESIAN_POINT('',(-0.85,-1.2,0.65));
#8765 = DIRECTION('',(-1.144237745222E-17,-1.,0.));
#8766 = DIRECTION('',(-0.984807753012,1.126854202784E-17,0.173648177667)
  );
#8767 = ADVANCED_FACE('',(#8768),#8779,.F.);
#8768 = FACE_BOUND('',#8769,.F.);
#8769 = EDGE_LOOP('',(#8770,#8776,#8777,#8778));
#8770 = ORIENTED_EDGE('',*,*,#8771,.T.);
#8771 = EDGE_CURVE('',#7351,#7460,#8772,.T.);
#8772 = LINE('',#8773,#8774);
#8773 = CARTESIAN_POINT('',(-1.172050016982,-1.2,0.232635182233));
#8774 = VECTOR('',#8775,1.);
#8775 = DIRECTION('',(1.144237745222E-17,1.,0.));
#8776 = ORIENTED_EDGE('',*,*,#7468,.T.);
#8777 = ORIENTED_EDGE('',*,*,#8757,.F.);
#8778 = ORIENTED_EDGE('',*,*,#7359,.F.);
#8779 = PLANE('',#8780);
#8780 = AXIS2_PLACEMENT_3D('',#8781,#8782,#8783);
#8781 = CARTESIAN_POINT('',(-1.172050016982,-1.2,0.232635182233));
#8782 = DIRECTION('',(0.986721169868,-1.129043606572E-17,-0.162423314012
    ));
#8783 = DIRECTION('',(0.162423314012,-1.858508865964E-18,0.986721169868)
  );
#8784 = ADVANCED_FACE('',(#8785),#8796,.F.);
#8785 = FACE_BOUND('',#8786,.F.);
#8786 = EDGE_LOOP('',(#8787,#8793,#8794,#8795));
#8787 = ORIENTED_EDGE('',*,*,#8788,.T.);
#8788 = EDGE_CURVE('',#7343,#7452,#8789,.T.);
#8789 = LINE('',#8790,#8791);
#8790 = CARTESIAN_POINT('',(-1.270530792283,-1.2,0.15));
#8791 = VECTOR('',#8792,1.);
#8792 = DIRECTION('',(1.144237745222E-17,1.,0.));
#8793 = ORIENTED_EDGE('',*,*,#7459,.T.);
#8794 = ORIENTED_EDGE('',*,*,#8771,.F.);
#8795 = ORIENTED_EDGE('',*,*,#7350,.F.);
#8796 = CYLINDRICAL_SURFACE('',#8797,0.1);
#8797 = AXIS2_PLACEMENT_3D('',#8798,#8799,#8800);
#8798 = CARTESIAN_POINT('',(-1.270530792283,-1.2,0.25));
#8799 = DIRECTION('',(-1.144237745222E-17,-1.,0.));
#8800 = DIRECTION('',(-2.22044604925E-15,2.540718180781E-32,-1.));
#8801 = ADVANCED_FACE('',(#8802),#8813,.F.);
#8802 = FACE_BOUND('',#8803,.F.);
#8803 = EDGE_LOOP('',(#8804,#8810,#8811,#8812));
#8804 = ORIENTED_EDGE('',*,*,#8805,.T.);
#8805 = EDGE_CURVE('',#7335,#7444,#8806,.T.);
#8806 = LINE('',#8807,#8808);
#8807 = CARTESIAN_POINT('',(-1.4,-1.2,0.15));
#8808 = VECTOR('',#8809,1.);
#8809 = DIRECTION('',(1.144237745222E-17,1.,0.));
#8810 = ORIENTED_EDGE('',*,*,#7451,.T.);
#8811 = ORIENTED_EDGE('',*,*,#8788,.F.);
#8812 = ORIENTED_EDGE('',*,*,#7342,.F.);
#8813 = PLANE('',#8814);
#8814 = AXIS2_PLACEMENT_3D('',#8815,#8816,#8817);
#8815 = CARTESIAN_POINT('',(-1.4,-1.2,0.15));
#8816 = DIRECTION('',(0.,0.,-1.));
#8817 = DIRECTION('',(1.,-1.144237745222E-17,0.));
#8818 = ADVANCED_FACE('',(#8819),#8830,.F.);
#8819 = FACE_BOUND('',#8820,.F.);
#8820 = EDGE_LOOP('',(#8821,#8827,#8828,#8829));
#8821 = ORIENTED_EDGE('',*,*,#8822,.T.);
#8822 = EDGE_CURVE('',#7327,#7436,#8823,.T.);
#8823 = LINE('',#8824,#8825);
#8824 = CARTESIAN_POINT('',(-1.4,-1.2,0.));
#8825 = VECTOR('',#8826,1.);
#8826 = DIRECTION('',(1.144237745222E-17,1.,0.));
#8827 = ORIENTED_EDGE('',*,*,#7443,.T.);
#8828 = ORIENTED_EDGE('',*,*,#8805,.F.);
#8829 = ORIENTED_EDGE('',*,*,#7334,.F.);
#8830 = PLANE('',#8831);
#8831 = AXIS2_PLACEMENT_3D('',#8832,#8833,#8834);
#8832 = CARTESIAN_POINT('',(-1.4,-1.2,0.));
#8833 = DIRECTION('',(1.,-1.144237745222E-17,0.));
#8834 = DIRECTION('',(0.,0.,1.));
#8835 = ADVANCED_FACE('',(#8836),#8847,.F.);
#8836 = FACE_BOUND('',#8837,.F.);
#8837 = EDGE_LOOP('',(#8838,#8844,#8845,#8846));
#8838 = ORIENTED_EDGE('',*,*,#8839,.T.);
#8839 = EDGE_CURVE('',#7318,#7427,#8840,.T.);
#8840 = LINE('',#8841,#8842);
#8841 = CARTESIAN_POINT('',(-1.270530792283,-1.2,0.));
#8842 = VECTOR('',#8843,1.);
#8843 = DIRECTION('',(1.144237745222E-17,1.,0.));
#8844 = ORIENTED_EDGE('',*,*,#7435,.T.);
#8845 = ORIENTED_EDGE('',*,*,#8822,.F.);
#8846 = ORIENTED_EDGE('',*,*,#7326,.F.);
#8847 = PLANE('',#8848);
#8848 = AXIS2_PLACEMENT_3D('',#8849,#8850,#8851);
#8849 = CARTESIAN_POINT('',(-1.270530792283,-1.2,0.));
#8850 = DIRECTION('',(0.,0.,1.));
#8851 = DIRECTION('',(-1.,1.144237745222E-17,0.));
#8852 = ADVANCED_FACE('',(#8853),#8864,.T.);
#8853 = FACE_BOUND('',#8854,.T.);
#8854 = EDGE_LOOP('',(#8855,#8856,#8857,#8858));
#8855 = ORIENTED_EDGE('',*,*,#7317,.T.);
#8856 = ORIENTED_EDGE('',*,*,#8839,.T.);
#8857 = ORIENTED_EDGE('',*,*,#7426,.F.);
#8858 = ORIENTED_EDGE('',*,*,#8859,.F.);
#8859 = EDGE_CURVE('',#7310,#7419,#8860,.T.);
#8860 = LINE('',#8861,#8862);
#8861 = CARTESIAN_POINT('',(-1.02432885403,-1.2,0.206587955583));
#8862 = VECTOR('',#8863,1.);
#8863 = DIRECTION('',(1.144237745222E-17,1.,0.));
#8864 = CYLINDRICAL_SURFACE('',#8865,0.25);
#8865 = AXIS2_PLACEMENT_3D('',#8866,#8867,#8868);
#8866 = CARTESIAN_POINT('',(-1.270530792283,-1.2,0.25));
#8867 = DIRECTION('',(-1.144237745222E-17,-1.,0.));
#8868 = DIRECTION('',(0.984807753012,-1.126854202784E-17,-0.173648177667
    ));
#8869 = ADVANCED_FACE('',(#8870),#8876,.F.);
#8870 = FACE_BOUND('',#8871,.F.);
#8871 = EDGE_LOOP('',(#8872,#8873,#8874,#8875));
#8872 = ORIENTED_EDGE('',*,*,#7400,.T.);
#8873 = ORIENTED_EDGE('',*,*,#7418,.T.);
#8874 = ORIENTED_EDGE('',*,*,#8859,.F.);
#8875 = ORIENTED_EDGE('',*,*,#7309,.F.);
#8876 = PLANE('',#8877);
#8877 = AXIS2_PLACEMENT_3D('',#8878,#8879,#8880);
#8878 = CARTESIAN_POINT('',(-0.948480775301,-1.2,0.667364817767));
#8879 = DIRECTION('',(-0.986721169868,1.129043606572E-17,0.162423314012)
  );
#8880 = DIRECTION('',(-0.162423314012,1.858508865964E-18,-0.986721169868
    ));
#8881 = ADVANCED_FACE('',(#8882),#8893,.T.);
#8882 = FACE_BOUND('',#8883,.T.);
#8883 = EDGE_LOOP('',(#8884,#8885,#8886,#8887));
#8884 = ORIENTED_EDGE('',*,*,#7590,.T.);
#8885 = ORIENTED_EDGE('',*,*,#8591,.T.);
#8886 = ORIENTED_EDGE('',*,*,#7699,.F.);
#8887 = ORIENTED_EDGE('',*,*,#8888,.F.);
#8888 = EDGE_CURVE('',#7583,#7692,#8889,.T.);
#8889 = LINE('',#8890,#8891);
#8890 = CARTESIAN_POINT('',(-1.096201938253,-0.25,0.693412044417));
#8891 = VECTOR('',#8892,1.);
#8892 = DIRECTION('',(1.144237745222E-17,1.,0.));
#8893 = CYLINDRICAL_SURFACE('',#8894,0.25);
#8894 = AXIS2_PLACEMENT_3D('',#8895,#8896,#8897);
#8895 = CARTESIAN_POINT('',(-0.85,-0.25,0.65));
#8896 = DIRECTION('',(-1.144237745222E-17,-1.,0.));
#8897 = DIRECTION('',(-0.984807753012,1.126854202784E-17,0.173648177667)
  );
#8898 = ADVANCED_FACE('',(#8899),#8910,.F.);
#8899 = FACE_BOUND('',#8900,.F.);
#8900 = EDGE_LOOP('',(#8901,#8907,#8908,#8909));
#8901 = ORIENTED_EDGE('',*,*,#8902,.T.);
#8902 = EDGE_CURVE('',#7574,#7683,#8903,.T.);
#8903 = LINE('',#8904,#8905);
#8904 = CARTESIAN_POINT('',(-1.172050016982,-0.25,0.232635182233));
#8905 = VECTOR('',#8906,1.);
#8906 = DIRECTION('',(1.144237745222E-17,1.,0.));
#8907 = ORIENTED_EDGE('',*,*,#7691,.T.);
#8908 = ORIENTED_EDGE('',*,*,#8888,.F.);
#8909 = ORIENTED_EDGE('',*,*,#7582,.F.);
#8910 = PLANE('',#8911);
#8911 = AXIS2_PLACEMENT_3D('',#8912,#8913,#8914);
#8912 = CARTESIAN_POINT('',(-1.172050016982,-0.25,0.232635182233));
#8913 = DIRECTION('',(0.986721169868,-1.129043606572E-17,-0.162423314012
    ));
#8914 = DIRECTION('',(0.162423314012,-1.858508865964E-18,0.986721169868)
  );
#8915 = ADVANCED_FACE('',(#8916),#8927,.F.);
#8916 = FACE_BOUND('',#8917,.F.);
#8917 = EDGE_LOOP('',(#8918,#8924,#8925,#8926));
#8918 = ORIENTED_EDGE('',*,*,#8919,.T.);
#8919 = EDGE_CURVE('',#7566,#7675,#8920,.T.);
#8920 = LINE('',#8921,#8922);
#8921 = CARTESIAN_POINT('',(-1.270530792283,-0.25,0.15));
#8922 = VECTOR('',#8923,1.);
#8923 = DIRECTION('',(1.144237745222E-17,1.,0.));
#8924 = ORIENTED_EDGE('',*,*,#7682,.T.);
#8925 = ORIENTED_EDGE('',*,*,#8902,.F.);
#8926 = ORIENTED_EDGE('',*,*,#7573,.F.);
#8927 = CYLINDRICAL_SURFACE('',#8928,0.1);
#8928 = AXIS2_PLACEMENT_3D('',#8929,#8930,#8931);
#8929 = CARTESIAN_POINT('',(-1.270530792283,-0.25,0.25));
#8930 = DIRECTION('',(-1.144237745222E-17,-1.,0.));
#8931 = DIRECTION('',(-2.22044604925E-15,2.540718180781E-32,-1.));
#8932 = ADVANCED_FACE('',(#8933),#8944,.F.);
#8933 = FACE_BOUND('',#8934,.F.);
#8934 = EDGE_LOOP('',(#8935,#8941,#8942,#8943));
#8935 = ORIENTED_EDGE('',*,*,#8936,.T.);
#8936 = EDGE_CURVE('',#7558,#7667,#8937,.T.);
#8937 = LINE('',#8938,#8939);
#8938 = CARTESIAN_POINT('',(-1.4,-0.25,0.15));
#8939 = VECTOR('',#8940,1.);
#8940 = DIRECTION('',(1.144237745222E-17,1.,0.));
#8941 = ORIENTED_EDGE('',*,*,#7674,.T.);
#8942 = ORIENTED_EDGE('',*,*,#8919,.F.);
#8943 = ORIENTED_EDGE('',*,*,#7565,.F.);
#8944 = PLANE('',#8945);
#8945 = AXIS2_PLACEMENT_3D('',#8946,#8947,#8948);
#8946 = CARTESIAN_POINT('',(-1.4,-0.25,0.15));
#8947 = DIRECTION('',(0.,0.,-1.));
#8948 = DIRECTION('',(1.,-1.144237745222E-17,0.));
#8949 = ADVANCED_FACE('',(#8950),#8961,.F.);
#8950 = FACE_BOUND('',#8951,.F.);
#8951 = EDGE_LOOP('',(#8952,#8958,#8959,#8960));
#8952 = ORIENTED_EDGE('',*,*,#8953,.T.);
#8953 = EDGE_CURVE('',#7550,#7659,#8954,.T.);
#8954 = LINE('',#8955,#8956);
#8955 = CARTESIAN_POINT('',(-1.4,-0.25,0.));
#8956 = VECTOR('',#8957,1.);
#8957 = DIRECTION('',(1.144237745222E-17,1.,0.));
#8958 = ORIENTED_EDGE('',*,*,#7666,.T.);
#8959 = ORIENTED_EDGE('',*,*,#8936,.F.);
#8960 = ORIENTED_EDGE('',*,*,#7557,.F.);
#8961 = PLANE('',#8962);
#8962 = AXIS2_PLACEMENT_3D('',#8963,#8964,#8965);
#8963 = CARTESIAN_POINT('',(-1.4,-0.25,0.));
#8964 = DIRECTION('',(1.,-1.144237745222E-17,0.));
#8965 = DIRECTION('',(0.,0.,1.));
#8966 = ADVANCED_FACE('',(#8967),#8978,.F.);
#8967 = FACE_BOUND('',#8968,.F.);
#8968 = EDGE_LOOP('',(#8969,#8975,#8976,#8977));
#8969 = ORIENTED_EDGE('',*,*,#8970,.T.);
#8970 = EDGE_CURVE('',#7541,#7650,#8971,.T.);
#8971 = LINE('',#8972,#8973);
#8972 = CARTESIAN_POINT('',(-1.270530792283,-0.25,0.));
#8973 = VECTOR('',#8974,1.);
#8974 = DIRECTION('',(1.144237745222E-17,1.,0.));
#8975 = ORIENTED_EDGE('',*,*,#7658,.T.);
#8976 = ORIENTED_EDGE('',*,*,#8953,.F.);
#8977 = ORIENTED_EDGE('',*,*,#7549,.F.);
#8978 = PLANE('',#8979);
#8979 = AXIS2_PLACEMENT_3D('',#8980,#8981,#8982);
#8980 = CARTESIAN_POINT('',(-1.270530792283,-0.25,0.));
#8981 = DIRECTION('',(0.,0.,1.));
#8982 = DIRECTION('',(-1.,1.144237745222E-17,0.));
#8983 = ADVANCED_FACE('',(#8984),#8995,.T.);
#8984 = FACE_BOUND('',#8985,.T.);
#8985 = EDGE_LOOP('',(#8986,#8987,#8988,#8989));
#8986 = ORIENTED_EDGE('',*,*,#7540,.T.);
#8987 = ORIENTED_EDGE('',*,*,#8970,.T.);
#8988 = ORIENTED_EDGE('',*,*,#7649,.F.);
#8989 = ORIENTED_EDGE('',*,*,#8990,.F.);
#8990 = EDGE_CURVE('',#7533,#7642,#8991,.T.);
#8991 = LINE('',#8992,#8993);
#8992 = CARTESIAN_POINT('',(-1.02432885403,-0.25,0.206587955583));
#8993 = VECTOR('',#8994,1.);
#8994 = DIRECTION('',(1.144237745222E-17,1.,0.));
#8995 = CYLINDRICAL_SURFACE('',#8996,0.25);
#8996 = AXIS2_PLACEMENT_3D('',#8997,#8998,#8999);
#8997 = CARTESIAN_POINT('',(-1.270530792283,-0.25,0.25));
#8998 = DIRECTION('',(-1.144237745222E-17,-1.,0.));
#8999 = DIRECTION('',(0.984807753012,-1.126854202784E-17,-0.173648177667
    ));
#9000 = ADVANCED_FACE('',(#9001),#9007,.F.);
#9001 = FACE_BOUND('',#9002,.F.);
#9002 = EDGE_LOOP('',(#9003,#9004,#9005,#9006));
#9003 = ORIENTED_EDGE('',*,*,#7623,.T.);
#9004 = ORIENTED_EDGE('',*,*,#7641,.T.);
#9005 = ORIENTED_EDGE('',*,*,#8990,.F.);
#9006 = ORIENTED_EDGE('',*,*,#7532,.F.);
#9007 = PLANE('',#9008);
#9008 = AXIS2_PLACEMENT_3D('',#9009,#9010,#9011);
#9009 = CARTESIAN_POINT('',(-0.948480775301,-0.25,0.667364817767));
#9010 = DIRECTION('',(-0.986721169868,1.129043606572E-17,0.162423314012)
  );
#9011 = DIRECTION('',(-0.162423314012,1.858508865964E-18,-0.986721169868
    ));
#9012 = ADVANCED_FACE('',(#9013),#9024,.F.);
#9013 = FACE_BOUND('',#9014,.F.);
#9014 = EDGE_LOOP('',(#9015,#9021,#9022,#9023));
#9015 = ORIENTED_EDGE('',*,*,#9016,.T.);
#9016 = EDGE_CURVE('',#7792,#7894,#9017,.T.);
#9017 = LINE('',#9018,#9019);
#9018 = CARTESIAN_POINT('',(-1.172050016982,0.7,0.232635182233));
#9019 = VECTOR('',#9020,1.);
#9020 = DIRECTION('',(1.144237745222E-17,1.,0.));
#9021 = ORIENTED_EDGE('',*,*,#7902,.T.);
#9022 = ORIENTED_EDGE('',*,*,#8557,.F.);
#9023 = ORIENTED_EDGE('',*,*,#7800,.F.);
#9024 = PLANE('',#9025);
#9025 = AXIS2_PLACEMENT_3D('',#9026,#9027,#9028);
#9026 = CARTESIAN_POINT('',(-1.172050016982,0.7,0.232635182233));
#9027 = DIRECTION('',(0.986721169868,-1.129043606572E-17,-0.162423314012
    ));
#9028 = DIRECTION('',(0.162423314012,-1.858508865964E-18,0.986721169868)
  );
#9029 = ADVANCED_FACE('',(#9030),#9041,.F.);
#9030 = FACE_BOUND('',#9031,.F.);
#9031 = EDGE_LOOP('',(#9032,#9038,#9039,#9040));
#9032 = ORIENTED_EDGE('',*,*,#9033,.T.);
#9033 = EDGE_CURVE('',#7784,#7886,#9034,.T.);
#9034 = LINE('',#9035,#9036);
#9035 = CARTESIAN_POINT('',(-1.270530792283,0.7,0.15));
#9036 = VECTOR('',#9037,1.);
#9037 = DIRECTION('',(1.144237745222E-17,1.,0.));
#9038 = ORIENTED_EDGE('',*,*,#7893,.T.);
#9039 = ORIENTED_EDGE('',*,*,#9016,.F.);
#9040 = ORIENTED_EDGE('',*,*,#7791,.F.);
#9041 = CYLINDRICAL_SURFACE('',#9042,0.1);
#9042 = AXIS2_PLACEMENT_3D('',#9043,#9044,#9045);
#9043 = CARTESIAN_POINT('',(-1.270530792283,0.7,0.25));
#9044 = DIRECTION('',(-1.144237745222E-17,-1.,0.));
#9045 = DIRECTION('',(-2.22044604925E-15,2.540718180781E-32,-1.));
#9046 = ADVANCED_FACE('',(#9047),#9058,.F.);
#9047 = FACE_BOUND('',#9048,.F.);
#9048 = EDGE_LOOP('',(#9049,#9055,#9056,#9057));
#9049 = ORIENTED_EDGE('',*,*,#9050,.T.);
#9050 = EDGE_CURVE('',#7776,#7878,#9051,.T.);
#9051 = LINE('',#9052,#9053);
#9052 = CARTESIAN_POINT('',(-1.4,0.7,0.15));
#9053 = VECTOR('',#9054,1.);
#9054 = DIRECTION('',(1.144237745222E-17,1.,0.));
#9055 = ORIENTED_EDGE('',*,*,#7885,.T.);
#9056 = ORIENTED_EDGE('',*,*,#9033,.F.);
#9057 = ORIENTED_EDGE('',*,*,#7783,.F.);
#9058 = PLANE('',#9059);
#9059 = AXIS2_PLACEMENT_3D('',#9060,#9061,#9062);
#9060 = CARTESIAN_POINT('',(-1.4,0.7,0.15));
#9061 = DIRECTION('',(0.,0.,-1.));
#9062 = DIRECTION('',(1.,-1.144237745222E-17,0.));
#9063 = ADVANCED_FACE('',(#9064),#9075,.F.);
#9064 = FACE_BOUND('',#9065,.F.);
#9065 = EDGE_LOOP('',(#9066,#9072,#9073,#9074));
#9066 = ORIENTED_EDGE('',*,*,#9067,.T.);
#9067 = EDGE_CURVE('',#7768,#7870,#9068,.T.);
#9068 = LINE('',#9069,#9070);
#9069 = CARTESIAN_POINT('',(-1.4,0.7,0.));
#9070 = VECTOR('',#9071,1.);
#9071 = DIRECTION('',(1.144237745222E-17,1.,0.));
#9072 = ORIENTED_EDGE('',*,*,#7877,.T.);
#9073 = ORIENTED_EDGE('',*,*,#9050,.F.);
#9074 = ORIENTED_EDGE('',*,*,#7775,.F.);
#9075 = PLANE('',#9076);
#9076 = AXIS2_PLACEMENT_3D('',#9077,#9078,#9079);
#9077 = CARTESIAN_POINT('',(-1.4,0.7,0.));
#9078 = DIRECTION('',(1.,-1.144237745222E-17,0.));
#9079 = DIRECTION('',(0.,0.,1.));
#9080 = ADVANCED_FACE('',(#9081),#9092,.F.);
#9081 = FACE_BOUND('',#9082,.F.);
#9082 = EDGE_LOOP('',(#9083,#9089,#9090,#9091));
#9083 = ORIENTED_EDGE('',*,*,#9084,.T.);
#9084 = EDGE_CURVE('',#7759,#7861,#9085,.T.);
#9085 = LINE('',#9086,#9087);
#9086 = CARTESIAN_POINT('',(-1.270530792283,0.7,0.));
#9087 = VECTOR('',#9088,1.);
#9088 = DIRECTION('',(1.144237745222E-17,1.,0.));
#9089 = ORIENTED_EDGE('',*,*,#7869,.T.);
#9090 = ORIENTED_EDGE('',*,*,#9067,.F.);
#9091 = ORIENTED_EDGE('',*,*,#7767,.F.);
#9092 = PLANE('',#9093);
#9093 = AXIS2_PLACEMENT_3D('',#9094,#9095,#9096);
#9094 = CARTESIAN_POINT('',(-1.270530792283,0.7,0.));
#9095 = DIRECTION('',(0.,0.,1.));
#9096 = DIRECTION('',(-1.,1.144237745222E-17,0.));
#9097 = ADVANCED_FACE('',(#9098),#9109,.T.);
#9098 = FACE_BOUND('',#9099,.T.);
#9099 = EDGE_LOOP('',(#9100,#9101,#9102,#9103));
#9100 = ORIENTED_EDGE('',*,*,#7758,.T.);
#9101 = ORIENTED_EDGE('',*,*,#9084,.T.);
#9102 = ORIENTED_EDGE('',*,*,#7860,.F.);
#9103 = ORIENTED_EDGE('',*,*,#9104,.F.);
#9104 = EDGE_CURVE('',#7751,#7853,#9105,.T.);
#9105 = LINE('',#9106,#9107);
#9106 = CARTESIAN_POINT('',(-1.02432885403,0.7,0.206587955583));
#9107 = VECTOR('',#9108,1.);
#9108 = DIRECTION('',(1.144237745222E-17,1.,0.));
#9109 = CYLINDRICAL_SURFACE('',#9110,0.25);
#9110 = AXIS2_PLACEMENT_3D('',#9111,#9112,#9113);
#9111 = CARTESIAN_POINT('',(-1.270530792283,0.7,0.25));
#9112 = DIRECTION('',(-1.144237745222E-17,-1.,0.));
#9113 = DIRECTION('',(0.984807753012,-1.126854202784E-17,-0.173648177667
    ));
#9114 = ADVANCED_FACE('',(#9115),#9121,.F.);
#9115 = FACE_BOUND('',#9116,.F.);
#9116 = EDGE_LOOP('',(#9117,#9118,#9119,#9120));
#9117 = ORIENTED_EDGE('',*,*,#7834,.T.);
#9118 = ORIENTED_EDGE('',*,*,#7852,.T.);
#9119 = ORIENTED_EDGE('',*,*,#9104,.F.);
#9120 = ORIENTED_EDGE('',*,*,#7750,.F.);
#9121 = PLANE('',#9122);
#9122 = AXIS2_PLACEMENT_3D('',#9123,#9124,#9125);
#9123 = CARTESIAN_POINT('',(-0.948480775301,0.7,0.667364817767));
#9124 = DIRECTION('',(-0.986721169868,1.129043606572E-17,0.162423314012)
  );
#9125 = DIRECTION('',(-0.162423314012,1.858508865964E-18,-0.986721169868
    ));
#9126 = ADVANCED_FACE('',(#9127),#9138,.F.);
#9127 = FACE_BOUND('',#9128,.F.);
#9128 = EDGE_LOOP('',(#9129,#9135,#9136,#9137));
#9129 = ORIENTED_EDGE('',*,*,#9130,.T.);
#9130 = EDGE_CURVE('',#7979,#8081,#9131,.T.);
#9131 = LINE('',#9132,#9133);
#9132 = CARTESIAN_POINT('',(1.172050016982,1.2,0.232635182233));
#9133 = VECTOR('',#9134,1.);
#9134 = DIRECTION('',(1.110223024625E-16,-1.,0.));
#9135 = ORIENTED_EDGE('',*,*,#8089,.T.);
#9136 = ORIENTED_EDGE('',*,*,#8728,.F.);
#9137 = ORIENTED_EDGE('',*,*,#7987,.F.);
#9138 = PLANE('',#9139);
#9139 = AXIS2_PLACEMENT_3D('',#9140,#9141,#9142);
#9140 = CARTESIAN_POINT('',(1.172050016982,1.2,0.232635182233));
#9141 = DIRECTION('',(-0.986721169868,-1.095480561672E-16,
    -0.162423314012));
#9142 = DIRECTION('',(-0.162423314012,-1.803261029519E-17,0.986721169868
    ));
#9143 = ADVANCED_FACE('',(#9144),#9155,.F.);
#9144 = FACE_BOUND('',#9145,.F.);
#9145 = EDGE_LOOP('',(#9146,#9152,#9153,#9154));
#9146 = ORIENTED_EDGE('',*,*,#9147,.T.);
#9147 = EDGE_CURVE('',#7971,#8073,#9148,.T.);
#9148 = LINE('',#9149,#9150);
#9149 = CARTESIAN_POINT('',(1.270530792283,1.2,0.15));
#9150 = VECTOR('',#9151,1.);
#9151 = DIRECTION('',(1.110223024625E-16,-1.,0.));
#9152 = ORIENTED_EDGE('',*,*,#8080,.T.);
#9153 = ORIENTED_EDGE('',*,*,#9130,.F.);
#9154 = ORIENTED_EDGE('',*,*,#7978,.F.);
#9155 = CYLINDRICAL_SURFACE('',#9156,0.1);
#9156 = AXIS2_PLACEMENT_3D('',#9157,#9158,#9159);
#9157 = CARTESIAN_POINT('',(1.270530792283,1.2,0.25));
#9158 = DIRECTION('',(-1.110223024625E-16,1.,0.));
#9159 = DIRECTION('',(2.22044604925E-15,2.465190328815E-31,-1.));
#9160 = ADVANCED_FACE('',(#9161),#9172,.F.);
#9161 = FACE_BOUND('',#9162,.F.);
#9162 = EDGE_LOOP('',(#9163,#9169,#9170,#9171));
#9163 = ORIENTED_EDGE('',*,*,#9164,.T.);
#9164 = EDGE_CURVE('',#7963,#8065,#9165,.T.);
#9165 = LINE('',#9166,#9167);
#9166 = CARTESIAN_POINT('',(1.4,1.2,0.15));
#9167 = VECTOR('',#9168,1.);
#9168 = DIRECTION('',(1.110223024625E-16,-1.,0.));
#9169 = ORIENTED_EDGE('',*,*,#8072,.T.);
#9170 = ORIENTED_EDGE('',*,*,#9147,.F.);
#9171 = ORIENTED_EDGE('',*,*,#7970,.F.);
#9172 = PLANE('',#9173);
#9173 = AXIS2_PLACEMENT_3D('',#9174,#9175,#9176);
#9174 = CARTESIAN_POINT('',(1.4,1.2,0.15));
#9175 = DIRECTION('',(0.,0.,-1.));
#9176 = DIRECTION('',(-1.,-1.110223024625E-16,-0.));
#9177 = ADVANCED_FACE('',(#9178),#9189,.F.);
#9178 = FACE_BOUND('',#9179,.F.);
#9179 = EDGE_LOOP('',(#9180,#9186,#9187,#9188));
#9180 = ORIENTED_EDGE('',*,*,#9181,.T.);
#9181 = EDGE_CURVE('',#7955,#8057,#9182,.T.);
#9182 = LINE('',#9183,#9184);
#9183 = CARTESIAN_POINT('',(1.4,1.2,0.));
#9184 = VECTOR('',#9185,1.);
#9185 = DIRECTION('',(1.110223024625E-16,-1.,0.));
#9186 = ORIENTED_EDGE('',*,*,#8064,.T.);
#9187 = ORIENTED_EDGE('',*,*,#9164,.F.);
#9188 = ORIENTED_EDGE('',*,*,#7962,.F.);
#9189 = PLANE('',#9190);
#9190 = AXIS2_PLACEMENT_3D('',#9191,#9192,#9193);
#9191 = CARTESIAN_POINT('',(1.4,1.2,0.));
#9192 = DIRECTION('',(-1.,-1.110223024625E-16,0.));
#9193 = DIRECTION('',(0.,0.,1.));
#9194 = ADVANCED_FACE('',(#9195),#9206,.F.);
#9195 = FACE_BOUND('',#9196,.F.);
#9196 = EDGE_LOOP('',(#9197,#9203,#9204,#9205));
#9197 = ORIENTED_EDGE('',*,*,#9198,.T.);
#9198 = EDGE_CURVE('',#7946,#8048,#9199,.T.);
#9199 = LINE('',#9200,#9201);
#9200 = CARTESIAN_POINT('',(1.270530792283,1.2,0.));
#9201 = VECTOR('',#9202,1.);
#9202 = DIRECTION('',(1.110223024625E-16,-1.,0.));
#9203 = ORIENTED_EDGE('',*,*,#8056,.T.);
#9204 = ORIENTED_EDGE('',*,*,#9181,.F.);
#9205 = ORIENTED_EDGE('',*,*,#7954,.F.);
#9206 = PLANE('',#9207);
#9207 = AXIS2_PLACEMENT_3D('',#9208,#9209,#9210);
#9208 = CARTESIAN_POINT('',(1.270530792283,1.2,0.));
#9209 = DIRECTION('',(0.,0.,1.));
#9210 = DIRECTION('',(1.,1.110223024625E-16,-0.));
#9211 = ADVANCED_FACE('',(#9212),#9223,.T.);
#9212 = FACE_BOUND('',#9213,.T.);
#9213 = EDGE_LOOP('',(#9214,#9215,#9216,#9217));
#9214 = ORIENTED_EDGE('',*,*,#7945,.T.);
#9215 = ORIENTED_EDGE('',*,*,#9198,.T.);
#9216 = ORIENTED_EDGE('',*,*,#8047,.F.);
#9217 = ORIENTED_EDGE('',*,*,#9218,.F.);
#9218 = EDGE_CURVE('',#7938,#8040,#9219,.T.);
#9219 = LINE('',#9220,#9221);
#9220 = CARTESIAN_POINT('',(1.02432885403,1.2,0.206587955583));
#9221 = VECTOR('',#9222,1.);
#9222 = DIRECTION('',(1.110223024625E-16,-1.,0.));
#9223 = CYLINDRICAL_SURFACE('',#9224,0.25);
#9224 = AXIS2_PLACEMENT_3D('',#9225,#9226,#9227);
#9225 = CARTESIAN_POINT('',(1.270530792283,1.2,0.25));
#9226 = DIRECTION('',(-1.110223024625E-16,1.,0.));
#9227 = DIRECTION('',(-0.984807753012,-1.093356242223E-16,
    -0.173648177667));
#9228 = ADVANCED_FACE('',(#9229),#9235,.F.);
#9229 = FACE_BOUND('',#9230,.F.);
#9230 = EDGE_LOOP('',(#9231,#9232,#9233,#9234));
#9231 = ORIENTED_EDGE('',*,*,#8021,.T.);
#9232 = ORIENTED_EDGE('',*,*,#8039,.T.);
#9233 = ORIENTED_EDGE('',*,*,#9218,.F.);
#9234 = ORIENTED_EDGE('',*,*,#7937,.F.);
#9235 = PLANE('',#9236);
#9236 = AXIS2_PLACEMENT_3D('',#9237,#9238,#9239);
#9237 = CARTESIAN_POINT('',(0.948480775301,1.2,0.667364817767));
#9238 = DIRECTION('',(0.986721169868,1.095480561672E-16,0.162423314012)
  );
#9239 = DIRECTION('',(0.162423314012,1.803261029519E-17,-0.986721169868)
  );
#9240 = ADVANCED_FACE('',(#9241),#9252,.T.);
#9241 = FACE_BOUND('',#9242,.T.);
#9242 = EDGE_LOOP('',(#9243,#9244,#9245,#9246));
#9243 = ORIENTED_EDGE('',*,*,#8199,.T.);
#9244 = ORIENTED_EDGE('',*,*,#8672,.T.);
#9245 = ORIENTED_EDGE('',*,*,#8308,.F.);
#9246 = ORIENTED_EDGE('',*,*,#9247,.F.);
#9247 = EDGE_CURVE('',#8192,#8301,#9248,.T.);
#9248 = LINE('',#9249,#9250);
#9249 = CARTESIAN_POINT('',(1.096201938253,0.25,0.693412044417));
#9250 = VECTOR('',#9251,1.);
#9251 = DIRECTION('',(1.110223024625E-16,-1.,0.));
#9252 = CYLINDRICAL_SURFACE('',#9253,0.25);
#9253 = AXIS2_PLACEMENT_3D('',#9254,#9255,#9256);
#9254 = CARTESIAN_POINT('',(0.85,0.25,0.65));
#9255 = DIRECTION('',(-1.110223024625E-16,1.,0.));
#9256 = DIRECTION('',(0.984807753012,1.093356242223E-16,0.173648177667)
  );
#9257 = ADVANCED_FACE('',(#9258),#9269,.F.);
#9258 = FACE_BOUND('',#9259,.F.);
#9259 = EDGE_LOOP('',(#9260,#9266,#9267,#9268));
#9260 = ORIENTED_EDGE('',*,*,#9261,.T.);
#9261 = EDGE_CURVE('',#8183,#8292,#9262,.T.);
#9262 = LINE('',#9263,#9264);
#9263 = CARTESIAN_POINT('',(1.172050016982,0.25,0.232635182233));
#9264 = VECTOR('',#9265,1.);
#9265 = DIRECTION('',(1.110223024625E-16,-1.,0.));
#9266 = ORIENTED_EDGE('',*,*,#8300,.T.);
#9267 = ORIENTED_EDGE('',*,*,#9247,.F.);
#9268 = ORIENTED_EDGE('',*,*,#8191,.F.);
#9269 = PLANE('',#9270);
#9270 = AXIS2_PLACEMENT_3D('',#9271,#9272,#9273);
#9271 = CARTESIAN_POINT('',(1.172050016982,0.25,0.232635182233));
#9272 = DIRECTION('',(-0.986721169868,-1.095480561672E-16,
    -0.162423314012));
#9273 = DIRECTION('',(-0.162423314012,-1.803261029519E-17,0.986721169868
    ));
#9274 = ADVANCED_FACE('',(#9275),#9286,.F.);
#9275 = FACE_BOUND('',#9276,.F.);
#9276 = EDGE_LOOP('',(#9277,#9283,#9284,#9285));
#9277 = ORIENTED_EDGE('',*,*,#9278,.T.);
#9278 = EDGE_CURVE('',#8175,#8284,#9279,.T.);
#9279 = LINE('',#9280,#9281);
#9280 = CARTESIAN_POINT('',(1.270530792283,0.25,0.15));
#9281 = VECTOR('',#9282,1.);
#9282 = DIRECTION('',(1.110223024625E-16,-1.,0.));
#9283 = ORIENTED_EDGE('',*,*,#8291,.T.);
#9284 = ORIENTED_EDGE('',*,*,#9261,.F.);
#9285 = ORIENTED_EDGE('',*,*,#8182,.F.);
#9286 = CYLINDRICAL_SURFACE('',#9287,0.1);
#9287 = AXIS2_PLACEMENT_3D('',#9288,#9289,#9290);
#9288 = CARTESIAN_POINT('',(1.270530792283,0.25,0.25));
#9289 = DIRECTION('',(-1.110223024625E-16,1.,0.));
#9290 = DIRECTION('',(2.22044604925E-15,2.465190328815E-31,-1.));
#9291 = ADVANCED_FACE('',(#9292),#9303,.F.);
#9292 = FACE_BOUND('',#9293,.F.);
#9293 = EDGE_LOOP('',(#9294,#9300,#9301,#9302));
#9294 = ORIENTED_EDGE('',*,*,#9295,.T.);
#9295 = EDGE_CURVE('',#8167,#8276,#9296,.T.);
#9296 = LINE('',#9297,#9298);
#9297 = CARTESIAN_POINT('',(1.4,0.25,0.15));
#9298 = VECTOR('',#9299,1.);
#9299 = DIRECTION('',(1.110223024625E-16,-1.,0.));
#9300 = ORIENTED_EDGE('',*,*,#8283,.T.);
#9301 = ORIENTED_EDGE('',*,*,#9278,.F.);
#9302 = ORIENTED_EDGE('',*,*,#8174,.F.);
#9303 = PLANE('',#9304);
#9304 = AXIS2_PLACEMENT_3D('',#9305,#9306,#9307);
#9305 = CARTESIAN_POINT('',(1.4,0.25,0.15));
#9306 = DIRECTION('',(0.,0.,-1.));
#9307 = DIRECTION('',(-1.,-1.110223024625E-16,-0.));
#9308 = ADVANCED_FACE('',(#9309),#9320,.F.);
#9309 = FACE_BOUND('',#9310,.F.);
#9310 = EDGE_LOOP('',(#9311,#9317,#9318,#9319));
#9311 = ORIENTED_EDGE('',*,*,#9312,.T.);
#9312 = EDGE_CURVE('',#8159,#8268,#9313,.T.);
#9313 = LINE('',#9314,#9315);
#9314 = CARTESIAN_POINT('',(1.4,0.25,0.));
#9315 = VECTOR('',#9316,1.);
#9316 = DIRECTION('',(1.110223024625E-16,-1.,0.));
#9317 = ORIENTED_EDGE('',*,*,#8275,.T.);
#9318 = ORIENTED_EDGE('',*,*,#9295,.F.);
#9319 = ORIENTED_EDGE('',*,*,#8166,.F.);
#9320 = PLANE('',#9321);
#9321 = AXIS2_PLACEMENT_3D('',#9322,#9323,#9324);
#9322 = CARTESIAN_POINT('',(1.4,0.25,0.));
#9323 = DIRECTION('',(-1.,-1.110223024625E-16,0.));
#9324 = DIRECTION('',(0.,0.,1.));
#9325 = ADVANCED_FACE('',(#9326),#9337,.F.);
#9326 = FACE_BOUND('',#9327,.F.);
#9327 = EDGE_LOOP('',(#9328,#9334,#9335,#9336));
#9328 = ORIENTED_EDGE('',*,*,#9329,.T.);
#9329 = EDGE_CURVE('',#8150,#8259,#9330,.T.);
#9330 = LINE('',#9331,#9332);
#9331 = CARTESIAN_POINT('',(1.270530792283,0.25,0.));
#9332 = VECTOR('',#9333,1.);
#9333 = DIRECTION('',(1.110223024625E-16,-1.,0.));
#9334 = ORIENTED_EDGE('',*,*,#8267,.T.);
#9335 = ORIENTED_EDGE('',*,*,#9312,.F.);
#9336 = ORIENTED_EDGE('',*,*,#8158,.F.);
#9337 = PLANE('',#9338);
#9338 = AXIS2_PLACEMENT_3D('',#9339,#9340,#9341);
#9339 = CARTESIAN_POINT('',(1.270530792283,0.25,0.));
#9340 = DIRECTION('',(0.,0.,1.));
#9341 = DIRECTION('',(1.,1.110223024625E-16,-0.));
#9342 = ADVANCED_FACE('',(#9343),#9354,.T.);
#9343 = FACE_BOUND('',#9344,.T.);
#9344 = EDGE_LOOP('',(#9345,#9346,#9347,#9348));
#9345 = ORIENTED_EDGE('',*,*,#8149,.T.);
#9346 = ORIENTED_EDGE('',*,*,#9329,.T.);
#9347 = ORIENTED_EDGE('',*,*,#8258,.F.);
#9348 = ORIENTED_EDGE('',*,*,#9349,.F.);
#9349 = EDGE_CURVE('',#8142,#8251,#9350,.T.);
#9350 = LINE('',#9351,#9352);
#9351 = CARTESIAN_POINT('',(1.02432885403,0.25,0.206587955583));
#9352 = VECTOR('',#9353,1.);
#9353 = DIRECTION('',(1.110223024625E-16,-1.,0.));
#9354 = CYLINDRICAL_SURFACE('',#9355,0.25);
#9355 = AXIS2_PLACEMENT_3D('',#9356,#9357,#9358);
#9356 = CARTESIAN_POINT('',(1.270530792283,0.25,0.25));
#9357 = DIRECTION('',(-1.110223024625E-16,1.,0.));
#9358 = DIRECTION('',(-0.984807753012,-1.093356242223E-16,
    -0.173648177667));
#9359 = ADVANCED_FACE('',(#9360),#9366,.F.);
#9360 = FACE_BOUND('',#9361,.F.);
#9361 = EDGE_LOOP('',(#9362,#9363,#9364,#9365));
#9362 = ORIENTED_EDGE('',*,*,#8232,.T.);
#9363 = ORIENTED_EDGE('',*,*,#8250,.T.);
#9364 = ORIENTED_EDGE('',*,*,#9349,.F.);
#9365 = ORIENTED_EDGE('',*,*,#8141,.F.);
#9366 = PLANE('',#9367);
#9367 = AXIS2_PLACEMENT_3D('',#9368,#9369,#9370);
#9368 = CARTESIAN_POINT('',(0.948480775301,0.25,0.667364817767));
#9369 = DIRECTION('',(0.986721169868,1.095480561672E-16,0.162423314012)
  );
#9370 = DIRECTION('',(0.162423314012,1.803261029519E-17,-0.986721169868)
  );
#9371 = ADVANCED_FACE('',(#9372),#9383,.T.);
#9372 = FACE_BOUND('',#9373,.T.);
#9373 = EDGE_LOOP('',(#9374,#9375,#9376,#9377));
#9374 = ORIENTED_EDGE('',*,*,#8422,.T.);
#9375 = ORIENTED_EDGE('',*,*,#8691,.T.);
#9376 = ORIENTED_EDGE('',*,*,#8531,.F.);
#9377 = ORIENTED_EDGE('',*,*,#9378,.F.);
#9378 = EDGE_CURVE('',#8415,#8524,#9379,.T.);
#9379 = LINE('',#9380,#9381);
#9380 = CARTESIAN_POINT('',(1.096201938253,-0.7,0.693412044417));
#9381 = VECTOR('',#9382,1.);
#9382 = DIRECTION('',(1.110223024625E-16,-1.,0.));
#9383 = CYLINDRICAL_SURFACE('',#9384,0.25);
#9384 = AXIS2_PLACEMENT_3D('',#9385,#9386,#9387);
#9385 = CARTESIAN_POINT('',(0.85,-0.7,0.65));
#9386 = DIRECTION('',(-1.110223024625E-16,1.,0.));
#9387 = DIRECTION('',(0.984807753012,1.093356242223E-16,0.173648177667)
  );
#9388 = ADVANCED_FACE('',(#9389),#9400,.F.);
#9389 = FACE_BOUND('',#9390,.F.);
#9390 = EDGE_LOOP('',(#9391,#9397,#9398,#9399));
#9391 = ORIENTED_EDGE('',*,*,#9392,.T.);
#9392 = EDGE_CURVE('',#8406,#8515,#9393,.T.);
#9393 = LINE('',#9394,#9395);
#9394 = CARTESIAN_POINT('',(1.172050016982,-0.7,0.232635182233));
#9395 = VECTOR('',#9396,1.);
#9396 = DIRECTION('',(1.110223024625E-16,-1.,0.));
#9397 = ORIENTED_EDGE('',*,*,#8523,.T.);
#9398 = ORIENTED_EDGE('',*,*,#9378,.F.);
#9399 = ORIENTED_EDGE('',*,*,#8414,.F.);
#9400 = PLANE('',#9401);
#9401 = AXIS2_PLACEMENT_3D('',#9402,#9403,#9404);
#9402 = CARTESIAN_POINT('',(1.172050016982,-0.7,0.232635182233));
#9403 = DIRECTION('',(-0.986721169868,-1.095480561672E-16,
    -0.162423314012));
#9404 = DIRECTION('',(-0.162423314012,-1.803261029519E-17,0.986721169868
    ));
#9405 = ADVANCED_FACE('',(#9406),#9417,.F.);
#9406 = FACE_BOUND('',#9407,.F.);
#9407 = EDGE_LOOP('',(#9408,#9414,#9415,#9416));
#9408 = ORIENTED_EDGE('',*,*,#9409,.T.);
#9409 = EDGE_CURVE('',#8398,#8507,#9410,.T.);
#9410 = LINE('',#9411,#9412);
#9411 = CARTESIAN_POINT('',(1.270530792283,-0.7,0.15));
#9412 = VECTOR('',#9413,1.);
#9413 = DIRECTION('',(1.110223024625E-16,-1.,0.));
#9414 = ORIENTED_EDGE('',*,*,#8514,.T.);
#9415 = ORIENTED_EDGE('',*,*,#9392,.F.);
#9416 = ORIENTED_EDGE('',*,*,#8405,.F.);
#9417 = CYLINDRICAL_SURFACE('',#9418,0.1);
#9418 = AXIS2_PLACEMENT_3D('',#9419,#9420,#9421);
#9419 = CARTESIAN_POINT('',(1.270530792283,-0.7,0.25));
#9420 = DIRECTION('',(-1.110223024625E-16,1.,0.));
#9421 = DIRECTION('',(2.22044604925E-15,2.465190328815E-31,-1.));
#9422 = ADVANCED_FACE('',(#9423),#9434,.F.);
#9423 = FACE_BOUND('',#9424,.F.);
#9424 = EDGE_LOOP('',(#9425,#9431,#9432,#9433));
#9425 = ORIENTED_EDGE('',*,*,#9426,.T.);
#9426 = EDGE_CURVE('',#8390,#8499,#9427,.T.);
#9427 = LINE('',#9428,#9429);
#9428 = CARTESIAN_POINT('',(1.4,-0.7,0.15));
#9429 = VECTOR('',#9430,1.);
#9430 = DIRECTION('',(1.110223024625E-16,-1.,0.));
#9431 = ORIENTED_EDGE('',*,*,#8506,.T.);
#9432 = ORIENTED_EDGE('',*,*,#9409,.F.);
#9433 = ORIENTED_EDGE('',*,*,#8397,.F.);
#9434 = PLANE('',#9435);
#9435 = AXIS2_PLACEMENT_3D('',#9436,#9437,#9438);
#9436 = CARTESIAN_POINT('',(1.4,-0.7,0.15));
#9437 = DIRECTION('',(0.,0.,-1.));
#9438 = DIRECTION('',(-1.,-1.110223024625E-16,-0.));
#9439 = ADVANCED_FACE('',(#9440),#9451,.F.);
#9440 = FACE_BOUND('',#9441,.F.);
#9441 = EDGE_LOOP('',(#9442,#9448,#9449,#9450));
#9442 = ORIENTED_EDGE('',*,*,#9443,.T.);
#9443 = EDGE_CURVE('',#8382,#8491,#9444,.T.);
#9444 = LINE('',#9445,#9446);
#9445 = CARTESIAN_POINT('',(1.4,-0.7,0.));
#9446 = VECTOR('',#9447,1.);
#9447 = DIRECTION('',(1.110223024625E-16,-1.,0.));
#9448 = ORIENTED_EDGE('',*,*,#8498,.T.);
#9449 = ORIENTED_EDGE('',*,*,#9426,.F.);
#9450 = ORIENTED_EDGE('',*,*,#8389,.F.);
#9451 = PLANE('',#9452);
#9452 = AXIS2_PLACEMENT_3D('',#9453,#9454,#9455);
#9453 = CARTESIAN_POINT('',(1.4,-0.7,0.));
#9454 = DIRECTION('',(-1.,-1.110223024625E-16,0.));
#9455 = DIRECTION('',(0.,0.,1.));
#9456 = ADVANCED_FACE('',(#9457),#9468,.F.);
#9457 = FACE_BOUND('',#9458,.F.);
#9458 = EDGE_LOOP('',(#9459,#9465,#9466,#9467));
#9459 = ORIENTED_EDGE('',*,*,#9460,.T.);
#9460 = EDGE_CURVE('',#8373,#8482,#9461,.T.);
#9461 = LINE('',#9462,#9463);
#9462 = CARTESIAN_POINT('',(1.270530792283,-0.7,0.));
#9463 = VECTOR('',#9464,1.);
#9464 = DIRECTION('',(1.110223024625E-16,-1.,0.));
#9465 = ORIENTED_EDGE('',*,*,#8490,.T.);
#9466 = ORIENTED_EDGE('',*,*,#9443,.F.);
#9467 = ORIENTED_EDGE('',*,*,#8381,.F.);
#9468 = PLANE('',#9469);
#9469 = AXIS2_PLACEMENT_3D('',#9470,#9471,#9472);
#9470 = CARTESIAN_POINT('',(1.270530792283,-0.7,0.));
#9471 = DIRECTION('',(0.,0.,1.));
#9472 = DIRECTION('',(1.,1.110223024625E-16,-0.));
#9473 = ADVANCED_FACE('',(#9474),#9485,.T.);
#9474 = FACE_BOUND('',#9475,.T.);
#9475 = EDGE_LOOP('',(#9476,#9477,#9478,#9479));
#9476 = ORIENTED_EDGE('',*,*,#8372,.T.);
#9477 = ORIENTED_EDGE('',*,*,#9460,.T.);
#9478 = ORIENTED_EDGE('',*,*,#8481,.F.);
#9479 = ORIENTED_EDGE('',*,*,#9480,.F.);
#9480 = EDGE_CURVE('',#8365,#8474,#9481,.T.);
#9481 = LINE('',#9482,#9483);
#9482 = CARTESIAN_POINT('',(1.02432885403,-0.7,0.206587955583));
#9483 = VECTOR('',#9484,1.);
#9484 = DIRECTION('',(1.110223024625E-16,-1.,0.));
#9485 = CYLINDRICAL_SURFACE('',#9486,0.25);
#9486 = AXIS2_PLACEMENT_3D('',#9487,#9488,#9489);
#9487 = CARTESIAN_POINT('',(1.270530792283,-0.7,0.25));
#9488 = DIRECTION('',(-1.110223024625E-16,1.,0.));
#9489 = DIRECTION('',(-0.984807753012,-1.093356242223E-16,
    -0.173648177667));
#9490 = ADVANCED_FACE('',(#9491),#9497,.F.);
#9491 = FACE_BOUND('',#9492,.F.);
#9492 = EDGE_LOOP('',(#9493,#9494,#9495,#9496));
#9493 = ORIENTED_EDGE('',*,*,#8455,.T.);
#9494 = ORIENTED_EDGE('',*,*,#8473,.T.);
#9495 = ORIENTED_EDGE('',*,*,#9480,.F.);
#9496 = ORIENTED_EDGE('',*,*,#8364,.F.);
#9497 = PLANE('',#9498);
#9498 = AXIS2_PLACEMENT_3D('',#9499,#9500,#9501);
#9499 = CARTESIAN_POINT('',(0.948480775301,-0.7,0.667364817767));
#9500 = DIRECTION('',(0.986721169868,1.095480561672E-16,0.162423314012)
  );
#9501 = DIRECTION('',(0.162423314012,1.803261029519E-17,-0.986721169868)
  );
#9502 = ADVANCED_FACE('',(#9503),#9506,.F.);
#9503 = FACE_BOUND('',#9504,.T.);
#9504 = EDGE_LOOP('',(#9505));
#9505 = ORIENTED_EDGE('',*,*,#8638,.F.);
#9506 = PLANE('',#9507);
#9507 = AXIS2_PLACEMENT_3D('',#9508,#9509,#9510);
#9508 = CARTESIAN_POINT('',(-0.333648457443,0.983648457443,1.55));
#9509 = DIRECTION('',(0.,0.,-1.));
#9510 = DIRECTION('',(1.110223024625E-16,-1.,0.));
#9511 = ( GEOMETRIC_REPRESENTATION_CONTEXT(3) 
GLOBAL_UNCERTAINTY_ASSIGNED_CONTEXT((#9515)) 
GLOBAL_UNIT_ASSIGNED_CONTEXT((#9512,#9513,#9514)) REPRESENTATION_CONTEXT
('Context #1','3D Context with UNIT and UNCERTAINTY') );
#9512 = ( LENGTH_UNIT() NAMED_UNIT(*) SI_UNIT(.MILLI.,.METRE.) );
#9513 = ( NAMED_UNIT(*) PLANE_ANGLE_UNIT() SI_UNIT($,.RADIAN.) );
#9514 = ( NAMED_UNIT(*) SI_UNIT($,.STERADIAN.) SOLID_ANGLE_UNIT() );
#9515 = UNCERTAINTY_MEASURE_WITH_UNIT(LENGTH_MEASURE(1.E-07),#9512,
  'distance_accuracy_value','confusion accuracy');
#9516 = CONTEXT_DEPENDENT_SHAPE_REPRESENTATION(#9517,#9519);
#9517 = ( REPRESENTATION_RELATIONSHIP('','',#5974,#10) 
REPRESENTATION_RELATIONSHIP_WITH_TRANSFORMATION(#9518) 
SHAPE_REPRESENTATION_RELATIONSHIP() );
#9518 = ITEM_DEFINED_TRANSFORMATION('','',#11,#39);
#9519 = PRODUCT_DEFINITION_SHAPE('Placement','Placement of an item',
  #9520);
#9520 = NEXT_ASSEMBLY_USAGE_OCCURRENCE('7','U1','',#5,#5969,$);
#9521 = PRODUCT_RELATED_PRODUCT_CATEGORY('part',$,(#5971));
#9522 = CONTEXT_DEPENDENT_SHAPE_REPRESENTATION(#9523,#9525);
#9523 = ( REPRESENTATION_RELATIONSHIP('','',#2076,#10) 
REPRESENTATION_RELATIONSHIP_WITH_TRANSFORMATION(#9524) 
SHAPE_REPRESENTATION_RELATIONSHIP() );
#9524 = ITEM_DEFINED_TRANSFORMATION('','',#11,#43);
#9525 = PRODUCT_DEFINITION_SHAPE('Placement','Placement of an item',
  #9526);
#9526 = NEXT_ASSEMBLY_USAGE_OCCURRENCE('8','C2','',#5,#2071,$);
#9527 = CONTEXT_DEPENDENT_SHAPE_REPRESENTATION(#9528,#9530);
#9528 = ( REPRESENTATION_RELATIONSHIP('','',#5165,#10) 
REPRESENTATION_RELATIONSHIP_WITH_TRANSFORMATION(#9529) 
SHAPE_REPRESENTATION_RELATIONSHIP() );
#9529 = ITEM_DEFINED_TRANSFORMATION('','',#11,#47);
#9530 = PRODUCT_DEFINITION_SHAPE('Placement','Placement of an item',
  #9531);
#9531 = NEXT_ASSEMBLY_USAGE_OCCURRENCE('9','R3','',#5,#5160,$);
#9532 = CONTEXT_DEPENDENT_SHAPE_REPRESENTATION(#9533,#9535);
#9533 = ( REPRESENTATION_RELATIONSHIP('','',#5165,#10) 
REPRESENTATION_RELATIONSHIP_WITH_TRANSFORMATION(#9534) 
SHAPE_REPRESENTATION_RELATIONSHIP() );
#9534 = ITEM_DEFINED_TRANSFORMATION('','',#11,#51);
#9535 = PRODUCT_DEFINITION_SHAPE('Placement','Placement of an item',
  #9536);
#9536 = NEXT_ASSEMBLY_USAGE_OCCURRENCE('10','R2','',#5,#5160,$);
#9537 = CONTEXT_DEPENDENT_SHAPE_REPRESENTATION(#9538,#9540);
#9538 = ( REPRESENTATION_RELATIONSHIP('','',#2076,#10) 
REPRESENTATION_RELATIONSHIP_WITH_TRANSFORMATION(#9539) 
SHAPE_REPRESENTATION_RELATIONSHIP() );
#9539 = ITEM_DEFINED_TRANSFORMATION('','',#11,#55);
#9540 = PRODUCT_DEFINITION_SHAPE('Placement','Placement of an item',
  #9541);
#9541 = NEXT_ASSEMBLY_USAGE_OCCURRENCE('11','C4','',#5,#2071,$);
#9542 = SHAPE_DEFINITION_REPRESENTATION(#9543,#9549);
#9543 = PRODUCT_DEFINITION_SHAPE('','',#9544);
#9544 = PRODUCT_DEFINITION('design','',#9545,#9548);
#9545 = PRODUCT_DEFINITION_FORMATION('','',#9546);
#9546 = PRODUCT('kibot_5q0h5ax2_PCB','kibot_5q0h5ax2_PCB','',(#9547));
#9547 = PRODUCT_CONTEXT('',#2,'mechanical');
#9548 = PRODUCT_DEFINITION_CONTEXT('part definition',#2,'design');
#9549 = ADVANCED_BREP_SHAPE_REPRESENTATION('',(#11,#9550),#10552);
#9550 = MANIFOLD_SOLID_BREP('',#9551);
#9551 = CLOSED_SHELL('',(#9552,#9594,#9625,#9658,#9895,#10132,#10149,
    #10166,#10183,#10200,#10217,#10234,#10251,#10268,#10285,#10302,
    #10319,#10336,#10353,#10370,#10387,#10404,#10421,#10438,#10455,
    #10472,#10484,#10501,#10518,#10535));
#9552 = ADVANCED_FACE('',(#9553),#9589,.T.);
#9553 = FACE_BOUND('',#9554,.T.);
#9554 = EDGE_LOOP('',(#9555,#9565,#9574,#9582));
#9555 = ORIENTED_EDGE('',*,*,#9556,.T.);
#9556 = EDGE_CURVE('',#9557,#9559,#9561,.T.);
#9557 = VERTEX_POINT('',#9558);
#9558 = CARTESIAN_POINT('',(-8.4506E-02,10.399983,0.));
#9559 = VERTEX_POINT('',#9560);
#9560 = CARTESIAN_POINT('',(-8.4506E-02,10.399983,1.51));
#9561 = LINE('',#9562,#9563);
#9562 = CARTESIAN_POINT('',(-8.4506E-02,10.399983,0.));
#9563 = VECTOR('',#9564,1.);
#9564 = DIRECTION('',(0.,0.,1.));
#9565 = ORIENTED_EDGE('',*,*,#9566,.T.);
#9566 = EDGE_CURVE('',#9559,#9567,#9569,.T.);
#9567 = VERTEX_POINT('',#9568);
#9568 = CARTESIAN_POINT('',(0.113113,10.230752,1.51));
#9569 = CIRCLE('',#9570,0.199923194854);
#9570 = AXIS2_PLACEMENT_3D('',#9571,#9572,#9573);
#9571 = CARTESIAN_POINT('',(-8.444021733663E-02,10.200059815968,1.51));
#9572 = DIRECTION('',(0.,0.,-1.));
#9573 = DIRECTION('',(-3.290396765766E-04,0.999999945866,0.));
#9574 = ORIENTED_EDGE('',*,*,#9575,.F.);
#9575 = EDGE_CURVE('',#9576,#9567,#9578,.T.);
#9576 = VERTEX_POINT('',#9577);
#9577 = CARTESIAN_POINT('',(0.113113,10.230752,0.));
#9578 = LINE('',#9579,#9580);
#9579 = CARTESIAN_POINT('',(0.113113,10.230752,0.));
#9580 = VECTOR('',#9581,1.);
#9581 = DIRECTION('',(0.,0.,1.));
#9582 = ORIENTED_EDGE('',*,*,#9583,.F.);
#9583 = EDGE_CURVE('',#9557,#9576,#9584,.T.);
#9584 = CIRCLE('',#9585,0.199923194854);
#9585 = AXIS2_PLACEMENT_3D('',#9586,#9587,#9588);
#9586 = CARTESIAN_POINT('',(-8.444021733663E-02,10.200059815968,0.));
#9587 = DIRECTION('',(0.,0.,-1.));
#9588 = DIRECTION('',(-3.290396765766E-04,0.999999945866,0.));
#9589 = CYLINDRICAL_SURFACE('',#9590,0.199923194854);
#9590 = AXIS2_PLACEMENT_3D('',#9591,#9592,#9593);
#9591 = CARTESIAN_POINT('',(-8.444021733663E-02,10.200059815968,0.));
#9592 = DIRECTION('',(0.,0.,-1.));
#9593 = DIRECTION('',(-3.290396765766E-04,0.999999945866,0.));
#9594 = ADVANCED_FACE('',(#9595),#9620,.T.);
#9595 = FACE_BOUND('',#9596,.T.);
#9596 = EDGE_LOOP('',(#9597,#9607,#9613,#9614));
#9597 = ORIENTED_EDGE('',*,*,#9598,.T.);
#9598 = EDGE_CURVE('',#9599,#9601,#9603,.T.);
#9599 = VERTEX_POINT('',#9600);
#9600 = CARTESIAN_POINT('',(-17.51546,10.399983,0.));
#9601 = VERTEX_POINT('',#9602);
#9602 = CARTESIAN_POINT('',(-17.51546,10.399983,1.51));
#9603 = LINE('',#9604,#9605);
#9604 = CARTESIAN_POINT('',(-17.51546,10.399983,0.));
#9605 = VECTOR('',#9606,1.);
#9606 = DIRECTION('',(0.,0.,1.));
#9607 = ORIENTED_EDGE('',*,*,#9608,.T.);
#9608 = EDGE_CURVE('',#9601,#9559,#9609,.T.);
#9609 = LINE('',#9610,#9611);
#9610 = CARTESIAN_POINT('',(-17.51546,10.399983,1.51));
#9611 = VECTOR('',#9612,1.);
#9612 = DIRECTION('',(1.,0.,0.));
#9613 = ORIENTED_EDGE('',*,*,#9556,.F.);
#9614 = ORIENTED_EDGE('',*,*,#9615,.F.);
#9615 = EDGE_CURVE('',#9599,#9557,#9616,.T.);
#9616 = LINE('',#9617,#9618);
#9617 = CARTESIAN_POINT('',(-17.51546,10.399983,0.));
#9618 = VECTOR('',#9619,1.);
#9619 = DIRECTION('',(1.,0.,0.));
#9620 = PLANE('',#9621);
#9621 = AXIS2_PLACEMENT_3D('',#9622,#9623,#9624);
#9622 = CARTESIAN_POINT('',(-17.51546,10.399983,0.));
#9623 = DIRECTION('',(0.,1.,0.));
#9624 = DIRECTION('',(1.,0.,0.));
#9625 = ADVANCED_FACE('',(#9626),#9653,.F.);
#9626 = FACE_BOUND('',#9627,.T.);
#9627 = EDGE_LOOP('',(#9628,#9629,#9638,#9646));
#9628 = ORIENTED_EDGE('',*,*,#9575,.T.);
#9629 = ORIENTED_EDGE('',*,*,#9630,.T.);
#9630 = EDGE_CURVE('',#9567,#9631,#9633,.T.);
#9631 = VERTEX_POINT('',#9632);
#9632 = CARTESIAN_POINT('',(2.286922,10.230752,1.51));
#9633 = CIRCLE('',#9634,1.100000099391);
#9634 = AXIS2_PLACEMENT_3D('',#9635,#9636,#9637);
#9635 = CARTESIAN_POINT('',(1.2000175,10.399982099391,1.51));
#9636 = DIRECTION('',(0.,0.,1.));
#9637 = DIRECTION('',(-0.98809491072,-0.153845531,0.));
#9638 = ORIENTED_EDGE('',*,*,#9639,.F.);
#9639 = EDGE_CURVE('',#9640,#9631,#9642,.T.);
#9640 = VERTEX_POINT('',#9641);
#9641 = CARTESIAN_POINT('',(2.286922,10.230752,0.));
#9642 = LINE('',#9643,#9644);
#9643 = CARTESIAN_POINT('',(2.286922,10.230752,0.));
#9644 = VECTOR('',#9645,1.);
#9645 = DIRECTION('',(0.,0.,1.));
#9646 = ORIENTED_EDGE('',*,*,#9647,.F.);
#9647 = EDGE_CURVE('',#9576,#9640,#9648,.T.);
#9648 = CIRCLE('',#9649,1.100000099391);
#9649 = AXIS2_PLACEMENT_3D('',#9650,#9651,#9652);
#9650 = CARTESIAN_POINT('',(1.2000175,10.399982099391,0.));
#9651 = DIRECTION('',(0.,0.,1.));
#9652 = DIRECTION('',(-0.98809491072,-0.153845531,0.));
#9653 = CYLINDRICAL_SURFACE('',#9654,1.100000099391);
#9654 = AXIS2_PLACEMENT_3D('',#9655,#9656,#9657);
#9655 = CARTESIAN_POINT('',(1.2000175,10.399982099391,0.));
#9656 = DIRECTION('',(-0.,-0.,-1.));
#9657 = DIRECTION('',(-0.98809491072,-0.153845531,0.));
#9658 = ADVANCED_FACE('',(#9659,#9846,#9857,#9868,#9879),#9890,.F.);
#9659 = FACE_BOUND('',#9660,.F.);
#9660 = EDGE_LOOP('',(#9661,#9662,#9663,#9672,#9681,#9690,#9698,#9707,
    #9716,#9725,#9733,#9742,#9751,#9760,#9768,#9777,#9786,#9795,#9803,
    #9812,#9821,#9830,#9838,#9845));
#9661 = ORIENTED_EDGE('',*,*,#9583,.F.);
#9662 = ORIENTED_EDGE('',*,*,#9615,.F.);
#9663 = ORIENTED_EDGE('',*,*,#9664,.F.);
#9664 = EDGE_CURVE('',#9665,#9599,#9667,.T.);
#9665 = VERTEX_POINT('',#9666);
#9666 = CARTESIAN_POINT('',(-17.713078,10.230752,0.));
#9667 = CIRCLE('',#9668,0.200010522755);
#9668 = AXIS2_PLACEMENT_3D('',#9669,#9670,#9671);
#9669 = CARTESIAN_POINT('',(-17.51544999032,10.199972477495,0.));
#9670 = DIRECTION('',(0.,0.,-1.));
#9671 = DIRECTION('',(-0.988088061319,0.153889515816,0.));
#9672 = ORIENTED_EDGE('',*,*,#9673,.F.);
#9673 = EDGE_CURVE('',#9674,#9665,#9676,.T.);
#9674 = VERTEX_POINT('',#9675);
#9675 = CARTESIAN_POINT('',(-18.630752,9.313079,0.));
#9676 = CIRCLE('',#9677,1.100018789087);
#9677 = AXIS2_PLACEMENT_3D('',#9678,#9679,#9680);
#9678 = CARTESIAN_POINT('',(-18.79999865298,10.399999837411,0.));
#9679 = DIRECTION('',(0.,0.,1.));
#9680 = DIRECTION('',(0.153857965572,-0.988092974588,0.));
#9681 = ORIENTED_EDGE('',*,*,#9682,.F.);
#9682 = EDGE_CURVE('',#9683,#9674,#9685,.T.);
#9683 = VERTEX_POINT('',#9684);
#9684 = CARTESIAN_POINT('',(-18.799983,9.11546,0.));
#9685 = CIRCLE('',#9686,0.199940992811);
#9686 = AXIS2_PLACEMENT_3D('',#9687,#9688,#9689);
#9687 = CARTESIAN_POINT('',(-18.60004201357,9.115510537588,0.));
#9688 = DIRECTION('',(0.,0.,-1.));
#9689 = DIRECTION('',(-0.999999968056,-2.527625116408E-04,-0.));
#9690 = ORIENTED_EDGE('',*,*,#9691,.F.);
#9691 = EDGE_CURVE('',#9692,#9683,#9694,.T.);
#9692 = VERTEX_POINT('',#9693);
#9693 = CARTESIAN_POINT('',(-18.799983,-8.315494,0.));
#9694 = LINE('',#9695,#9696);
#9695 = CARTESIAN_POINT('',(-18.799983,-8.315494,0.));
#9696 = VECTOR('',#9697,1.);
#9697 = DIRECTION('',(0.,1.,0.));
#9698 = ORIENTED_EDGE('',*,*,#9699,.F.);
#9699 = EDGE_CURVE('',#9700,#9692,#9702,.T.);
#9700 = VERTEX_POINT('',#9701);
#9701 = CARTESIAN_POINT('',(-18.630752,-8.513113,0.));
#9702 = CIRCLE('',#9703,0.20002834434);
#9703 = AXIS2_PLACEMENT_3D('',#9704,#9705,#9706);
#9704 = CARTESIAN_POINT('',(-18.59995465713,-8.31546972991,0.));
#9705 = DIRECTION('',(0.,0.,-1.));
#9706 = DIRECTION('',(-0.153964894172,-0.988076318592,-0.));
#9707 = ORIENTED_EDGE('',*,*,#9708,.F.);
#9708 = EDGE_CURVE('',#9709,#9700,#9711,.T.);
#9709 = VERTEX_POINT('',#9710);
#9710 = CARTESIAN_POINT('',(-17.713078,-9.430786,0.));
#9711 = CIRCLE('',#9712,1.100084042572);
#9712 = AXIS2_PLACEMENT_3D('',#9713,#9714,#9715);
#9713 = CARTESIAN_POINT('',(-18.80005579413,-9.600090978624,0.));
#9714 = DIRECTION('',(0.,0.,1.));
#9715 = DIRECTION('',(0.988086138937,0.153901858469,-0.));
#9716 = ORIENTED_EDGE('',*,*,#9717,.F.);
#9717 = EDGE_CURVE('',#9718,#9709,#9720,.T.);
#9718 = VERTEX_POINT('',#9719);
#9719 = CARTESIAN_POINT('',(-17.51546,-9.600017,0.));
#9720 = CIRCLE('',#9721,0.199981400301);
#9721 = AXIS2_PLACEMENT_3D('',#9722,#9723,#9724);
#9722 = CARTESIAN_POINT('',(-17.51547492972,-9.400035600256,0.));
#9723 = DIRECTION('',(0.,0.,-1.));
#9724 = DIRECTION('',(7.465556899819E-05,-0.999999997213,0.));
#9725 = ORIENTED_EDGE('',*,*,#9726,.F.);
#9726 = EDGE_CURVE('',#9727,#9718,#9729,.T.);
#9727 = VERTEX_POINT('',#9728);
#9728 = CARTESIAN_POINT('',(-8.4506E-02,-9.600017,0.));
#9729 = LINE('',#9730,#9731);
#9730 = CARTESIAN_POINT('',(-8.4506E-02,-9.600017,0.));
#9731 = VECTOR('',#9732,1.);
#9732 = DIRECTION('',(-1.,0.,0.));
#9733 = ORIENTED_EDGE('',*,*,#9734,.F.);
#9734 = EDGE_CURVE('',#9735,#9727,#9737,.T.);
#9735 = VERTEX_POINT('',#9736);
#9736 = CARTESIAN_POINT('',(0.113113,-9.430786,0.));
#9737 = CIRCLE('',#9738,0.200039657789);
#9738 = AXIS2_PLACEMENT_3D('',#9739,#9740,#9741);
#9739 = CARTESIAN_POINT('',(-8.453995715256E-02,-9.399977345093,0.));
#9740 = DIRECTION('',(0.,0.,-1.));
#9741 = DIRECTION('',(0.988068862631,-0.154012735511,0.));
#9742 = ORIENTED_EDGE('',*,*,#9743,.F.);
#9743 = EDGE_CURVE('',#9744,#9735,#9746,.T.);
#9744 = VERTEX_POINT('',#9745);
#9745 = CARTESIAN_POINT('',(2.286922,-9.430786,0.));
#9746 = CIRCLE('',#9747,1.100000099391);
#9747 = AXIS2_PLACEMENT_3D('',#9748,#9749,#9750);
#9748 = CARTESIAN_POINT('',(1.2000175,-9.600016099391,0.));
#9749 = DIRECTION('',(0.,0.,1.));
#9750 = DIRECTION('',(0.98809491072,0.153845531,-0.));
#9751 = ORIENTED_EDGE('',*,*,#9752,.F.);
#9752 = EDGE_CURVE('',#9753,#9744,#9755,.T.);
#9753 = VERTEX_POINT('',#9754);
#9754 = CARTESIAN_POINT('',(2.48454,-9.600017,0.));
#9755 = CIRCLE('',#9756,0.199981400301);
#9756 = AXIS2_PLACEMENT_3D('',#9757,#9758,#9759);
#9757 = CARTESIAN_POINT('',(2.484525070275,-9.400035600256,0.));
#9758 = DIRECTION('',(0.,0.,-1.));
#9759 = DIRECTION('',(7.465556901818E-05,-0.999999997213,0.));
#9760 = ORIENTED_EDGE('',*,*,#9761,.F.);
#9761 = EDGE_CURVE('',#9762,#9753,#9764,.T.);
#9762 = VERTEX_POINT('',#9763);
#9763 = CARTESIAN_POINT('',(19.915494,-9.600017,0.));
#9764 = LINE('',#9765,#9766);
#9765 = CARTESIAN_POINT('',(19.915494,-9.600017,0.));
#9766 = VECTOR('',#9767,1.);
#9767 = DIRECTION('',(-1.,0.,0.));
#9768 = ORIENTED_EDGE('',*,*,#9769,.F.);
#9769 = EDGE_CURVE('',#9770,#9762,#9772,.T.);
#9770 = VERTEX_POINT('',#9771);
#9771 = CARTESIAN_POINT('',(20.113113,-9.430786,0.));
#9772 = CIRCLE('',#9773,0.200124736891);
#9773 = AXIS2_PLACEMENT_3D('',#9774,#9775,#9776);
#9774 = CARTESIAN_POINT('',(19.915387207305,-9.399892291603,0.));
#9775 = DIRECTION('',(0.,0.,-1.));
#9776 = DIRECTION('',(0.988012755282,-0.154372262403,0.));
#9777 = ORIENTED_EDGE('',*,*,#9778,.F.);
#9778 = EDGE_CURVE('',#9779,#9770,#9781,.T.);
#9779 = VERTEX_POINT('',#9780);
#9780 = CARTESIAN_POINT('',(21.030786,-8.513113,0.));
#9781 = CIRCLE('',#9782,1.099977669218);
#9782 = AXIS2_PLACEMENT_3D('',#9783,#9784,#9785);
#9783 = CARTESIAN_POINT('',(21.199997669058,-9.599997669058,0.));
#9784 = DIRECTION('',(0.,0.,1.));
#9785 = DIRECTION('',(-0.15383191295,0.988097030943,0.));
#9786 = ORIENTED_EDGE('',*,*,#9787,.F.);
#9787 = EDGE_CURVE('',#9788,#9779,#9790,.T.);
#9788 = VERTEX_POINT('',#9789);
#9789 = CARTESIAN_POINT('',(21.200017,-8.315494,0.));
#9790 = CIRCLE('',#9791,0.199963247052);
#9791 = AXIS2_PLACEMENT_3D('',#9792,#9793,#9794);
#9792 = CARTESIAN_POINT('',(21.000053755426,-8.315525476824,0.));
#9793 = DIRECTION('',(0.,0.,-1.));
#9794 = DIRECTION('',(0.999999987611,1.574130457894E-04,0.));
#9795 = ORIENTED_EDGE('',*,*,#9796,.F.);
#9796 = EDGE_CURVE('',#9797,#9788,#9799,.T.);
#9797 = VERTEX_POINT('',#9798);
#9798 = CARTESIAN_POINT('',(21.200017,9.11546,0.));
#9799 = LINE('',#9800,#9801);
#9800 = CARTESIAN_POINT('',(21.200017,9.11546,0.));
#9801 = VECTOR('',#9802,1.);
#9802 = DIRECTION('',(0.,-1.,0.));
#9803 = ORIENTED_EDGE('',*,*,#9804,.F.);
#9804 = EDGE_CURVE('',#9805,#9797,#9807,.T.);
#9805 = VERTEX_POINT('',#9806);
#9806 = CARTESIAN_POINT('',(21.030786,9.313079,0.));
#9807 = CIRCLE('',#9808,0.199994760336);
#9808 = AXIS2_PLACEMENT_3D('',#9809,#9810,#9811);
#9809 = CARTESIAN_POINT('',(21.000022239715,9.11546448835,0.));
#9810 = DIRECTION('',(0.,0.,-1.));
#9811 = DIRECTION('',(0.153822831326,0.988098444773,0.));
#9812 = ORIENTED_EDGE('',*,*,#9813,.F.);
#9813 = EDGE_CURVE('',#9814,#9805,#9816,.T.);
#9814 = VERTEX_POINT('',#9815);
#9815 = CARTESIAN_POINT('',(20.113113,10.230752,0.));
#9816 = CIRCLE('',#9817,1.099918363234);
#9817 = AXIS2_PLACEMENT_3D('',#9818,#9819,#9820);
#9818 = CARTESIAN_POINT('',(21.199945733395,10.399911733395,0.));
#9819 = DIRECTION('',(0.,0.,1.));
#9820 = DIRECTION('',(-0.988103089941,-0.153792989597,0.));
#9821 = ORIENTED_EDGE('',*,*,#9822,.F.);
#9822 = EDGE_CURVE('',#9823,#9814,#9825,.T.);
#9823 = VERTEX_POINT('',#9824);
#9824 = CARTESIAN_POINT('',(19.915494,10.399983,0.));
#9825 = CIRCLE('',#9826,0.199923194854);
#9826 = AXIS2_PLACEMENT_3D('',#9827,#9828,#9829);
#9827 = CARTESIAN_POINT('',(19.915559782663,10.200059815968,0.));
#9828 = DIRECTION('',(0.,0.,-1.));
#9829 = DIRECTION('',(-3.290396765867E-04,0.999999945866,0.));
#9830 = ORIENTED_EDGE('',*,*,#9831,.F.);
#9831 = EDGE_CURVE('',#9832,#9823,#9834,.T.);
#9832 = VERTEX_POINT('',#9833);
#9833 = CARTESIAN_POINT('',(2.48454,10.399983,0.));
#9834 = LINE('',#9835,#9836);
#9835 = CARTESIAN_POINT('',(2.48454,10.399983,0.));
#9836 = VECTOR('',#9837,1.);
#9837 = DIRECTION('',(1.,0.,0.));
#9838 = ORIENTED_EDGE('',*,*,#9839,.F.);
#9839 = EDGE_CURVE('',#9640,#9832,#9840,.T.);
#9840 = CIRCLE('',#9841,0.200010522755);
#9841 = AXIS2_PLACEMENT_3D('',#9842,#9843,#9844);
#9842 = CARTESIAN_POINT('',(2.484550009673,10.199972477495,0.));
#9843 = DIRECTION('',(0.,0.,-1.));
#9844 = DIRECTION('',(-0.988088061319,0.153889515816,0.));
#9845 = ORIENTED_EDGE('',*,*,#9647,.F.);
#9846 = FACE_BOUND('',#9847,.F.);
#9847 = EDGE_LOOP('',(#9848));
#9848 = ORIENTED_EDGE('',*,*,#9849,.T.);
#9849 = EDGE_CURVE('',#9850,#9850,#9852,.T.);
#9850 = VERTEX_POINT('',#9851);
#9851 = CARTESIAN_POINT('',(-15.725,-2.5,0.));
#9852 = CIRCLE('',#9853,0.5);
#9853 = AXIS2_PLACEMENT_3D('',#9854,#9855,#9856);
#9854 = CARTESIAN_POINT('',(-15.725,-2.,0.));
#9855 = DIRECTION('',(-0.,0.,-1.));
#9856 = DIRECTION('',(3.5527136788E-15,-1.,-0.));
#9857 = FACE_BOUND('',#9858,.F.);
#9858 = EDGE_LOOP('',(#9859));
#9859 = ORIENTED_EDGE('',*,*,#9860,.T.);
#9860 = EDGE_CURVE('',#9861,#9861,#9863,.T.);
#9861 = VERTEX_POINT('',#9862);
#9862 = CARTESIAN_POINT('',(17.9,-2.5,0.));
#9863 = CIRCLE('',#9864,0.5);
#9864 = AXIS2_PLACEMENT_3D('',#9865,#9866,#9867);
#9865 = CARTESIAN_POINT('',(17.9,-2.,0.));
#9866 = DIRECTION('',(-0.,0.,-1.));
#9867 = DIRECTION('',(-0.,-1.,0.));
#9868 = FACE_BOUND('',#9869,.F.);
#9869 = EDGE_LOOP('',(#9870));
#9870 = ORIENTED_EDGE('',*,*,#9871,.T.);
#9871 = EDGE_CURVE('',#9872,#9872,#9874,.T.);
#9872 = VERTEX_POINT('',#9873);
#9873 = CARTESIAN_POINT('',(-15.725,6.661338147751E-16,0.));
#9874 = CIRCLE('',#9875,0.5);
#9875 = AXIS2_PLACEMENT_3D('',#9876,#9877,#9878);
#9876 = CARTESIAN_POINT('',(-15.725,0.5,0.));
#9877 = DIRECTION('',(-0.,0.,-1.));
#9878 = DIRECTION('',(3.5527136788E-15,-1.,-0.));
#9879 = FACE_BOUND('',#9880,.F.);
#9880 = EDGE_LOOP('',(#9881));
#9881 = ORIENTED_EDGE('',*,*,#9882,.T.);
#9882 = EDGE_CURVE('',#9883,#9883,#9885,.T.);
#9883 = VERTEX_POINT('',#9884);
#9884 = CARTESIAN_POINT('',(17.9,0.,0.));
#9885 = CIRCLE('',#9886,0.5);
#9886 = AXIS2_PLACEMENT_3D('',#9887,#9888,#9889);
#9887 = CARTESIAN_POINT('',(17.9,0.5,0.));
#9888 = DIRECTION('',(-0.,0.,-1.));
#9889 = DIRECTION('',(-0.,-1.,0.));
#9890 = PLANE('',#9891);
#9891 = AXIS2_PLACEMENT_3D('',#9892,#9893,#9894);
#9892 = CARTESIAN_POINT('',(0.,0.,0.));
#9893 = DIRECTION('',(0.,0.,1.));
#9894 = DIRECTION('',(1.,0.,-0.));
#9895 = ADVANCED_FACE('',(#9896,#10083,#10094,#10105,#10116),#10127,.T.
  );
#9896 = FACE_BOUND('',#9897,.T.);
#9897 = EDGE_LOOP('',(#9898,#9899,#9900,#9909,#9918,#9927,#9935,#9944,
    #9953,#9962,#9970,#9979,#9988,#9997,#10005,#10014,#10023,#10032,
    #10040,#10049,#10058,#10067,#10075,#10082));
#9898 = ORIENTED_EDGE('',*,*,#9566,.F.);
#9899 = ORIENTED_EDGE('',*,*,#9608,.F.);
#9900 = ORIENTED_EDGE('',*,*,#9901,.F.);
#9901 = EDGE_CURVE('',#9902,#9601,#9904,.T.);
#9902 = VERTEX_POINT('',#9903);
#9903 = CARTESIAN_POINT('',(-17.713078,10.230752,1.51));
#9904 = CIRCLE('',#9905,0.200010522755);
#9905 = AXIS2_PLACEMENT_3D('',#9906,#9907,#9908);
#9906 = CARTESIAN_POINT('',(-17.51544999032,10.199972477495,1.51));
#9907 = DIRECTION('',(0.,0.,-1.));
#9908 = DIRECTION('',(-0.988088061319,0.153889515816,0.));
#9909 = ORIENTED_EDGE('',*,*,#9910,.F.);
#9910 = EDGE_CURVE('',#9911,#9902,#9913,.T.);
#9911 = VERTEX_POINT('',#9912);
#9912 = CARTESIAN_POINT('',(-18.630752,9.313079,1.51));
#9913 = CIRCLE('',#9914,1.100018789087);
#9914 = AXIS2_PLACEMENT_3D('',#9915,#9916,#9917);
#9915 = CARTESIAN_POINT('',(-18.79999865298,10.399999837411,1.51));
#9916 = DIRECTION('',(0.,0.,1.));
#9917 = DIRECTION('',(0.153857965572,-0.988092974588,0.));
#9918 = ORIENTED_EDGE('',*,*,#9919,.F.);
#9919 = EDGE_CURVE('',#9920,#9911,#9922,.T.);
#9920 = VERTEX_POINT('',#9921);
#9921 = CARTESIAN_POINT('',(-18.799983,9.11546,1.51));
#9922 = CIRCLE('',#9923,0.199940992811);
#9923 = AXIS2_PLACEMENT_3D('',#9924,#9925,#9926);
#9924 = CARTESIAN_POINT('',(-18.60004201357,9.115510537588,1.51));
#9925 = DIRECTION('',(0.,0.,-1.));
#9926 = DIRECTION('',(-0.999999968056,-2.527625116408E-04,-0.));
#9927 = ORIENTED_EDGE('',*,*,#9928,.F.);
#9928 = EDGE_CURVE('',#9929,#9920,#9931,.T.);
#9929 = VERTEX_POINT('',#9930);
#9930 = CARTESIAN_POINT('',(-18.799983,-8.315494,1.51));
#9931 = LINE('',#9932,#9933);
#9932 = CARTESIAN_POINT('',(-18.799983,-8.315494,1.51));
#9933 = VECTOR('',#9934,1.);
#9934 = DIRECTION('',(0.,1.,0.));
#9935 = ORIENTED_EDGE('',*,*,#9936,.F.);
#9936 = EDGE_CURVE('',#9937,#9929,#9939,.T.);
#9937 = VERTEX_POINT('',#9938);
#9938 = CARTESIAN_POINT('',(-18.630752,-8.513113,1.51));
#9939 = CIRCLE('',#9940,0.20002834434);
#9940 = AXIS2_PLACEMENT_3D('',#9941,#9942,#9943);
#9941 = CARTESIAN_POINT('',(-18.59995465713,-8.31546972991,1.51));
#9942 = DIRECTION('',(0.,0.,-1.));
#9943 = DIRECTION('',(-0.153964894172,-0.988076318592,-0.));
#9944 = ORIENTED_EDGE('',*,*,#9945,.F.);
#9945 = EDGE_CURVE('',#9946,#9937,#9948,.T.);
#9946 = VERTEX_POINT('',#9947);
#9947 = CARTESIAN_POINT('',(-17.713078,-9.430786,1.51));
#9948 = CIRCLE('',#9949,1.100084042572);
#9949 = AXIS2_PLACEMENT_3D('',#9950,#9951,#9952);
#9950 = CARTESIAN_POINT('',(-18.80005579413,-9.600090978624,1.51));
#9951 = DIRECTION('',(0.,0.,1.));
#9952 = DIRECTION('',(0.988086138937,0.153901858469,-0.));
#9953 = ORIENTED_EDGE('',*,*,#9954,.F.);
#9954 = EDGE_CURVE('',#9955,#9946,#9957,.T.);
#9955 = VERTEX_POINT('',#9956);
#9956 = CARTESIAN_POINT('',(-17.51546,-9.600017,1.51));
#9957 = CIRCLE('',#9958,0.199981400301);
#9958 = AXIS2_PLACEMENT_3D('',#9959,#9960,#9961);
#9959 = CARTESIAN_POINT('',(-17.51547492972,-9.400035600256,1.51));
#9960 = DIRECTION('',(0.,0.,-1.));
#9961 = DIRECTION('',(7.465556899819E-05,-0.999999997213,0.));
#9962 = ORIENTED_EDGE('',*,*,#9963,.F.);
#9963 = EDGE_CURVE('',#9964,#9955,#9966,.T.);
#9964 = VERTEX_POINT('',#9965);
#9965 = CARTESIAN_POINT('',(-8.4506E-02,-9.600017,1.51));
#9966 = LINE('',#9967,#9968);
#9967 = CARTESIAN_POINT('',(-8.4506E-02,-9.600017,1.51));
#9968 = VECTOR('',#9969,1.);
#9969 = DIRECTION('',(-1.,0.,0.));
#9970 = ORIENTED_EDGE('',*,*,#9971,.F.);
#9971 = EDGE_CURVE('',#9972,#9964,#9974,.T.);
#9972 = VERTEX_POINT('',#9973);
#9973 = CARTESIAN_POINT('',(0.113113,-9.430786,1.51));
#9974 = CIRCLE('',#9975,0.200039657789);
#9975 = AXIS2_PLACEMENT_3D('',#9976,#9977,#9978);
#9976 = CARTESIAN_POINT('',(-8.453995715256E-02,-9.399977345093,1.51));
#9977 = DIRECTION('',(0.,0.,-1.));
#9978 = DIRECTION('',(0.988068862631,-0.154012735511,0.));
#9979 = ORIENTED_EDGE('',*,*,#9980,.F.);
#9980 = EDGE_CURVE('',#9981,#9972,#9983,.T.);
#9981 = VERTEX_POINT('',#9982);
#9982 = CARTESIAN_POINT('',(2.286922,-9.430786,1.51));
#9983 = CIRCLE('',#9984,1.100000099391);
#9984 = AXIS2_PLACEMENT_3D('',#9985,#9986,#9987);
#9985 = CARTESIAN_POINT('',(1.2000175,-9.600016099391,1.51));
#9986 = DIRECTION('',(0.,0.,1.));
#9987 = DIRECTION('',(0.98809491072,0.153845531,-0.));
#9988 = ORIENTED_EDGE('',*,*,#9989,.F.);
#9989 = EDGE_CURVE('',#9990,#9981,#9992,.T.);
#9990 = VERTEX_POINT('',#9991);
#9991 = CARTESIAN_POINT('',(2.48454,-9.600017,1.51));
#9992 = CIRCLE('',#9993,0.199981400301);
#9993 = AXIS2_PLACEMENT_3D('',#9994,#9995,#9996);
#9994 = CARTESIAN_POINT('',(2.484525070275,-9.400035600256,1.51));
#9995 = DIRECTION('',(0.,0.,-1.));
#9996 = DIRECTION('',(7.465556901818E-05,-0.999999997213,0.));
#9997 = ORIENTED_EDGE('',*,*,#9998,.F.);
#9998 = EDGE_CURVE('',#9999,#9990,#10001,.T.);
#9999 = VERTEX_POINT('',#10000);
#10000 = CARTESIAN_POINT('',(19.915494,-9.600017,1.51));
#10001 = LINE('',#10002,#10003);
#10002 = CARTESIAN_POINT('',(19.915494,-9.600017,1.51));
#10003 = VECTOR('',#10004,1.);
#10004 = DIRECTION('',(-1.,0.,0.));
#10005 = ORIENTED_EDGE('',*,*,#10006,.F.);
#10006 = EDGE_CURVE('',#10007,#9999,#10009,.T.);
#10007 = VERTEX_POINT('',#10008);
#10008 = CARTESIAN_POINT('',(20.113113,-9.430786,1.51));
#10009 = CIRCLE('',#10010,0.200124736891);
#10010 = AXIS2_PLACEMENT_3D('',#10011,#10012,#10013);
#10011 = CARTESIAN_POINT('',(19.915387207305,-9.399892291603,1.51));
#10012 = DIRECTION('',(0.,0.,-1.));
#10013 = DIRECTION('',(0.988012755282,-0.154372262403,0.));
#10014 = ORIENTED_EDGE('',*,*,#10015,.F.);
#10015 = EDGE_CURVE('',#10016,#10007,#10018,.T.);
#10016 = VERTEX_POINT('',#10017);
#10017 = CARTESIAN_POINT('',(21.030786,-8.513113,1.51));
#10018 = CIRCLE('',#10019,1.099977669218);
#10019 = AXIS2_PLACEMENT_3D('',#10020,#10021,#10022);
#10020 = CARTESIAN_POINT('',(21.199997669058,-9.599997669058,1.51));
#10021 = DIRECTION('',(0.,0.,1.));
#10022 = DIRECTION('',(-0.15383191295,0.988097030943,0.));
#10023 = ORIENTED_EDGE('',*,*,#10024,.F.);
#10024 = EDGE_CURVE('',#10025,#10016,#10027,.T.);
#10025 = VERTEX_POINT('',#10026);
#10026 = CARTESIAN_POINT('',(21.200017,-8.315494,1.51));
#10027 = CIRCLE('',#10028,0.199963247052);
#10028 = AXIS2_PLACEMENT_3D('',#10029,#10030,#10031);
#10029 = CARTESIAN_POINT('',(21.000053755426,-8.315525476824,1.51));
#10030 = DIRECTION('',(0.,0.,-1.));
#10031 = DIRECTION('',(0.999999987611,1.574130457894E-04,0.));
#10032 = ORIENTED_EDGE('',*,*,#10033,.F.);
#10033 = EDGE_CURVE('',#10034,#10025,#10036,.T.);
#10034 = VERTEX_POINT('',#10035);
#10035 = CARTESIAN_POINT('',(21.200017,9.11546,1.51));
#10036 = LINE('',#10037,#10038);
#10037 = CARTESIAN_POINT('',(21.200017,9.11546,1.51));
#10038 = VECTOR('',#10039,1.);
#10039 = DIRECTION('',(0.,-1.,0.));
#10040 = ORIENTED_EDGE('',*,*,#10041,.F.);
#10041 = EDGE_CURVE('',#10042,#10034,#10044,.T.);
#10042 = VERTEX_POINT('',#10043);
#10043 = CARTESIAN_POINT('',(21.030786,9.313079,1.51));
#10044 = CIRCLE('',#10045,0.199994760336);
#10045 = AXIS2_PLACEMENT_3D('',#10046,#10047,#10048);
#10046 = CARTESIAN_POINT('',(21.000022239715,9.11546448835,1.51));
#10047 = DIRECTION('',(0.,0.,-1.));
#10048 = DIRECTION('',(0.153822831326,0.988098444773,0.));
#10049 = ORIENTED_EDGE('',*,*,#10050,.F.);
#10050 = EDGE_CURVE('',#10051,#10042,#10053,.T.);
#10051 = VERTEX_POINT('',#10052);
#10052 = CARTESIAN_POINT('',(20.113113,10.230752,1.51));
#10053 = CIRCLE('',#10054,1.099918363234);
#10054 = AXIS2_PLACEMENT_3D('',#10055,#10056,#10057);
#10055 = CARTESIAN_POINT('',(21.199945733395,10.399911733395,1.51));
#10056 = DIRECTION('',(0.,0.,1.));
#10057 = DIRECTION('',(-0.988103089941,-0.153792989597,0.));
#10058 = ORIENTED_EDGE('',*,*,#10059,.F.);
#10059 = EDGE_CURVE('',#10060,#10051,#10062,.T.);
#10060 = VERTEX_POINT('',#10061);
#10061 = CARTESIAN_POINT('',(19.915494,10.399983,1.51));
#10062 = CIRCLE('',#10063,0.199923194854);
#10063 = AXIS2_PLACEMENT_3D('',#10064,#10065,#10066);
#10064 = CARTESIAN_POINT('',(19.915559782663,10.200059815968,1.51));
#10065 = DIRECTION('',(0.,0.,-1.));
#10066 = DIRECTION('',(-3.290396765867E-04,0.999999945866,0.));
#10067 = ORIENTED_EDGE('',*,*,#10068,.F.);
#10068 = EDGE_CURVE('',#10069,#10060,#10071,.T.);
#10069 = VERTEX_POINT('',#10070);
#10070 = CARTESIAN_POINT('',(2.48454,10.399983,1.51));
#10071 = LINE('',#10072,#10073);
#10072 = CARTESIAN_POINT('',(2.48454,10.399983,1.51));
#10073 = VECTOR('',#10074,1.);
#10074 = DIRECTION('',(1.,0.,0.));
#10075 = ORIENTED_EDGE('',*,*,#10076,.F.);
#10076 = EDGE_CURVE('',#9631,#10069,#10077,.T.);
#10077 = CIRCLE('',#10078,0.200010522755);
#10078 = AXIS2_PLACEMENT_3D('',#10079,#10080,#10081);
#10079 = CARTESIAN_POINT('',(2.484550009673,10.199972477495,1.51));
#10080 = DIRECTION('',(0.,0.,-1.));
#10081 = DIRECTION('',(-0.988088061319,0.153889515816,0.));
#10082 = ORIENTED_EDGE('',*,*,#9630,.F.);
#10083 = FACE_BOUND('',#10084,.T.);
#10084 = EDGE_LOOP('',(#10085));
#10085 = ORIENTED_EDGE('',*,*,#10086,.T.);
#10086 = EDGE_CURVE('',#10087,#10087,#10089,.T.);
#10087 = VERTEX_POINT('',#10088);
#10088 = CARTESIAN_POINT('',(-15.725,-2.5,1.51));
#10089 = CIRCLE('',#10090,0.5);
#10090 = AXIS2_PLACEMENT_3D('',#10091,#10092,#10093);
#10091 = CARTESIAN_POINT('',(-15.725,-2.,1.51));
#10092 = DIRECTION('',(-0.,0.,-1.));
#10093 = DIRECTION('',(3.5527136788E-15,-1.,-0.));
#10094 = FACE_BOUND('',#10095,.T.);
#10095 = EDGE_LOOP('',(#10096));
#10096 = ORIENTED_EDGE('',*,*,#10097,.T.);
#10097 = EDGE_CURVE('',#10098,#10098,#10100,.T.);
#10098 = VERTEX_POINT('',#10099);
#10099 = CARTESIAN_POINT('',(17.9,-2.5,1.51));
#10100 = CIRCLE('',#10101,0.5);
#10101 = AXIS2_PLACEMENT_3D('',#10102,#10103,#10104);
#10102 = CARTESIAN_POINT('',(17.9,-2.,1.51));
#10103 = DIRECTION('',(-0.,0.,-1.));
#10104 = DIRECTION('',(-0.,-1.,0.));
#10105 = FACE_BOUND('',#10106,.T.);
#10106 = EDGE_LOOP('',(#10107));
#10107 = ORIENTED_EDGE('',*,*,#10108,.T.);
#10108 = EDGE_CURVE('',#10109,#10109,#10111,.T.);
#10109 = VERTEX_POINT('',#10110);
#10110 = CARTESIAN_POINT('',(-15.725,6.661338147751E-16,1.51));
#10111 = CIRCLE('',#10112,0.5);
#10112 = AXIS2_PLACEMENT_3D('',#10113,#10114,#10115);
#10113 = CARTESIAN_POINT('',(-15.725,0.5,1.51));
#10114 = DIRECTION('',(-0.,0.,-1.));
#10115 = DIRECTION('',(3.5527136788E-15,-1.,-0.));
#10116 = FACE_BOUND('',#10117,.T.);
#10117 = EDGE_LOOP('',(#10118));
#10118 = ORIENTED_EDGE('',*,*,#10119,.T.);
#10119 = EDGE_CURVE('',#10120,#10120,#10122,.T.);
#10120 = VERTEX_POINT('',#10121);
#10121 = CARTESIAN_POINT('',(17.9,0.,1.51));
#10122 = CIRCLE('',#10123,0.5);
#10123 = AXIS2_PLACEMENT_3D('',#10124,#10125,#10126);
#10124 = CARTESIAN_POINT('',(17.9,0.5,1.51));
#10125 = DIRECTION('',(-0.,0.,-1.));
#10126 = DIRECTION('',(-0.,-1.,0.));
#10127 = PLANE('',#10128);
#10128 = AXIS2_PLACEMENT_3D('',#10129,#10130,#10131);
#10129 = CARTESIAN_POINT('',(0.,0.,1.51));
#10130 = DIRECTION('',(0.,0.,1.));
#10131 = DIRECTION('',(1.,0.,-0.));
#10132 = ADVANCED_FACE('',(#10133),#10144,.T.);
#10133 = FACE_BOUND('',#10134,.T.);
#10134 = EDGE_LOOP('',(#10135,#10141,#10142,#10143));
#10135 = ORIENTED_EDGE('',*,*,#10136,.T.);
#10136 = EDGE_CURVE('',#9665,#9902,#10137,.T.);
#10137 = LINE('',#10138,#10139);
#10138 = CARTESIAN_POINT('',(-17.713078,10.230752,0.));
#10139 = VECTOR('',#10140,1.);
#10140 = DIRECTION('',(0.,0.,1.));
#10141 = ORIENTED_EDGE('',*,*,#9901,.T.);
#10142 = ORIENTED_EDGE('',*,*,#9598,.F.);
#10143 = ORIENTED_EDGE('',*,*,#9664,.F.);
#10144 = CYLINDRICAL_SURFACE('',#10145,0.200010522755);
#10145 = AXIS2_PLACEMENT_3D('',#10146,#10147,#10148);
#10146 = CARTESIAN_POINT('',(-17.51544999032,10.199972477495,0.));
#10147 = DIRECTION('',(0.,0.,-1.));
#10148 = DIRECTION('',(-0.988088061319,0.153889515816,0.));
#10149 = ADVANCED_FACE('',(#10150),#10161,.T.);
#10150 = FACE_BOUND('',#10151,.T.);
#10151 = EDGE_LOOP('',(#10152,#10153,#10154,#10160));
#10152 = ORIENTED_EDGE('',*,*,#9639,.T.);
#10153 = ORIENTED_EDGE('',*,*,#10076,.T.);
#10154 = ORIENTED_EDGE('',*,*,#10155,.F.);
#10155 = EDGE_CURVE('',#9832,#10069,#10156,.T.);
#10156 = LINE('',#10157,#10158);
#10157 = CARTESIAN_POINT('',(2.48454,10.399983,0.));
#10158 = VECTOR('',#10159,1.);
#10159 = DIRECTION('',(0.,0.,1.));
#10160 = ORIENTED_EDGE('',*,*,#9839,.F.);
#10161 = CYLINDRICAL_SURFACE('',#10162,0.200010522755);
#10162 = AXIS2_PLACEMENT_3D('',#10163,#10164,#10165);
#10163 = CARTESIAN_POINT('',(2.484550009673,10.199972477495,0.));
#10164 = DIRECTION('',(0.,0.,-1.));
#10165 = DIRECTION('',(-0.988088061319,0.153889515816,0.));
#10166 = ADVANCED_FACE('',(#10167),#10178,.F.);
#10167 = FACE_BOUND('',#10168,.T.);
#10168 = EDGE_LOOP('',(#10169,#10175,#10176,#10177));
#10169 = ORIENTED_EDGE('',*,*,#10170,.T.);
#10170 = EDGE_CURVE('',#9674,#9911,#10171,.T.);
#10171 = LINE('',#10172,#10173);
#10172 = CARTESIAN_POINT('',(-18.630752,9.313079,0.));
#10173 = VECTOR('',#10174,1.);
#10174 = DIRECTION('',(0.,0.,1.));
#10175 = ORIENTED_EDGE('',*,*,#9910,.T.);
#10176 = ORIENTED_EDGE('',*,*,#10136,.F.);
#10177 = ORIENTED_EDGE('',*,*,#9673,.F.);
#10178 = CYLINDRICAL_SURFACE('',#10179,1.100018789087);
#10179 = AXIS2_PLACEMENT_3D('',#10180,#10181,#10182);
#10180 = CARTESIAN_POINT('',(-18.79999865298,10.399999837411,0.));
#10181 = DIRECTION('',(-0.,-0.,-1.));
#10182 = DIRECTION('',(0.153857965572,-0.988092974588,0.));
#10183 = ADVANCED_FACE('',(#10184),#10195,.T.);
#10184 = FACE_BOUND('',#10185,.T.);
#10185 = EDGE_LOOP('',(#10186,#10187,#10188,#10194));
#10186 = ORIENTED_EDGE('',*,*,#10155,.T.);
#10187 = ORIENTED_EDGE('',*,*,#10068,.T.);
#10188 = ORIENTED_EDGE('',*,*,#10189,.F.);
#10189 = EDGE_CURVE('',#9823,#10060,#10190,.T.);
#10190 = LINE('',#10191,#10192);
#10191 = CARTESIAN_POINT('',(19.915494,10.399983,0.));
#10192 = VECTOR('',#10193,1.);
#10193 = DIRECTION('',(0.,0.,1.));
#10194 = ORIENTED_EDGE('',*,*,#9831,.F.);
#10195 = PLANE('',#10196);
#10196 = AXIS2_PLACEMENT_3D('',#10197,#10198,#10199);
#10197 = CARTESIAN_POINT('',(2.48454,10.399983,0.));
#10198 = DIRECTION('',(0.,1.,0.));
#10199 = DIRECTION('',(1.,0.,0.));
#10200 = ADVANCED_FACE('',(#10201),#10212,.T.);
#10201 = FACE_BOUND('',#10202,.T.);
#10202 = EDGE_LOOP('',(#10203,#10209,#10210,#10211));
#10203 = ORIENTED_EDGE('',*,*,#10204,.T.);
#10204 = EDGE_CURVE('',#9683,#9920,#10205,.T.);
#10205 = LINE('',#10206,#10207);
#10206 = CARTESIAN_POINT('',(-18.799983,9.11546,0.));
#10207 = VECTOR('',#10208,1.);
#10208 = DIRECTION('',(0.,0.,1.));
#10209 = ORIENTED_EDGE('',*,*,#9919,.T.);
#10210 = ORIENTED_EDGE('',*,*,#10170,.F.);
#10211 = ORIENTED_EDGE('',*,*,#9682,.F.);
#10212 = CYLINDRICAL_SURFACE('',#10213,0.199940992811);
#10213 = AXIS2_PLACEMENT_3D('',#10214,#10215,#10216);
#10214 = CARTESIAN_POINT('',(-18.60004201357,9.115510537588,0.));
#10215 = DIRECTION('',(0.,0.,-1.));
#10216 = DIRECTION('',(-0.999999968056,-2.527625116408E-04,-0.));
#10217 = ADVANCED_FACE('',(#10218),#10229,.T.);
#10218 = FACE_BOUND('',#10219,.T.);
#10219 = EDGE_LOOP('',(#10220,#10221,#10222,#10228));
#10220 = ORIENTED_EDGE('',*,*,#10189,.T.);
#10221 = ORIENTED_EDGE('',*,*,#10059,.T.);
#10222 = ORIENTED_EDGE('',*,*,#10223,.F.);
#10223 = EDGE_CURVE('',#9814,#10051,#10224,.T.);
#10224 = LINE('',#10225,#10226);
#10225 = CARTESIAN_POINT('',(20.113113,10.230752,0.));
#10226 = VECTOR('',#10227,1.);
#10227 = DIRECTION('',(0.,0.,1.));
#10228 = ORIENTED_EDGE('',*,*,#9822,.F.);
#10229 = CYLINDRICAL_SURFACE('',#10230,0.199923194854);
#10230 = AXIS2_PLACEMENT_3D('',#10231,#10232,#10233);
#10231 = CARTESIAN_POINT('',(19.915559782663,10.200059815968,0.));
#10232 = DIRECTION('',(0.,0.,-1.));
#10233 = DIRECTION('',(-3.290396765867E-04,0.999999945866,0.));
#10234 = ADVANCED_FACE('',(#10235),#10246,.T.);
#10235 = FACE_BOUND('',#10236,.T.);
#10236 = EDGE_LOOP('',(#10237,#10243,#10244,#10245));
#10237 = ORIENTED_EDGE('',*,*,#10238,.T.);
#10238 = EDGE_CURVE('',#9692,#9929,#10239,.T.);
#10239 = LINE('',#10240,#10241);
#10240 = CARTESIAN_POINT('',(-18.799983,-8.315494,0.));
#10241 = VECTOR('',#10242,1.);
#10242 = DIRECTION('',(0.,0.,1.));
#10243 = ORIENTED_EDGE('',*,*,#9928,.T.);
#10244 = ORIENTED_EDGE('',*,*,#10204,.F.);
#10245 = ORIENTED_EDGE('',*,*,#9691,.F.);
#10246 = PLANE('',#10247);
#10247 = AXIS2_PLACEMENT_3D('',#10248,#10249,#10250);
#10248 = CARTESIAN_POINT('',(-18.799983,-8.315494,0.));
#10249 = DIRECTION('',(-1.,0.,0.));
#10250 = DIRECTION('',(0.,1.,0.));
#10251 = ADVANCED_FACE('',(#10252),#10263,.F.);
#10252 = FACE_BOUND('',#10253,.T.);
#10253 = EDGE_LOOP('',(#10254,#10255,#10256,#10262));
#10254 = ORIENTED_EDGE('',*,*,#10223,.T.);
#10255 = ORIENTED_EDGE('',*,*,#10050,.T.);
#10256 = ORIENTED_EDGE('',*,*,#10257,.F.);
#10257 = EDGE_CURVE('',#9805,#10042,#10258,.T.);
#10258 = LINE('',#10259,#10260);
#10259 = CARTESIAN_POINT('',(21.030786,9.313079,0.));
#10260 = VECTOR('',#10261,1.);
#10261 = DIRECTION('',(0.,0.,1.));
#10262 = ORIENTED_EDGE('',*,*,#9813,.F.);
#10263 = CYLINDRICAL_SURFACE('',#10264,1.099918363234);
#10264 = AXIS2_PLACEMENT_3D('',#10265,#10266,#10267);
#10265 = CARTESIAN_POINT('',(21.199945733395,10.399911733395,0.));
#10266 = DIRECTION('',(-0.,-0.,-1.));
#10267 = DIRECTION('',(-0.988103089941,-0.153792989597,0.));
#10268 = ADVANCED_FACE('',(#10269),#10280,.T.);
#10269 = FACE_BOUND('',#10270,.T.);
#10270 = EDGE_LOOP('',(#10271,#10277,#10278,#10279));
#10271 = ORIENTED_EDGE('',*,*,#10272,.T.);
#10272 = EDGE_CURVE('',#9700,#9937,#10273,.T.);
#10273 = LINE('',#10274,#10275);
#10274 = CARTESIAN_POINT('',(-18.630752,-8.513113,0.));
#10275 = VECTOR('',#10276,1.);
#10276 = DIRECTION('',(0.,0.,1.));
#10277 = ORIENTED_EDGE('',*,*,#9936,.T.);
#10278 = ORIENTED_EDGE('',*,*,#10238,.F.);
#10279 = ORIENTED_EDGE('',*,*,#9699,.F.);
#10280 = CYLINDRICAL_SURFACE('',#10281,0.20002834434);
#10281 = AXIS2_PLACEMENT_3D('',#10282,#10283,#10284);
#10282 = CARTESIAN_POINT('',(-18.59995465713,-8.31546972991,0.));
#10283 = DIRECTION('',(0.,0.,-1.));
#10284 = DIRECTION('',(-0.153964894172,-0.988076318592,-0.));
#10285 = ADVANCED_FACE('',(#10286),#10297,.T.);
#10286 = FACE_BOUND('',#10287,.T.);
#10287 = EDGE_LOOP('',(#10288,#10289,#10290,#10296));
#10288 = ORIENTED_EDGE('',*,*,#10257,.T.);
#10289 = ORIENTED_EDGE('',*,*,#10041,.T.);
#10290 = ORIENTED_EDGE('',*,*,#10291,.F.);
#10291 = EDGE_CURVE('',#9797,#10034,#10292,.T.);
#10292 = LINE('',#10293,#10294);
#10293 = CARTESIAN_POINT('',(21.200017,9.11546,0.));
#10294 = VECTOR('',#10295,1.);
#10295 = DIRECTION('',(0.,0.,1.));
#10296 = ORIENTED_EDGE('',*,*,#9804,.F.);
#10297 = CYLINDRICAL_SURFACE('',#10298,0.199994760336);
#10298 = AXIS2_PLACEMENT_3D('',#10299,#10300,#10301);
#10299 = CARTESIAN_POINT('',(21.000022239715,9.11546448835,0.));
#10300 = DIRECTION('',(0.,0.,-1.));
#10301 = DIRECTION('',(0.153822831326,0.988098444773,0.));
#10302 = ADVANCED_FACE('',(#10303),#10314,.F.);
#10303 = FACE_BOUND('',#10304,.T.);
#10304 = EDGE_LOOP('',(#10305,#10311,#10312,#10313));
#10305 = ORIENTED_EDGE('',*,*,#10306,.T.);
#10306 = EDGE_CURVE('',#9709,#9946,#10307,.T.);
#10307 = LINE('',#10308,#10309);
#10308 = CARTESIAN_POINT('',(-17.713078,-9.430786,0.));
#10309 = VECTOR('',#10310,1.);
#10310 = DIRECTION('',(0.,0.,1.));
#10311 = ORIENTED_EDGE('',*,*,#9945,.T.);
#10312 = ORIENTED_EDGE('',*,*,#10272,.F.);
#10313 = ORIENTED_EDGE('',*,*,#9708,.F.);
#10314 = CYLINDRICAL_SURFACE('',#10315,1.100084042572);
#10315 = AXIS2_PLACEMENT_3D('',#10316,#10317,#10318);
#10316 = CARTESIAN_POINT('',(-18.80005579413,-9.600090978624,0.));
#10317 = DIRECTION('',(-0.,-0.,-1.));
#10318 = DIRECTION('',(0.988086138937,0.153901858469,-0.));
#10319 = ADVANCED_FACE('',(#10320),#10331,.T.);
#10320 = FACE_BOUND('',#10321,.T.);
#10321 = EDGE_LOOP('',(#10322,#10323,#10324,#10330));
#10322 = ORIENTED_EDGE('',*,*,#10291,.T.);
#10323 = ORIENTED_EDGE('',*,*,#10033,.T.);
#10324 = ORIENTED_EDGE('',*,*,#10325,.F.);
#10325 = EDGE_CURVE('',#9788,#10025,#10326,.T.);
#10326 = LINE('',#10327,#10328);
#10327 = CARTESIAN_POINT('',(21.200017,-8.315494,0.));
#10328 = VECTOR('',#10329,1.);
#10329 = DIRECTION('',(0.,0.,1.));
#10330 = ORIENTED_EDGE('',*,*,#9796,.F.);
#10331 = PLANE('',#10332);
#10332 = AXIS2_PLACEMENT_3D('',#10333,#10334,#10335);
#10333 = CARTESIAN_POINT('',(21.200017,9.11546,0.));
#10334 = DIRECTION('',(1.,0.,-0.));
#10335 = DIRECTION('',(0.,-1.,0.));
#10336 = ADVANCED_FACE('',(#10337),#10348,.T.);
#10337 = FACE_BOUND('',#10338,.T.);
#10338 = EDGE_LOOP('',(#10339,#10345,#10346,#10347));
#10339 = ORIENTED_EDGE('',*,*,#10340,.T.);
#10340 = EDGE_CURVE('',#9718,#9955,#10341,.T.);
#10341 = LINE('',#10342,#10343);
#10342 = CARTESIAN_POINT('',(-17.51546,-9.600017,0.));
#10343 = VECTOR('',#10344,1.);
#10344 = DIRECTION('',(0.,0.,1.));
#10345 = ORIENTED_EDGE('',*,*,#9954,.T.);
#10346 = ORIENTED_EDGE('',*,*,#10306,.F.);
#10347 = ORIENTED_EDGE('',*,*,#9717,.F.);
#10348 = CYLINDRICAL_SURFACE('',#10349,0.199981400301);
#10349 = AXIS2_PLACEMENT_3D('',#10350,#10351,#10352);
#10350 = CARTESIAN_POINT('',(-17.51547492972,-9.400035600256,0.));
#10351 = DIRECTION('',(0.,0.,-1.));
#10352 = DIRECTION('',(7.465556899819E-05,-0.999999997213,0.));
#10353 = ADVANCED_FACE('',(#10354),#10365,.T.);
#10354 = FACE_BOUND('',#10355,.T.);
#10355 = EDGE_LOOP('',(#10356,#10357,#10358,#10364));
#10356 = ORIENTED_EDGE('',*,*,#10325,.T.);
#10357 = ORIENTED_EDGE('',*,*,#10024,.T.);
#10358 = ORIENTED_EDGE('',*,*,#10359,.F.);
#10359 = EDGE_CURVE('',#9779,#10016,#10360,.T.);
#10360 = LINE('',#10361,#10362);
#10361 = CARTESIAN_POINT('',(21.030786,-8.513113,0.));
#10362 = VECTOR('',#10363,1.);
#10363 = DIRECTION('',(0.,0.,1.));
#10364 = ORIENTED_EDGE('',*,*,#9787,.F.);
#10365 = CYLINDRICAL_SURFACE('',#10366,0.199963247052);
#10366 = AXIS2_PLACEMENT_3D('',#10367,#10368,#10369);
#10367 = CARTESIAN_POINT('',(21.000053755426,-8.315525476824,0.));
#10368 = DIRECTION('',(0.,0.,-1.));
#10369 = DIRECTION('',(0.999999987611,1.574130457894E-04,0.));
#10370 = ADVANCED_FACE('',(#10371),#10382,.T.);
#10371 = FACE_BOUND('',#10372,.T.);
#10372 = EDGE_LOOP('',(#10373,#10379,#10380,#10381));
#10373 = ORIENTED_EDGE('',*,*,#10374,.T.);
#10374 = EDGE_CURVE('',#9727,#9964,#10375,.T.);
#10375 = LINE('',#10376,#10377);
#10376 = CARTESIAN_POINT('',(-8.4506E-02,-9.600017,0.));
#10377 = VECTOR('',#10378,1.);
#10378 = DIRECTION('',(0.,0.,1.));
#10379 = ORIENTED_EDGE('',*,*,#9963,.T.);
#10380 = ORIENTED_EDGE('',*,*,#10340,.F.);
#10381 = ORIENTED_EDGE('',*,*,#9726,.F.);
#10382 = PLANE('',#10383);
#10383 = AXIS2_PLACEMENT_3D('',#10384,#10385,#10386);
#10384 = CARTESIAN_POINT('',(-8.4506E-02,-9.600017,0.));
#10385 = DIRECTION('',(0.,-1.,0.));
#10386 = DIRECTION('',(-1.,0.,0.));
#10387 = ADVANCED_FACE('',(#10388),#10399,.F.);
#10388 = FACE_BOUND('',#10389,.T.);
#10389 = EDGE_LOOP('',(#10390,#10391,#10392,#10398));
#10390 = ORIENTED_EDGE('',*,*,#10359,.T.);
#10391 = ORIENTED_EDGE('',*,*,#10015,.T.);
#10392 = ORIENTED_EDGE('',*,*,#10393,.F.);
#10393 = EDGE_CURVE('',#9770,#10007,#10394,.T.);
#10394 = LINE('',#10395,#10396);
#10395 = CARTESIAN_POINT('',(20.113113,-9.430786,0.));
#10396 = VECTOR('',#10397,1.);
#10397 = DIRECTION('',(0.,0.,1.));
#10398 = ORIENTED_EDGE('',*,*,#9778,.F.);
#10399 = CYLINDRICAL_SURFACE('',#10400,1.099977669218);
#10400 = AXIS2_PLACEMENT_3D('',#10401,#10402,#10403);
#10401 = CARTESIAN_POINT('',(21.199997669058,-9.599997669058,0.));
#10402 = DIRECTION('',(-0.,-0.,-1.));
#10403 = DIRECTION('',(-0.15383191295,0.988097030943,0.));
#10404 = ADVANCED_FACE('',(#10405),#10416,.T.);
#10405 = FACE_BOUND('',#10406,.T.);
#10406 = EDGE_LOOP('',(#10407,#10413,#10414,#10415));
#10407 = ORIENTED_EDGE('',*,*,#10408,.T.);
#10408 = EDGE_CURVE('',#9735,#9972,#10409,.T.);
#10409 = LINE('',#10410,#10411);
#10410 = CARTESIAN_POINT('',(0.113113,-9.430786,0.));
#10411 = VECTOR('',#10412,1.);
#10412 = DIRECTION('',(0.,0.,1.));
#10413 = ORIENTED_EDGE('',*,*,#9971,.T.);
#10414 = ORIENTED_EDGE('',*,*,#10374,.F.);
#10415 = ORIENTED_EDGE('',*,*,#9734,.F.);
#10416 = CYLINDRICAL_SURFACE('',#10417,0.200039657789);
#10417 = AXIS2_PLACEMENT_3D('',#10418,#10419,#10420);
#10418 = CARTESIAN_POINT('',(-8.453995715256E-02,-9.399977345093,0.));
#10419 = DIRECTION('',(0.,0.,-1.));
#10420 = DIRECTION('',(0.988068862631,-0.154012735511,0.));
#10421 = ADVANCED_FACE('',(#10422),#10433,.T.);
#10422 = FACE_BOUND('',#10423,.T.);
#10423 = EDGE_LOOP('',(#10424,#10425,#10426,#10432));
#10424 = ORIENTED_EDGE('',*,*,#10393,.T.);
#10425 = ORIENTED_EDGE('',*,*,#10006,.T.);
#10426 = ORIENTED_EDGE('',*,*,#10427,.F.);
#10427 = EDGE_CURVE('',#9762,#9999,#10428,.T.);
#10428 = LINE('',#10429,#10430);
#10429 = CARTESIAN_POINT('',(19.915494,-9.600017,0.));
#10430 = VECTOR('',#10431,1.);
#10431 = DIRECTION('',(0.,0.,1.));
#10432 = ORIENTED_EDGE('',*,*,#9769,.F.);
#10433 = CYLINDRICAL_SURFACE('',#10434,0.200124736891);
#10434 = AXIS2_PLACEMENT_3D('',#10435,#10436,#10437);
#10435 = CARTESIAN_POINT('',(19.915387207305,-9.399892291603,0.));
#10436 = DIRECTION('',(0.,0.,-1.));
#10437 = DIRECTION('',(0.988012755282,-0.154372262403,0.));
#10438 = ADVANCED_FACE('',(#10439),#10450,.F.);
#10439 = FACE_BOUND('',#10440,.T.);
#10440 = EDGE_LOOP('',(#10441,#10447,#10448,#10449));
#10441 = ORIENTED_EDGE('',*,*,#10442,.T.);
#10442 = EDGE_CURVE('',#9744,#9981,#10443,.T.);
#10443 = LINE('',#10444,#10445);
#10444 = CARTESIAN_POINT('',(2.286922,-9.430786,0.));
#10445 = VECTOR('',#10446,1.);
#10446 = DIRECTION('',(0.,0.,1.));
#10447 = ORIENTED_EDGE('',*,*,#9980,.T.);
#10448 = ORIENTED_EDGE('',*,*,#10408,.F.);
#10449 = ORIENTED_EDGE('',*,*,#9743,.F.);
#10450 = CYLINDRICAL_SURFACE('',#10451,1.100000099391);
#10451 = AXIS2_PLACEMENT_3D('',#10452,#10453,#10454);
#10452 = CARTESIAN_POINT('',(1.2000175,-9.600016099391,0.));
#10453 = DIRECTION('',(-0.,-0.,-1.));
#10454 = DIRECTION('',(0.98809491072,0.153845531,-0.));
#10455 = ADVANCED_FACE('',(#10456),#10467,.T.);
#10456 = FACE_BOUND('',#10457,.T.);
#10457 = EDGE_LOOP('',(#10458,#10459,#10460,#10466));
#10458 = ORIENTED_EDGE('',*,*,#10427,.T.);
#10459 = ORIENTED_EDGE('',*,*,#9998,.T.);
#10460 = ORIENTED_EDGE('',*,*,#10461,.F.);
#10461 = EDGE_CURVE('',#9753,#9990,#10462,.T.);
#10462 = LINE('',#10463,#10464);
#10463 = CARTESIAN_POINT('',(2.48454,-9.600017,0.));
#10464 = VECTOR('',#10465,1.);
#10465 = DIRECTION('',(0.,0.,1.));
#10466 = ORIENTED_EDGE('',*,*,#9761,.F.);
#10467 = PLANE('',#10468);
#10468 = AXIS2_PLACEMENT_3D('',#10469,#10470,#10471);
#10469 = CARTESIAN_POINT('',(19.915494,-9.600017,0.));
#10470 = DIRECTION('',(0.,-1.,0.));
#10471 = DIRECTION('',(-1.,0.,0.));
#10472 = ADVANCED_FACE('',(#10473),#10479,.T.);
#10473 = FACE_BOUND('',#10474,.T.);
#10474 = EDGE_LOOP('',(#10475,#10476,#10477,#10478));
#10475 = ORIENTED_EDGE('',*,*,#10461,.T.);
#10476 = ORIENTED_EDGE('',*,*,#9989,.T.);
#10477 = ORIENTED_EDGE('',*,*,#10442,.F.);
#10478 = ORIENTED_EDGE('',*,*,#9752,.F.);
#10479 = CYLINDRICAL_SURFACE('',#10480,0.199981400301);
#10480 = AXIS2_PLACEMENT_3D('',#10481,#10482,#10483);
#10481 = CARTESIAN_POINT('',(2.484525070275,-9.400035600256,0.));
#10482 = DIRECTION('',(0.,0.,-1.));
#10483 = DIRECTION('',(7.465556901818E-05,-0.999999997213,0.));
#10484 = ADVANCED_FACE('',(#10485),#10496,.F.);
#10485 = FACE_BOUND('',#10486,.T.);
#10486 = EDGE_LOOP('',(#10487,#10488,#10494,#10495));
#10487 = ORIENTED_EDGE('',*,*,#9849,.T.);
#10488 = ORIENTED_EDGE('',*,*,#10489,.T.);
#10489 = EDGE_CURVE('',#9850,#10087,#10490,.T.);
#10490 = LINE('',#10491,#10492);
#10491 = CARTESIAN_POINT('',(-15.725,-2.5,-4.6E-02));
#10492 = VECTOR('',#10493,1.);
#10493 = DIRECTION('',(0.,0.,1.));
#10494 = ORIENTED_EDGE('',*,*,#10086,.F.);
#10495 = ORIENTED_EDGE('',*,*,#10489,.F.);
#10496 = CYLINDRICAL_SURFACE('',#10497,0.5);
#10497 = AXIS2_PLACEMENT_3D('',#10498,#10499,#10500);
#10498 = CARTESIAN_POINT('',(-15.725,-2.,-4.6E-02));
#10499 = DIRECTION('',(-0.,0.,-1.));
#10500 = DIRECTION('',(3.5527136788E-15,-1.,-0.));
#10501 = ADVANCED_FACE('',(#10502),#10513,.F.);
#10502 = FACE_BOUND('',#10503,.T.);
#10503 = EDGE_LOOP('',(#10504,#10505,#10511,#10512));
#10504 = ORIENTED_EDGE('',*,*,#9860,.T.);
#10505 = ORIENTED_EDGE('',*,*,#10506,.T.);
#10506 = EDGE_CURVE('',#9861,#10098,#10507,.T.);
#10507 = LINE('',#10508,#10509);
#10508 = CARTESIAN_POINT('',(17.9,-2.5,-4.6E-02));
#10509 = VECTOR('',#10510,1.);
#10510 = DIRECTION('',(0.,0.,1.));
#10511 = ORIENTED_EDGE('',*,*,#10097,.F.);
#10512 = ORIENTED_EDGE('',*,*,#10506,.F.);
#10513 = CYLINDRICAL_SURFACE('',#10514,0.5);
#10514 = AXIS2_PLACEMENT_3D('',#10515,#10516,#10517);
#10515 = CARTESIAN_POINT('',(17.9,-2.,-4.6E-02));
#10516 = DIRECTION('',(-0.,-0.,-1.));
#10517 = DIRECTION('',(-0.,-1.,0.));
#10518 = ADVANCED_FACE('',(#10519),#10530,.F.);
#10519 = FACE_BOUND('',#10520,.T.);
#10520 = EDGE_LOOP('',(#10521,#10522,#10528,#10529));
#10521 = ORIENTED_EDGE('',*,*,#9871,.T.);
#10522 = ORIENTED_EDGE('',*,*,#10523,.T.);
#10523 = EDGE_CURVE('',#9872,#10109,#10524,.T.);
#10524 = LINE('',#10525,#10526);
#10525 = CARTESIAN_POINT('',(-15.725,6.661338147751E-16,-4.6E-02));
#10526 = VECTOR('',#10527,1.);
#10527 = DIRECTION('',(0.,0.,1.));
#10528 = ORIENTED_EDGE('',*,*,#10108,.F.);
#10529 = ORIENTED_EDGE('',*,*,#10523,.F.);
#10530 = CYLINDRICAL_SURFACE('',#10531,0.5);
#10531 = AXIS2_PLACEMENT_3D('',#10532,#10533,#10534);
#10532 = CARTESIAN_POINT('',(-15.725,0.5,-4.6E-02));
#10533 = DIRECTION('',(-0.,0.,-1.));
#10534 = DIRECTION('',(3.5527136788E-15,-1.,-0.));
#10535 = ADVANCED_FACE('',(#10536),#10547,.F.);
#10536 = FACE_BOUND('',#10537,.T.);
#10537 = EDGE_LOOP('',(#10538,#10539,#10545,#10546));
#10538 = ORIENTED_EDGE('',*,*,#9882,.T.);
#10539 = ORIENTED_EDGE('',*,*,#10540,.T.);
#10540 = EDGE_CURVE('',#9883,#10120,#10541,.T.);
#10541 = LINE('',#10542,#10543);
#10542 = CARTESIAN_POINT('',(17.9,0.,-4.6E-02));
#10543 = VECTOR('',#10544,1.);
#10544 = DIRECTION('',(0.,0.,1.));
#10545 = ORIENTED_EDGE('',*,*,#10119,.F.);
#10546 = ORIENTED_EDGE('',*,*,#10540,.F.);
#10547 = CYLINDRICAL_SURFACE('',#10548,0.5);
#10548 = AXIS2_PLACEMENT_3D('',#10549,#10550,#10551);
#10549 = CARTESIAN_POINT('',(17.9,0.5,-4.6E-02));
#10550 = DIRECTION('',(-0.,-0.,-1.));
#10551 = DIRECTION('',(-0.,-1.,0.));
#10552 = ( GEOMETRIC_REPRESENTATION_CONTEXT(3) 
GLOBAL_UNCERTAINTY_ASSIGNED_CONTEXT((#10556)) 
GLOBAL_UNIT_ASSIGNED_CONTEXT((#10553,#10554,#10555)) 
REPRESENTATION_CONTEXT('Context #1',
  '3D Context with UNIT and UNCERTAINTY') );
#10553 = ( LENGTH_UNIT() NAMED_UNIT(*) SI_UNIT(.MILLI.,.METRE.) );
#10554 = ( NAMED_UNIT(*) PLANE_ANGLE_UNIT() SI_UNIT($,.RADIAN.) );
#10555 = ( NAMED_UNIT(*) SI_UNIT($,.STERADIAN.) SOLID_ANGLE_UNIT() );
#10556 = UNCERTAINTY_MEASURE_WITH_UNIT(LENGTH_MEASURE(1.E-07),#10553,
  'distance_accuracy_value','confusion accuracy');
#10557 = CONTEXT_DEPENDENT_SHAPE_REPRESENTATION(#10558,#10560);
#10558 = ( REPRESENTATION_RELATIONSHIP('','',#9549,#10) 
REPRESENTATION_RELATIONSHIP_WITH_TRANSFORMATION(#10559) 
SHAPE_REPRESENTATION_RELATIONSHIP() );
#10559 = ITEM_DEFINED_TRANSFORMATION('','',#11,#59);
#10560 = PRODUCT_DEFINITION_SHAPE('Placement','Placement of an item',
  #10561);
#10561 = NEXT_ASSEMBLY_USAGE_OCCURRENCE('12','=>[0:1:1:9]','',#5,#9544,$
  );
#10562 = PRODUCT_RELATED_PRODUCT_CATEGORY('part',$,(#9546));
#10563 = MECHANICAL_DESIGN_GEOMETRIC_PRESENTATION_REPRESENTATION('',(
    #10564),#10552);
#10564 = STYLED_ITEM('color',(#10565),#9550);
#10565 = PRESENTATION_STYLE_ASSIGNMENT((#10566));
#10566 = SURFACE_STYLE_USAGE(.BOTH.,#10567);
#10567 = SURFACE_SIDE_STYLE('',(#10568));
#10568 = SURFACE_STYLE_FILL_AREA(#10569);
#10569 = FILL_AREA_STYLE('',(#10570));
#10570 = FILL_AREA_STYLE_COLOUR('',#10571);
#10571 = COLOUR_RGB('',0.313304153717,0.484529207832,0.410020903123);
ENDSEC;
END-ISO-10303-21;
